id,client,method,path,frontend_source,consumer_import_evidence,enablement,go_router_source,java_controller_source,status,status_basis,auth_tenant,request_encoding,required_types,arrays,dates_timezone,pagination,money,null_missing_zero,enums_ids,http_business_code,side_effects,tests,acceptance
T01-001,uniapp,POST,/app-api/member/auth/login,sheep/api/member/auth.js:7,pages/public/setting.vue;sheep/components/s-auth-modal/components/account-login.vue;sheep/components/s-auth-modal/components/sms-login.vue;sheep/platform/provider/alipay/miniProgram.js;sheep/platform/provider/wechat/miniProgram.js;sheep/platform/provider/wechat/officialAccount.js,candidate first-phase; runtime menus/config unverified,internal/api/router/app.go:29,yudao-module-member/src/main/java/cn/iocoder/yudao/module/member/controller/app/auth/AppAuthController.java:45,部分对齐,Route registered only; DTO/binding/auth/behavior NOT accepted,Go group middleware: ; inline middleware: see registration; global tenant middleware NOT acceptance; wire-contract.md,Java @RequestBody JSON,public CommonResult<AppAuthLoginRespVO> login(@RequestBody @Valid AppAuthLoginReqVO reqVO); VO annotations: fields.json (inheritance unresolved),Endpoint-specific; settlement indexed dotted keys; other serializers require wire capture,Java LocalDateTime epoch ms uses JVM system zone; Go AppTradeOrder uses JsonDateTime ms while admin TradeOrderBase uses time.Time; field-by-field review pending,For page: pageNo/pageSize -> data.list/data.total; defaults/empty list pending runtime,Integer fen where annotated 分 in VO; never infer every numeric field is money,Distinct; per-endpoint verification pending; see edge cases,Preserve Java/Go declarations; safe-integer boundary pending wire decision,CommonResult code/msg/data; Go helpers HTTP 200 incl business error; middleware/Java failures pending,Controller method_source records service calls; transactions/auth/payment side effects NOT tested,tests/test_inventory.py provenance for all rows; tests/frontend-contracts.cjs SELECTED cases only; see wire-contract.md,待处理: Batch D HTTP/DB/page E2E not run
T01-002,uniapp,POST,/app-api/member/auth/sms-login,sheep/api/member/auth.js:20,pages/public/setting.vue;sheep/components/s-auth-modal/components/account-login.vue;sheep/components/s-auth-modal/components/sms-login.vue;sheep/platform/provider/alipay/miniProgram.js;sheep/platform/provider/wechat/miniProgram.js;sheep/platform/provider/wechat/officialAccount.js,candidate first-phase; runtime menus/config unverified,internal/api/router/app.go:30,yudao-module-member/src/main/java/cn/iocoder/yudao/module/member/controller/app/auth/AppAuthController.java:74,部分对齐,Route registered only; DTO/binding/auth/behavior NOT accepted,Go group middleware: ; inline middleware: see registration; global tenant middleware NOT acceptance; wire-contract.md,Java @RequestBody JSON,public CommonResult<AppAuthLoginRespVO> smsLogin(@RequestBody @Valid AppAuthSmsLoginReqVO reqVO); VO annotations: fields.json (inheritance unresolved),Endpoint-specific; settlement indexed dotted keys; other serializers require wire capture,Java LocalDateTime epoch ms uses JVM system zone; Go AppTradeOrder uses JsonDateTime ms while admin TradeOrderBase uses time.Time; field-by-field review pending,For page: pageNo/pageSize -> data.list/data.total; defaults/empty list pending runtime,Integer fen where annotated 分 in VO; never infer every numeric field is money,Distinct; per-endpoint verification pending; see edge cases,Preserve Java/Go declarations; safe-integer boundary pending wire decision,CommonResult code/msg/data; Go helpers HTTP 200 incl business error; middleware/Java failures pending,Controller method_source records service calls; transactions/auth/payment side effects NOT tested,tests/test_inventory.py provenance for all rows; tests/frontend-contracts.cjs SELECTED cases only; see wire-contract.md,待处理: Batch D HTTP/DB/page E2E not run
T01-003,uniapp,POST,/app-api/member/auth/send-sms-code,sheep/api/member/auth.js:33,pages/public/setting.vue;sheep/components/s-auth-modal/components/account-login.vue;sheep/components/s-auth-modal/components/sms-login.vue;sheep/platform/provider/alipay/miniProgram.js;sheep/platform/provider/wechat/miniProgram.js;sheep/platform/provider/wechat/officialAccount.js,candidate first-phase; runtime menus/config unverified,internal/api/router/app.go:32,yudao-module-member/src/main/java/cn/iocoder/yudao/module/member/controller/app/auth/AppAuthController.java:81,部分对齐,Route registered only; DTO/binding/auth/behavior NOT accepted,Go group middleware: ; inline middleware: see registration; global tenant middleware NOT acceptance; wire-contract.md,Java @RequestBody JSON,public CommonResult<Boolean> sendSmsCode(@RequestBody @Valid AppAuthSmsSendReqVO reqVO); VO annotations: fields.json (inheritance unresolved),Endpoint-specific; settlement indexed dotted keys; other serializers require wire capture,Java LocalDateTime epoch ms uses JVM system zone; Go AppTradeOrder uses JsonDateTime ms while admin TradeOrderBase uses time.Time; field-by-field review pending,For page: pageNo/pageSize -> data.list/data.total; defaults/empty list pending runtime,Integer fen where annotated 分 in VO; never infer every numeric field is money,Distinct; per-endpoint verification pending; see edge cases,Preserve Java/Go declarations; safe-integer boundary pending wire decision,CommonResult code/msg/data; Go helpers HTTP 200 incl business error; middleware/Java failures pending,Controller method_source records service calls; transactions/auth/payment side effects NOT tested,tests/test_inventory.py provenance for all rows; tests/frontend-contracts.cjs SELECTED cases only; see wire-contract.md,待处理: Batch D HTTP/DB/page E2E not run
T01-004,uniapp,POST,/app-api/member/auth/logout,sheep/api/member/auth.js:49,pages/public/setting.vue;sheep/components/s-auth-modal/components/account-login.vue;sheep/components/s-auth-modal/components/sms-login.vue;sheep/platform/provider/alipay/miniProgram.js;sheep/platform/provider/wechat/miniProgram.js;sheep/platform/provider/wechat/officialAccount.js,candidate first-phase; runtime menus/config unverified,internal/api/router/app.go:34,yudao-module-member/src/main/java/cn/iocoder/yudao/module/member/controller/app/auth/AppAuthController.java:52,部分对齐,Route registered only; DTO/binding/auth/behavior NOT accepted,Go group middleware: ; inline middleware: see registration; global tenant middleware NOT acceptance; wire-contract.md,Java query/model binding; see signature,public CommonResult<Boolean> logout(HttpServletRequest request); VO annotations: fields.json (inheritance unresolved),Endpoint-specific; settlement indexed dotted keys; other serializers require wire capture,Java LocalDateTime epoch ms uses JVM system zone; Go AppTradeOrder uses JsonDateTime ms while admin TradeOrderBase uses time.Time; field-by-field review pending,For page: pageNo/pageSize -> data.list/data.total; defaults/empty list pending runtime,Integer fen where annotated 分 in VO; never infer every numeric field is money,Distinct; per-endpoint verification pending; see edge cases,Preserve Java/Go declarations; safe-integer boundary pending wire decision,CommonResult code/msg/data; Go helpers HTTP 200 incl business error; middleware/Java failures pending,Controller method_source records service calls; transactions/auth/payment side effects NOT tested,tests/test_inventory.py provenance for all rows; tests/frontend-contracts.cjs SELECTED cases only; see wire-contract.md,待处理: Batch D HTTP/DB/page E2E not run
T01-005,uniapp,POST,/app-api/member/auth/refresh-token,sheep/api/member/auth.js:56,pages/public/setting.vue;sheep/components/s-auth-modal/components/account-login.vue;sheep/components/s-auth-modal/components/sms-login.vue;sheep/platform/provider/alipay/miniProgram.js;sheep/platform/provider/wechat/miniProgram.js;sheep/platform/provider/wechat/officialAccount.js,candidate first-phase; runtime menus/config unverified,internal/api/router/app.go:35,yudao-module-member/src/main/java/cn/iocoder/yudao/module/member/controller/app/auth/AppAuthController.java:64,部分对齐,Route registered only; DTO/binding/auth/behavior NOT accepted,Go group middleware: ; inline middleware: see registration; global tenant middleware NOT acceptance; wire-contract.md,Java query/model binding; see signature,"public CommonResult<AppAuthLoginRespVO> refreshToken(@RequestParam(""refreshToken"") String refreshToken); VO annotations: fields.json (inheritance unresolved)",Endpoint-specific; settlement indexed dotted keys; other serializers require wire capture,Java LocalDateTime epoch ms uses JVM system zone; Go AppTradeOrder uses JsonDateTime ms while admin TradeOrderBase uses time.Time; field-by-field review pending,For page: pageNo/pageSize -> data.list/data.total; defaults/empty list pending runtime,Integer fen where annotated 分 in VO; never infer every numeric field is money,Distinct; per-endpoint verification pending; see edge cases,Preserve Java/Go declarations; safe-integer boundary pending wire decision,CommonResult code/msg/data; Go helpers HTTP 200 incl business error; middleware/Java failures pending,Controller method_source records service calls; transactions/auth/payment side effects NOT tested,tests/test_inventory.py provenance for all rows; tests/frontend-contracts.cjs SELECTED cases only; see wire-contract.md,待处理: Batch D HTTP/DB/page E2E not run
T01-006,uniapp,GET,/app-api/member/auth/social-auth-redirect,sheep/api/member/auth.js:70,pages/public/setting.vue;sheep/components/s-auth-modal/components/account-login.vue;sheep/components/s-auth-modal/components/sms-login.vue;sheep/platform/provider/alipay/miniProgram.js;sheep/platform/provider/wechat/miniProgram.js;sheep/platform/provider/wechat/officialAccount.js,candidate first-phase; runtime menus/config unverified,internal/api/router/app.go:36,yudao-module-member/src/main/java/cn/iocoder/yudao/module/member/controller/app/auth/AppAuthController.java:99,部分对齐,Route registered only; DTO/binding/auth/behavior NOT accepted,Go group middleware: ; inline middleware: see registration; global tenant middleware NOT acceptance; wire-contract.md,Java query/model binding; see signature,"public CommonResult<String> socialAuthRedirect(@RequestParam(""type"") Integer type, @RequestParam(""redirectUri"") String redirectUri); VO annotations: fields.json (inheritance unresolved)",Endpoint-specific; settlement indexed dotted keys; other serializers require wire capture,Java LocalDateTime epoch ms uses JVM system zone; Go AppTradeOrder uses JsonDateTime ms while admin TradeOrderBase uses time.Time; field-by-field review pending,For page: pageNo/pageSize -> data.list/data.total; defaults/empty list pending runtime,Integer fen where annotated 分 in VO; never infer every numeric field is money,Distinct; per-endpoint verification pending; see edge cases,Preserve Java/Go declarations; safe-integer boundary pending wire decision,CommonResult code/msg/data; Go helpers HTTP 200 incl business error; middleware/Java failures pending,Controller method_source records service calls; transactions/auth/payment side effects NOT tested,tests/test_inventory.py provenance for all rows; tests/frontend-contracts.cjs SELECTED cases only; see wire-contract.md,待处理: Batch D HTTP/DB/page E2E not run
T01-007,uniapp,POST,/app-api/member/auth/social-login,sheep/api/member/auth.js:85,pages/public/setting.vue;sheep/components/s-auth-modal/components/account-login.vue;sheep/components/s-auth-modal/components/sms-login.vue;sheep/platform/provider/alipay/miniProgram.js;sheep/platform/provider/wechat/miniProgram.js;sheep/platform/provider/wechat/officialAccount.js,candidate first-phase; runtime menus/config unverified,internal/api/router/app.go:31,yudao-module-member/src/main/java/cn/iocoder/yudao/module/member/controller/app/auth/AppAuthController.java:111,部分对齐,Route registered only; DTO/binding/auth/behavior NOT accepted,Go group middleware: ; inline middleware: see registration; global tenant middleware NOT acceptance; wire-contract.md,Java @RequestBody JSON,public CommonResult<AppAuthLoginRespVO> socialLogin(@RequestBody @Valid AppAuthSocialLoginReqVO reqVO); VO annotations: fields.json (inheritance unresolved),Endpoint-specific; settlement indexed dotted keys; other serializers require wire capture,Java LocalDateTime epoch ms uses JVM system zone; Go AppTradeOrder uses JsonDateTime ms while admin TradeOrderBase uses time.Time; field-by-field review pending,For page: pageNo/pageSize -> data.list/data.total; defaults/empty list pending runtime,Integer fen where annotated 分 in VO; never infer every numeric field is money,Distinct; per-endpoint verification pending; see edge cases,Preserve Java/Go declarations; safe-integer boundary pending wire decision,CommonResult code/msg/data; Go helpers HTTP 200 incl business error; middleware/Java failures pending,Controller method_source records service calls; transactions/auth/payment side effects NOT tested,tests/test_inventory.py provenance for all rows; tests/frontend-contracts.cjs SELECTED cases only; see wire-contract.md,待处理: Batch D HTTP/DB/page E2E not run
T01-008,uniapp,POST,/app-api/member/auth/weixin-mini-app-login,sheep/api/member/auth.js:101,pages/public/setting.vue;sheep/components/s-auth-modal/components/account-login.vue;sheep/components/s-auth-modal/components/sms-login.vue;sheep/platform/provider/alipay/miniProgram.js;sheep/platform/provider/wechat/miniProgram.js;sheep/platform/provider/wechat/officialAccount.js,candidate first-phase; runtime menus/config unverified,internal/api/router/app.go:37,yudao-module-member/src/main/java/cn/iocoder/yudao/module/member/controller/app/auth/AppAuthController.java:118,部分对齐,Route registered only; DTO/binding/auth/behavior NOT accepted,Go group middleware: ; inline middleware: see registration; global tenant middleware NOT acceptance; wire-contract.md,Java @RequestBody JSON,public CommonResult<AppAuthLoginRespVO> weixinMiniAppLogin(@RequestBody @Valid AppAuthWeixinMiniAppLoginReqVO reqVO); VO annotations: fields.json (inheritance unresolved),Endpoint-specific; settlement indexed dotted keys; other serializers require wire capture,Java LocalDateTime epoch ms uses JVM system zone; Go AppTradeOrder uses JsonDateTime ms while admin TradeOrderBase uses time.Time; field-by-field review pending,For page: pageNo/pageSize -> data.list/data.total; defaults/empty list pending runtime,Integer fen where annotated 分 in VO; never infer every numeric field is money,Distinct; per-endpoint verification pending; see edge cases,Preserve Java/Go declarations; safe-integer boundary pending wire decision,CommonResult code/msg/data; Go helpers HTTP 200 incl business error; middleware/Java failures pending,Controller method_source records service calls; transactions/auth/payment side effects NOT tested,tests/test_inventory.py provenance for all rows; tests/frontend-contracts.cjs SELECTED cases only; see wire-contract.md,待处理: Batch D HTTP/DB/page E2E not run
T01-009,uniapp,POST,/app-api/member/auth/create-weixin-jsapi-signature,sheep/api/member/auth.js:118,pages/public/setting.vue;sheep/components/s-auth-modal/components/account-login.vue;sheep/components/s-auth-modal/components/sms-login.vue;sheep/platform/provider/alipay/miniProgram.js;sheep/platform/provider/wechat/miniProgram.js;sheep/platform/provider/wechat/officialAccount.js,candidate first-phase; runtime menus/config unverified,internal/api/router/app.go:38,yudao-module-member/src/main/java/cn/iocoder/yudao/module/member/controller/app/auth/AppAuthController.java:125,部分对齐,Route registered only; DTO/binding/auth/behavior NOT accepted,Go group middleware: ; inline middleware: see registration; global tenant middleware NOT acceptance; wire-contract.md,Java query/model binding; see signature,"public CommonResult<SocialWxJsapiSignatureRespDTO> createWeixinMpJsapiSignature(@RequestParam(""url"") String url); VO annotations: fields.json (inheritance unresolved)",Endpoint-specific; settlement indexed dotted keys; other serializers require wire capture,Java LocalDateTime epoch ms uses JVM system zone; Go AppTradeOrder uses JsonDateTime ms while admin TradeOrderBase uses time.Time; field-by-field review pending,For page: pageNo/pageSize -> data.list/data.total; defaults/empty list pending runtime,Integer fen where annotated 分 in VO; never infer every numeric field is money,Distinct; per-endpoint verification pending; see edge cases,Preserve Java/Go declarations; safe-integer boundary pending wire decision,CommonResult code/msg/data; Go helpers HTTP 200 incl business error; middleware/Java failures pending,Controller method_source records service calls; transactions/auth/payment side effects NOT tested,tests/test_inventory.py provenance for all rows; tests/frontend-contracts.cjs SELECTED cases only; see wire-contract.md,待处理: Batch D HTTP/DB/page E2E not run
T01-010,uniapp,GET,/app-api/member/user/get,sheep/api/member/user.js:7,pages/user/info.vue;sheep/components/s-auth-modal/components/change-mobile.vue;sheep/components/s-auth-modal/components/change-password.vue;sheep/components/s-auth-modal/components/mp-authorization.vue;sheep/components/s-auth-modal/components/reset-password.vue;sheep/platform/provider/alipay/miniProgram.js;sheep/platform/provider/wechat/miniProgram.js;sheep/store/user.js,candidate first-phase; runtime menus/config unverified,internal/api/router/app.go:45,yudao-module-member/src/main/java/cn/iocoder/yudao/module/member/controller/app/user/AppMemberUserController.java:35,部分对齐,Route registered only; DTO/binding/auth/behavior NOT accepted,Go group middleware: middleware.Auth(); inline middleware: see registration; global tenant middleware NOT acceptance; wire-contract.md,Java query/model binding; see signature,public CommonResult<AppMemberUserInfoRespVO> getUserInfo(); VO annotations: fields.json (inheritance unresolved),Endpoint-specific; settlement indexed dotted keys; other serializers require wire capture,Java LocalDateTime epoch ms uses JVM system zone; Go AppTradeOrder uses JsonDateTime ms while admin TradeOrderBase uses time.Time; field-by-field review pending,For page: pageNo/pageSize -> data.list/data.total; defaults/empty list pending runtime,Integer fen where annotated 分 in VO; never infer every numeric field is money,Distinct; per-endpoint verification pending; see edge cases,Preserve Java/Go declarations; safe-integer boundary pending wire decision,CommonResult code/msg/data; Go helpers HTTP 200 incl business error; middleware/Java failures pending,Controller method_source records service calls; transactions/auth/payment side effects NOT tested,tests/test_inventory.py provenance for all rows; tests/frontend-contracts.cjs SELECTED cases only; see wire-contract.md,待处理: Batch D HTTP/DB/page E2E not run
T01-011,uniapp,PUT,/app-api/member/user/update,sheep/api/member/user.js:18,pages/user/info.vue;sheep/components/s-auth-modal/components/change-mobile.vue;sheep/components/s-auth-modal/components/change-password.vue;sheep/components/s-auth-modal/components/mp-authorization.vue;sheep/components/s-auth-modal/components/reset-password.vue;sheep/platform/provider/alipay/miniProgram.js;sheep/platform/provider/wechat/miniProgram.js;sheep/store/user.js,candidate first-phase; runtime menus/config unverified,internal/api/router/app.go:46,yudao-module-member/src/main/java/cn/iocoder/yudao/module/member/controller/app/user/AppMemberUserController.java:43,部分对齐,Route registered only; DTO/binding/auth/behavior NOT accepted,Go group middleware: middleware.Auth(); inline middleware: see registration; global tenant middleware NOT acceptance; wire-contract.md,Java @RequestBody JSON,public CommonResult<Boolean> updateUser(@RequestBody @Valid AppMemberUserUpdateReqVO reqVO); VO annotations: fields.json (inheritance unresolved),Endpoint-specific; settlement indexed dotted keys; other serializers require wire capture,Java LocalDateTime epoch ms uses JVM system zone; Go AppTradeOrder uses JsonDateTime ms while admin TradeOrderBase uses time.Time; field-by-field review pending,For page: pageNo/pageSize -> data.list/data.total; defaults/empty list pending runtime,Integer fen where annotated 分 in VO; never infer every numeric field is money,Distinct; per-endpoint verification pending; see edge cases,Preserve Java/Go declarations; safe-integer boundary pending wire decision,CommonResult code/msg/data; Go helpers HTTP 200 incl business error; middleware/Java failures pending,Controller method_source records service calls; transactions/auth/payment side effects NOT tested,tests/test_inventory.py provenance for all rows; tests/frontend-contracts.cjs SELECTED cases only; see wire-contract.md,待处理: Batch D HTTP/DB/page E2E not run
T01-012,uniapp,PUT,/app-api/member/user/update-mobile,sheep/api/member/user.js:31,pages/user/info.vue;sheep/components/s-auth-modal/components/change-mobile.vue;sheep/components/s-auth-modal/components/change-password.vue;sheep/components/s-auth-modal/components/mp-authorization.vue;sheep/components/s-auth-modal/components/reset-password.vue;sheep/platform/provider/alipay/miniProgram.js;sheep/platform/provider/wechat/miniProgram.js;sheep/store/user.js,candidate first-phase; runtime menus/config unverified,internal/api/router/app.go:47,yudao-module-member/src/main/java/cn/iocoder/yudao/module/member/controller/app/user/AppMemberUserController.java:50,部分对齐,Route registered only; DTO/binding/auth/behavior NOT accepted,Go group middleware: middleware.Auth(); inline middleware: see registration; global tenant middleware NOT acceptance; wire-contract.md,Java @RequestBody JSON,public CommonResult<Boolean> updateUserMobile(@RequestBody @Valid AppMemberUserUpdateMobileReqVO reqVO); VO annotations: fields.json (inheritance unresolved),Endpoint-specific; settlement indexed dotted keys; other serializers require wire capture,Java LocalDateTime epoch ms uses JVM system zone; Go AppTradeOrder uses JsonDateTime ms while admin TradeOrderBase uses time.Time; field-by-field review pending,For page: pageNo/pageSize -> data.list/data.total; defaults/empty list pending runtime,Integer fen where annotated 分 in VO; never infer every numeric field is money,Distinct; per-endpoint verification pending; see edge cases,Preserve Java/Go declarations; safe-integer boundary pending wire decision,CommonResult code/msg/data; Go helpers HTTP 200 incl business error; middleware/Java failures pending,Controller method_source records service calls; transactions/auth/payment side effects NOT tested,tests/test_inventory.py provenance for all rows; tests/frontend-contracts.cjs SELECTED cases only; see wire-contract.md,待处理: Batch D HTTP/DB/page E2E not run
T01-013,uniapp,PUT,/app-api/member/user/update-mobile-by-weixin,sheep/api/member/user.js:44,pages/user/info.vue;sheep/components/s-auth-modal/components/change-mobile.vue;sheep/components/s-auth-modal/components/change-password.vue;sheep/components/s-auth-modal/components/mp-authorization.vue;sheep/components/s-auth-modal/components/reset-password.vue;sheep/platform/provider/alipay/miniProgram.js;sheep/platform/provider/wechat/miniProgram.js;sheep/store/user.js,candidate first-phase; runtime menus/config unverified,internal/api/router/app.go:49,yudao-module-member/src/main/java/cn/iocoder/yudao/module/member/controller/app/user/AppMemberUserController.java:57,部分对齐,Route registered only; DTO/binding/auth/behavior NOT accepted,Go group middleware: middleware.Auth(); inline middleware: see registration; global tenant middleware NOT acceptance; wire-contract.md,Java @RequestBody JSON,public CommonResult<Boolean> updateUserMobileByWeixin(@RequestBody @Valid AppMemberUserUpdateMobileByWeixinReqVO reqVO); VO annotations: fields.json (inheritance unresolved),Endpoint-specific; settlement indexed dotted keys; other serializers require wire capture,Java LocalDateTime epoch ms uses JVM system zone; Go AppTradeOrder uses JsonDateTime ms while admin TradeOrderBase uses time.Time; field-by-field review pending,For page: pageNo/pageSize -> data.list/data.total; defaults/empty list pending runtime,Integer fen where annotated 分 in VO; never infer every numeric field is money,Distinct; per-endpoint verification pending; see edge cases,Preserve Java/Go declarations; safe-integer boundary pending wire decision,CommonResult code/msg/data; Go helpers HTTP 200 incl business error; middleware/Java failures pending,Controller method_source records service calls; transactions/auth/payment side effects NOT tested,tests/test_inventory.py provenance for all rows; tests/frontend-contracts.cjs SELECTED cases only; see wire-contract.md,待处理: Batch D HTTP/DB/page E2E not run
T01-014,uniapp,PUT,/app-api/member/user/update-password,sheep/api/member/user.js:59,pages/user/info.vue;sheep/components/s-auth-modal/components/change-mobile.vue;sheep/components/s-auth-modal/components/change-password.vue;sheep/components/s-auth-modal/components/mp-authorization.vue;sheep/components/s-auth-modal/components/reset-password.vue;sheep/platform/provider/alipay/miniProgram.js;sheep/platform/provider/wechat/miniProgram.js;sheep/store/user.js,candidate first-phase; runtime menus/config unverified,internal/api/router/app.go:48,yudao-module-member/src/main/java/cn/iocoder/yudao/module/member/controller/app/user/AppMemberUserController.java:64,部分对齐,Route registered only; DTO/binding/auth/behavior NOT accepted,Go group middleware: middleware.Auth(); inline middleware: see registration; global tenant middleware NOT acceptance; wire-contract.md,Java @RequestBody JSON,public CommonResult<Boolean> updateUserPassword(@RequestBody @Valid AppMemberUserUpdatePasswordReqVO reqVO); VO annotations: fields.json (inheritance unresolved),Endpoint-specific; settlement indexed dotted keys; other serializers require wire capture,Java LocalDateTime epoch ms uses JVM system zone; Go AppTradeOrder uses JsonDateTime ms while admin TradeOrderBase uses time.Time; field-by-field review pending,For page: pageNo/pageSize -> data.list/data.total; defaults/empty list pending runtime,Integer fen where annotated 分 in VO; never infer every numeric field is money,Distinct; per-endpoint verification pending; see edge cases,Preserve Java/Go declarations; safe-integer boundary pending wire decision,CommonResult code/msg/data; Go helpers HTTP 200 incl business error; middleware/Java failures pending,Controller method_source records service calls; transactions/auth/payment side effects NOT tested,tests/test_inventory.py provenance for all rows; tests/frontend-contracts.cjs SELECTED cases only; see wire-contract.md,待处理: Batch D HTTP/DB/page E2E not run
T01-015,uniapp,PUT,/app-api/member/user/reset-password,sheep/api/member/user.js:72,pages/user/info.vue;sheep/components/s-auth-modal/components/change-mobile.vue;sheep/components/s-auth-modal/components/change-password.vue;sheep/components/s-auth-modal/components/mp-authorization.vue;sheep/components/s-auth-modal/components/reset-password.vue;sheep/platform/provider/alipay/miniProgram.js;sheep/platform/provider/wechat/miniProgram.js;sheep/store/user.js,candidate first-phase; runtime menus/config unverified,internal/api/router/app.go:55,yudao-module-member/src/main/java/cn/iocoder/yudao/module/member/controller/app/user/AppMemberUserController.java:71,部分对齐,Route registered only; DTO/binding/auth/behavior NOT accepted,Go group middleware: ; inline middleware: see registration; global tenant middleware NOT acceptance; wire-contract.md,Java @RequestBody JSON,public CommonResult<Boolean> resetUserPassword(@RequestBody @Valid AppMemberUserResetPasswordReqVO reqVO); VO annotations: fields.json (inheritance unresolved),Endpoint-specific; settlement indexed dotted keys; other serializers require wire capture,Java LocalDateTime epoch ms uses JVM system zone; Go AppTradeOrder uses JsonDateTime ms while admin TradeOrderBase uses time.Time; field-by-field review pending,For page: pageNo/pageSize -> data.list/data.total; defaults/empty list pending runtime,Integer fen where annotated 分 in VO; never infer every numeric field is money,Distinct; per-endpoint verification pending; see edge cases,Preserve Java/Go declarations; safe-integer boundary pending wire decision,CommonResult code/msg/data; Go helpers HTTP 200 incl business error; middleware/Java failures pending,Controller method_source records service calls; transactions/auth/payment side effects NOT tested,tests/test_inventory.py provenance for all rows; tests/frontend-contracts.cjs SELECTED cases only; see wire-contract.md,待处理: Batch D HTTP/DB/page E2E not run
T01-016,uniapp,GET,/app-api/member/address/list,sheep/api/member/address.js:7,pages/user/address/edit.vue;pages/user/address/list.vue,candidate first-phase; runtime menus/config unverified,internal/api/router/app.go:67,yudao-module-member/src/main/java/cn/iocoder/yudao/module/member/controller/app/address/AppAddressController.java:68,部分对齐,Route registered only; DTO/binding/auth/behavior NOT accepted,Go group middleware: middleware.Auth(); inline middleware: see registration; global tenant middleware NOT acceptance; wire-contract.md,Java query/model binding; see signature,public CommonResult<List<AppAddressRespVO>> getAddressList(); VO annotations: fields.json (inheritance unresolved),Endpoint-specific; settlement indexed dotted keys; other serializers require wire capture,Java LocalDateTime epoch ms uses JVM system zone; Go AppTradeOrder uses JsonDateTime ms while admin TradeOrderBase uses time.Time; field-by-field review pending,For page: pageNo/pageSize -> data.list/data.total; defaults/empty list pending runtime,Integer fen where annotated 分 in VO; never infer every numeric field is money,Distinct; per-endpoint verification pending; see edge cases,Preserve Java/Go declarations; safe-integer boundary pending wire decision,CommonResult code/msg/data; Go helpers HTTP 200 incl business error; middleware/Java failures pending,Controller method_source records service calls; transactions/auth/payment side effects NOT tested,tests/test_inventory.py provenance for all rows; tests/frontend-contracts.cjs SELECTED cases only; see wire-contract.md,待处理: Batch D HTTP/DB/page E2E not run
T01-017,uniapp,POST,/app-api/member/address/create,sheep/api/member/address.js:14,pages/user/address/edit.vue;pages/user/address/list.vue,candidate first-phase; runtime menus/config unverified,internal/api/router/app.go:62,yudao-module-member/src/main/java/cn/iocoder/yudao/module/member/controller/app/address/AppAddressController.java:32,部分对齐,Route registered only; DTO/binding/auth/behavior NOT accepted,Go group middleware: middleware.Auth(); inline middleware: see registration; global tenant middleware NOT acceptance; wire-contract.md,Java @RequestBody JSON,public CommonResult<Long> createAddress(@Valid @RequestBody AppAddressCreateReqVO createReqVO); VO annotations: fields.json (inheritance unresolved),Endpoint-specific; settlement indexed dotted keys; other serializers require wire capture,Java LocalDateTime epoch ms uses JVM system zone; Go AppTradeOrder uses JsonDateTime ms while admin TradeOrderBase uses time.Time; field-by-field review pending,For page: pageNo/pageSize -> data.list/data.total; defaults/empty list pending runtime,Integer fen where annotated 分 in VO; never infer every numeric field is money,Distinct; per-endpoint verification pending; see edge cases,Preserve Java/Go declarations; safe-integer boundary pending wire decision,CommonResult code/msg/data; Go helpers HTTP 200 incl business error; middleware/Java failures pending,Controller method_source records service calls; transactions/auth/payment side effects NOT tested,tests/test_inventory.py provenance for all rows; tests/frontend-contracts.cjs SELECTED cases only; see wire-contract.md,待处理: Batch D HTTP/DB/page E2E not run
T01-018,uniapp,PUT,/app-api/member/address/update,sheep/api/member/address.js:26,pages/user/address/edit.vue;pages/user/address/list.vue,candidate first-phase; runtime menus/config unverified,internal/api/router/app.go:63,yudao-module-member/src/main/java/cn/iocoder/yudao/module/member/controller/app/address/AppAddressController.java:38,部分对齐,Route registered only; DTO/binding/auth/behavior NOT accepted,Go group middleware: middleware.Auth(); inline middleware: see registration; global tenant middleware NOT acceptance; wire-contract.md,Java @RequestBody JSON,public CommonResult<Boolean> updateAddress(@Valid @RequestBody AppAddressUpdateReqVO updateReqVO); VO annotations: fields.json (inheritance unresolved),Endpoint-specific; settlement indexed dotted keys; other serializers require wire capture,Java LocalDateTime epoch ms uses JVM system zone; Go AppTradeOrder uses JsonDateTime ms while admin TradeOrderBase uses time.Time; field-by-field review pending,For page: pageNo/pageSize -> data.list/data.total; defaults/empty list pending runtime,Integer fen where annotated 分 in VO; never infer every numeric field is money,Distinct; per-endpoint verification pending; see edge cases,Preserve Java/Go declarations; safe-integer boundary pending wire decision,CommonResult code/msg/data; Go helpers HTTP 200 incl business error; middleware/Java failures pending,Controller method_source records service calls; transactions/auth/payment side effects NOT tested,tests/test_inventory.py provenance for all rows; tests/frontend-contracts.cjs SELECTED cases only; see wire-contract.md,待处理: Batch D HTTP/DB/page E2E not run
T01-019,uniapp,GET,/app-api/member/address/get,sheep/api/member/address.js:38,pages/user/address/edit.vue;pages/user/address/list.vue,candidate first-phase; runtime menus/config unverified,internal/api/router/app.go:65,yudao-module-member/src/main/java/cn/iocoder/yudao/module/member/controller/app/address/AppAddressController.java:53,部分对齐,Route registered only; DTO/binding/auth/behavior NOT accepted,Go group middleware: middleware.Auth(); inline middleware: see registration; global tenant middleware NOT acceptance; wire-contract.md,Java query/model binding; see signature,"public CommonResult<AppAddressRespVO> getAddress(@RequestParam(""id"") Long id); VO annotations: fields.json (inheritance unresolved)",Endpoint-specific; settlement indexed dotted keys; other serializers require wire capture,Java LocalDateTime epoch ms uses JVM system zone; Go AppTradeOrder uses JsonDateTime ms while admin TradeOrderBase uses time.Time; field-by-field review pending,For page: pageNo/pageSize -> data.list/data.total; defaults/empty list pending runtime,Integer fen where annotated 分 in VO; never infer every numeric field is money,Distinct; per-endpoint verification pending; see edge cases,Preserve Java/Go declarations; safe-integer boundary pending wire decision,CommonResult code/msg/data; Go helpers HTTP 200 incl business error; middleware/Java failures pending,Controller method_source records service calls; transactions/auth/payment side effects NOT tested,tests/test_inventory.py provenance for all rows; tests/frontend-contracts.cjs SELECTED cases only; see wire-contract.md,待处理: Batch D HTTP/DB/page E2E not run
T01-020,uniapp,DELETE,/app-api/member/address/delete,sheep/api/member/address.js:46,pages/user/address/edit.vue;pages/user/address/list.vue,candidate first-phase; runtime menus/config unverified,internal/api/router/app.go:64,yudao-module-member/src/main/java/cn/iocoder/yudao/module/member/controller/app/address/AppAddressController.java:45,部分对齐,Route registered only; DTO/binding/auth/behavior NOT accepted,Go group middleware: middleware.Auth(); inline middleware: see registration; global tenant middleware NOT acceptance; wire-contract.md,Java query/model binding; see signature,"public CommonResult<Boolean> deleteAddress(@RequestParam(""id"") Long id); VO annotations: fields.json (inheritance unresolved)",Endpoint-specific; settlement indexed dotted keys; other serializers require wire capture,Java LocalDateTime epoch ms uses JVM system zone; Go AppTradeOrder uses JsonDateTime ms while admin TradeOrderBase uses time.Time; field-by-field review pending,For page: pageNo/pageSize -> data.list/data.total; defaults/empty list pending runtime,Integer fen where annotated 分 in VO; never infer every numeric field is money,Distinct; per-endpoint verification pending; see edge cases,Preserve Java/Go declarations; safe-integer boundary pending wire decision,CommonResult code/msg/data; Go helpers HTTP 200 incl business error; middleware/Java failures pending,Controller method_source records service calls; transactions/auth/payment side effects NOT tested,tests/test_inventory.py provenance for all rows; tests/frontend-contracts.cjs SELECTED cases only; see wire-contract.md,待处理: Batch D HTTP/DB/page E2E not run
T01-021,uniapp,GET,/app-api/product/spu/list-by-ids,sheep/api/product/spu.js:7,pages/activity/groupon/detail.vue;pages/activity/index.vue;pages/commission/goods.vue;pages/coupon/detail.vue;pages/goods/groupon.vue;pages/goods/index.vue;pages/goods/list.vue;pages/goods/point.vue;pages/goods/seckill.vue;pages/index/cart.vue;pages/index/category.vue;sheep/components/s-goods-card/s-goods-card.vue;sheep/components/s-goods-shelves/s-goods-shelves.vue;sheep/components/s-groupon-block/s-groupon-block.vue;sheep/components/s-point-block/s-point-block.vue;sheep/components/s-point-card/s-point-card.vue;sheep/components/s-seckill-block/s-seckill-block.vue,candidate first-phase; runtime menus/config unverified,internal/api/router/app.go:145,yudao-module-mall/yudao-module-product/src/main/java/cn/iocoder/yudao/module/product/controller/app/spu/AppProductSpuController.java:51,部分对齐,Route registered only; DTO/binding/auth/behavior NOT accepted,Go group middleware: middleware.ProductErrorHandler(); inline middleware: see registration; global tenant middleware NOT acceptance; wire-contract.md,Java query/model binding; see signature,"public CommonResult<List<AppProductSpuRespVO>> getSpuList(@RequestParam(""ids"") Set<Long> ids); VO annotations: fields.json (inheritance unresolved)",Endpoint-specific; settlement indexed dotted keys; other serializers require wire capture,Java LocalDateTime epoch ms uses JVM system zone; Go AppTradeOrder uses JsonDateTime ms while admin TradeOrderBase uses time.Time; field-by-field review pending,For page: pageNo/pageSize -> data.list/data.total; defaults/empty list pending runtime,Integer fen where annotated 分 in VO; never infer every numeric field is money,Distinct; per-endpoint verification pending; see edge cases,Preserve Java/Go declarations; safe-integer boundary pending wire decision,CommonResult code/msg/data; Go helpers HTTP 200 incl business error; middleware/Java failures pending,Controller method_source records service calls; transactions/auth/payment side effects NOT tested,tests/test_inventory.py provenance for all rows; tests/frontend-contracts.cjs SELECTED cases only; see wire-contract.md,待处理: Batch D HTTP/DB/page E2E not run
T01-022,uniapp,GET,/app-api/trade/order/settlement-product,sheep/api/product/spu.js:19,pages/activity/groupon/detail.vue;pages/activity/index.vue;pages/commission/goods.vue;pages/coupon/detail.vue;pages/goods/groupon.vue;pages/goods/index.vue;pages/goods/list.vue;pages/goods/point.vue;pages/goods/seckill.vue;pages/index/cart.vue;pages/index/category.vue;sheep/components/s-goods-card/s-goods-card.vue;sheep/components/s-goods-shelves/s-goods-shelves.vue;sheep/components/s-groupon-block/s-groupon-block.vue;sheep/components/s-point-block/s-point-block.vue;sheep/components/s-point-card/s-point-card.vue;sheep/components/s-seckill-block/s-seckill-block.vue,candidate first-phase; runtime menus/config unverified,internal/api/router/app.go:226,yudao-module-mall/yudao-module-trade/src/main/java/cn/iocoder/yudao/module/trade/controller/app/order/AppTradeOrderController.java:66,部分对齐,Route registered only; DTO/binding/auth/behavior NOT accepted,Go group middleware: middleware.OptionalAuth(); inline middleware: see registration; global tenant middleware NOT acceptance; wire-contract.md,Java query/model binding; see signature,"public CommonResult<List<AppTradeProductSettlementRespVO>> settlementProduct(@RequestParam(""spuIds"") List<Long> spuIds); VO annotations: fields.json (inheritance unresolved)",Endpoint-specific; settlement indexed dotted keys; other serializers require wire capture,Java LocalDateTime epoch ms uses JVM system zone; Go AppTradeOrder uses JsonDateTime ms while admin TradeOrderBase uses time.Time; field-by-field review pending,For page: pageNo/pageSize -> data.list/data.total; defaults/empty list pending runtime,Integer fen where annotated 分 in VO; never infer every numeric field is money,Distinct; per-endpoint verification pending; see edge cases,Preserve Java/Go declarations; safe-integer boundary pending wire decision,CommonResult code/msg/data; Go helpers HTTP 200 incl business error; middleware/Java failures pending,Controller method_source records service calls; transactions/auth/payment side effects NOT tested,tests/test_inventory.py provenance for all rows; tests/frontend-contracts.cjs SELECTED cases only; see wire-contract.md,待处理: Batch D HTTP/DB/page E2E not run
T01-023,uniapp,GET,/app-api/product/spu/page,sheep/api/product/spu.js:31,pages/activity/groupon/detail.vue;pages/activity/index.vue;pages/commission/goods.vue;pages/coupon/detail.vue;pages/goods/groupon.vue;pages/goods/index.vue;pages/goods/list.vue;pages/goods/point.vue;pages/goods/seckill.vue;pages/index/cart.vue;pages/index/category.vue;sheep/components/s-goods-card/s-goods-card.vue;sheep/components/s-goods-shelves/s-goods-shelves.vue;sheep/components/s-groupon-block/s-groupon-block.vue;sheep/components/s-point-block/s-point-block.vue;sheep/components/s-point-card/s-point-card.vue;sheep/components/s-seckill-block/s-seckill-block.vue,candidate first-phase; runtime menus/config unverified,internal/api/router/app.go:144,yudao-module-mall/yudao-module-product/src/main/java/cn/iocoder/yudao/module/product/controller/app/spu/AppProductSpuController.java:67,部分对齐,Route registered only; DTO/binding/auth/behavior NOT accepted,Go group middleware: middleware.ProductErrorHandler(); inline middleware: see registration; global tenant middleware NOT acceptance; wire-contract.md,Java query/model binding; see signature,public CommonResult<PageResult<AppProductSpuRespVO>> getSpuPage(@Valid AppProductSpuPageReqVO pageVO); VO annotations: fields.json (inheritance unresolved),Endpoint-specific; settlement indexed dotted keys; other serializers require wire capture,Java LocalDateTime epoch ms uses JVM system zone; Go AppTradeOrder uses JsonDateTime ms while admin TradeOrderBase uses time.Time; field-by-field review pending,For page: pageNo/pageSize -> data.list/data.total; defaults/empty list pending runtime,Integer fen where annotated 分 in VO; never infer every numeric field is money,Distinct; per-endpoint verification pending; see edge cases,Preserve Java/Go declarations; safe-integer boundary pending wire decision,CommonResult code/msg/data; Go helpers HTTP 200 incl business error; middleware/Java failures pending,Controller method_source records service calls; transactions/auth/payment side effects NOT tested,tests/test_inventory.py provenance for all rows; tests/frontend-contracts.cjs SELECTED cases only; see wire-contract.md,待处理: Batch D HTTP/DB/page E2E not run
T01-024,uniapp,GET,/app-api/product/spu/get-detail,sheep/api/product/spu.js:43,pages/activity/groupon/detail.vue;pages/activity/index.vue;pages/commission/goods.vue;pages/coupon/detail.vue;pages/goods/groupon.vue;pages/goods/index.vue;pages/goods/list.vue;pages/goods/point.vue;pages/goods/seckill.vue;pages/index/cart.vue;pages/index/category.vue;sheep/components/s-goods-card/s-goods-card.vue;sheep/components/s-goods-shelves/s-goods-shelves.vue;sheep/components/s-groupon-block/s-groupon-block.vue;sheep/components/s-point-block/s-point-block.vue;sheep/components/s-point-card/s-point-card.vue;sheep/components/s-seckill-block/s-seckill-block.vue,candidate first-phase; runtime menus/config unverified,internal/api/router/app.go:143,yudao-module-mall/yudao-module-product/src/main/java/cn/iocoder/yudao/module/product/controller/app/spu/AppProductSpuController.java:82,部分对齐,Route registered only; DTO/binding/auth/behavior NOT accepted,Go group middleware: middleware.ProductErrorHandler(); inline middleware: see registration; global tenant middleware NOT acceptance; wire-contract.md,Java query/model binding; see signature,"public CommonResult<AppProductSpuDetailRespVO> getSpuDetail(@RequestParam(""id"") Long id); VO annotations: fields.json (inheritance unresolved)",Endpoint-specific; settlement indexed dotted keys; other serializers require wire capture,Java LocalDateTime epoch ms uses JVM system zone; Go AppTradeOrder uses JsonDateTime ms while admin TradeOrderBase uses time.Time; field-by-field review pending,For page: pageNo/pageSize -> data.list/data.total; defaults/empty list pending runtime,Integer fen where annotated 分 in VO; never infer every numeric field is money,Distinct; per-endpoint verification pending; see edge cases,Preserve Java/Go declarations; safe-integer boundary pending wire decision,CommonResult code/msg/data; Go helpers HTTP 200 incl business error; middleware/Java failures pending,Controller method_source records service calls; transactions/auth/payment side effects NOT tested,tests/test_inventory.py provenance for all rows; tests/frontend-contracts.cjs SELECTED cases only; see wire-contract.md,待处理: Batch D HTTP/DB/page E2E not run
T01-025,uniapp,GET,/app-api/product/category/list,sheep/api/product/category.js:7,pages/coupon/detail.vue;pages/index/category.vue,candidate first-phase; runtime menus/config unverified,internal/api/router/app.go:115,yudao-module-mall/yudao-module-product/src/main/java/cn/iocoder/yudao/module/product/controller/app/category/AppCategoryController.java:35,部分对齐,Route registered only; DTO/binding/auth/behavior NOT accepted,Go group middleware: ; inline middleware: see registration; global tenant middleware NOT acceptance; wire-contract.md,Java query/model binding; see signature,public CommonResult<List<AppCategoryRespVO>> getProductCategoryList(); VO annotations: fields.json (inheritance unresolved),Endpoint-specific; settlement indexed dotted keys; other serializers require wire capture,Java LocalDateTime epoch ms uses JVM system zone; Go AppTradeOrder uses JsonDateTime ms while admin TradeOrderBase uses time.Time; field-by-field review pending,For page: pageNo/pageSize -> data.list/data.total; defaults/empty list pending runtime,Integer fen where annotated 分 in VO; never infer every numeric field is money,Distinct; per-endpoint verification pending; see edge cases,Preserve Java/Go declarations; safe-integer boundary pending wire decision,CommonResult code/msg/data; Go helpers HTTP 200 incl business error; middleware/Java failures pending,Controller method_source records service calls; transactions/auth/payment side effects NOT tested,tests/test_inventory.py provenance for all rows; tests/frontend-contracts.cjs SELECTED cases only; see wire-contract.md,待处理: Batch D HTTP/DB/page E2E not run
T01-026,uniapp,GET,/app-api/product/category/list-by-ids,sheep/api/product/category.js:14,pages/coupon/detail.vue;pages/index/category.vue,candidate first-phase; runtime menus/config unverified,internal/api/router/app.go:116,yudao-module-mall/yudao-module-product/src/main/java/cn/iocoder/yudao/module/product/controller/app/category/AppCategoryController.java:44,部分对齐,Route registered only; DTO/binding/auth/behavior NOT accepted,Go group middleware: ; inline middleware: see registration; global tenant middleware NOT acceptance; wire-contract.md,Java query/model binding; see signature,"public CommonResult<List<AppCategoryRespVO>> getProductCategoryList(@RequestParam(""ids"") List<Long> ids); VO annotations: fields.json (inheritance unresolved)",Endpoint-specific; settlement indexed dotted keys; other serializers require wire capture,Java LocalDateTime epoch ms uses JVM system zone; Go AppTradeOrder uses JsonDateTime ms while admin TradeOrderBase uses time.Time; field-by-field review pending,For page: pageNo/pageSize -> data.list/data.total; defaults/empty list pending runtime,Integer fen where annotated 分 in VO; never infer every numeric field is money,Distinct; per-endpoint verification pending; see edge cases,Preserve Java/Go declarations; safe-integer boundary pending wire decision,CommonResult code/msg/data; Go helpers HTTP 200 incl business error; middleware/Java failures pending,Controller method_source records service calls; transactions/auth/payment side effects NOT tested,tests/test_inventory.py provenance for all rows; tests/frontend-contracts.cjs SELECTED cases only; see wire-contract.md,待处理: Batch D HTTP/DB/page E2E not run
T01-027,uniapp,POST,/app-api/trade/cart/add,sheep/api/trade/cart.js:6,sheep/store/cart.js,candidate first-phase; runtime menus/config unverified,internal/api/router/app.go:163,yudao-module-mall/yudao-module-trade/src/main/java/cn/iocoder/yudao/module/trade/controller/app/cart/AppCartController.java:32,部分对齐,Route registered only; DTO/binding/auth/behavior NOT accepted,Go group middleware: middleware.Auth(); inline middleware: see registration; global tenant middleware NOT acceptance; wire-contract.md,Java @RequestBody JSON,public CommonResult<Long> addCart(@Valid @RequestBody AppCartAddReqVO addCountReqVO); VO annotations: fields.json (inheritance unresolved),Endpoint-specific; settlement indexed dotted keys; other serializers require wire capture,Java LocalDateTime epoch ms uses JVM system zone; Go AppTradeOrder uses JsonDateTime ms while admin TradeOrderBase uses time.Time; field-by-field review pending,For page: pageNo/pageSize -> data.list/data.total; defaults/empty list pending runtime,Integer fen where annotated 分 in VO; never infer every numeric field is money,Distinct; per-endpoint verification pending; see edge cases,Preserve Java/Go declarations; safe-integer boundary pending wire decision,CommonResult code/msg/data; Go helpers HTTP 200 incl business error; middleware/Java failures pending,Controller method_source records service calls; transactions/auth/payment side effects NOT tested,tests/test_inventory.py provenance for all rows; tests/frontend-contracts.cjs SELECTED cases only; see wire-contract.md,待处理: Batch D HTTP/DB/page E2E not run
T01-028,uniapp,PUT,/app-api/trade/cart/update-count,sheep/api/trade/cart.js:17,sheep/store/cart.js,candidate first-phase; runtime menus/config unverified,internal/api/router/app.go:164,yudao-module-mall/yudao-module-trade/src/main/java/cn/iocoder/yudao/module/trade/controller/app/cart/AppCartController.java:38,部分对齐,Route registered only; DTO/binding/auth/behavior NOT accepted,Go group middleware: middleware.Auth(); inline middleware: see registration; global tenant middleware NOT acceptance; wire-contract.md,Java @RequestBody JSON,public CommonResult<Boolean> updateCartCount(@Valid @RequestBody AppCartUpdateCountReqVO updateReqVO); VO annotations: fields.json (inheritance unresolved),Endpoint-specific; settlement indexed dotted keys; other serializers require wire capture,Java LocalDateTime epoch ms uses JVM system zone; Go AppTradeOrder uses JsonDateTime ms while admin TradeOrderBase uses time.Time; field-by-field review pending,For page: pageNo/pageSize -> data.list/data.total; defaults/empty list pending runtime,Integer fen where annotated 分 in VO; never infer every numeric field is money,Distinct; per-endpoint verification pending; see edge cases,Preserve Java/Go declarations; safe-integer boundary pending wire decision,CommonResult code/msg/data; Go helpers HTTP 200 incl business error; middleware/Java failures pending,Controller method_source records service calls; transactions/auth/payment side effects NOT tested,tests/test_inventory.py provenance for all rows; tests/frontend-contracts.cjs SELECTED cases only; see wire-contract.md,待处理: Batch D HTTP/DB/page E2E not run
T01-029,uniapp,PUT,/app-api/trade/cart/update-selected,sheep/api/trade/cart.js:24,sheep/store/cart.js,candidate first-phase; runtime menus/config unverified,internal/api/router/app.go:165,yudao-module-mall/yudao-module-trade/src/main/java/cn/iocoder/yudao/module/trade/controller/app/cart/AppCartController.java:45,部分对齐,Route registered only; DTO/binding/auth/behavior NOT accepted,Go group middleware: middleware.Auth(); inline middleware: see registration; global tenant middleware NOT acceptance; wire-contract.md,Java @RequestBody JSON,public CommonResult<Boolean> updateCartSelected(@Valid @RequestBody AppCartUpdateSelectedReqVO updateReqVO); VO annotations: fields.json (inheritance unresolved),Endpoint-specific; settlement indexed dotted keys; other serializers require wire capture,Java LocalDateTime epoch ms uses JVM system zone; Go AppTradeOrder uses JsonDateTime ms while admin TradeOrderBase uses time.Time; field-by-field review pending,For page: pageNo/pageSize -> data.list/data.total; defaults/empty list pending runtime,Integer fen where annotated 分 in VO; never infer every numeric field is money,Distinct; per-endpoint verification pending; see edge cases,Preserve Java/Go declarations; safe-integer boundary pending wire decision,CommonResult code/msg/data; Go helpers HTTP 200 incl business error; middleware/Java failures pending,Controller method_source records service calls; transactions/auth/payment side effects NOT tested,tests/test_inventory.py provenance for all rows; tests/frontend-contracts.cjs SELECTED cases only; see wire-contract.md,待处理: Batch D HTTP/DB/page E2E not run
T01-030,uniapp,DELETE,/app-api/trade/cart/delete,sheep/api/trade/cart.js:31,sheep/store/cart.js,candidate first-phase; runtime menus/config unverified,internal/api/router/app.go:167,yudao-module-mall/yudao-module-trade/src/main/java/cn/iocoder/yudao/module/trade/controller/app/cart/AppCartController.java:59,部分对齐,Route registered only; DTO/binding/auth/behavior NOT accepted,Go group middleware: middleware.Auth(); inline middleware: see registration; global tenant middleware NOT acceptance; wire-contract.md,Java query/model binding; see signature,"public CommonResult<Boolean> deleteCart(@RequestParam(""ids"") List<Long> ids); VO annotations: fields.json (inheritance unresolved)",Endpoint-specific; settlement indexed dotted keys; other serializers require wire capture,Java LocalDateTime epoch ms uses JVM system zone; Go AppTradeOrder uses JsonDateTime ms while admin TradeOrderBase uses time.Time; field-by-field review pending,For page: pageNo/pageSize -> data.list/data.total; defaults/empty list pending runtime,Integer fen where annotated 分 in VO; never infer every numeric field is money,Distinct; per-endpoint verification pending; see edge cases,Preserve Java/Go declarations; safe-integer boundary pending wire decision,CommonResult code/msg/data; Go helpers HTTP 200 incl business error; middleware/Java failures pending,Controller method_source records service calls; transactions/auth/payment side effects NOT tested,tests/test_inventory.py provenance for all rows; tests/frontend-contracts.cjs SELECTED cases only; see wire-contract.md,待处理: Batch D HTTP/DB/page E2E not run
T01-031,uniapp,GET,/app-api/trade/cart/list,sheep/api/trade/cart.js:40,sheep/store/cart.js,candidate first-phase; runtime menus/config unverified,internal/api/router/app.go:169,yudao-module-mall/yudao-module-trade/src/main/java/cn/iocoder/yudao/module/trade/controller/app/cart/AppCartController.java:73,部分对齐,Route registered only; DTO/binding/auth/behavior NOT accepted,Go group middleware: middleware.Auth(); inline middleware: see registration; global tenant middleware NOT acceptance; wire-contract.md,Java query/model binding; see signature,public CommonResult<AppCartListRespVO> getCartList(); VO annotations: fields.json (inheritance unresolved),Endpoint-specific; settlement indexed dotted keys; other serializers require wire capture,Java LocalDateTime epoch ms uses JVM system zone; Go AppTradeOrder uses JsonDateTime ms while admin TradeOrderBase uses time.Time; field-by-field review pending,For page: pageNo/pageSize -> data.list/data.total; defaults/empty list pending runtime,Integer fen where annotated 分 in VO; never infer every numeric field is money,Distinct; per-endpoint verification pending; see edge cases,Preserve Java/Go declarations; safe-integer boundary pending wire decision,CommonResult code/msg/data; Go helpers HTTP 200 incl business error; middleware/Java failures pending,Controller method_source records service calls; transactions/auth/payment side effects NOT tested,tests/test_inventory.py provenance for all rows; tests/frontend-contracts.cjs SELECTED cases only; see wire-contract.md,待处理: Batch D HTTP/DB/page E2E not run
T01-032,uniapp,GET,/app-api/trade/order/settlement,sheep/api/trade/order.js:54,pages/activity/index.vue;pages/chat/components/select-popup.vue;pages/goods/comment/add.vue;pages/goods/index.vue;pages/goods/list.vue;pages/order/aftersale/apply.vue;pages/order/confirm.vue;pages/order/detail.vue;pages/order/express/log.vue;pages/order/list.vue;pages/pay/result.vue;sheep/components/s-goods-card/s-goods-card.vue;sheep/store/user.js,candidate first-phase; runtime menus/config unverified,internal/api/router/app.go:175,yudao-module-mall/yudao-module-trade/src/main/java/cn/iocoder/yudao/module/trade/controller/app/order/AppTradeOrderController.java:60,部分对齐,Route registered only; DTO/binding/auth/behavior NOT accepted,Go group middleware: middleware.Auth(); inline middleware: see registration; global tenant middleware NOT acceptance; wire-contract.md,Java query/model binding; see signature,"public CommonResult<AppTradeOrderSettlementRespVO> settlementOrder(@Valid AppTradeOrderSettlementReqVO settlementReqVO); VO annotations: fields.json (inheritance unresolved); Go PointStatus *bool required, DeliveryType int required, Items nonempty handler check",GET items%5B0%5D.skuId=7&items%5B0%5D.count=2; cartId optional; frontend-contracts.cjs executes fixed serializer,Java LocalDateTime epoch ms uses JVM system zone; Go AppTradeOrder uses JsonDateTime ms while admin TradeOrderBase uses time.Time; field-by-field review pending,For page: pageNo/pageSize -> data.list/data.total; defaults/empty list pending runtime,Integer fen where annotated 分 in VO; never infer every numeric field is money,Distinct; per-endpoint verification pending; see edge cases,Preserve Java/Go declarations; safe-integer boundary pending wire decision,CommonResult code/msg/data; Go helpers HTTP 200 incl business error; middleware/Java failures pending,Controller method_source records service calls; transactions/auth/payment side effects NOT tested,tests/test_inventory.py provenance for all rows; tests/frontend-contracts.cjs SELECTED cases only; see wire-contract.md,待处理: Batch D HTTP/DB/page E2E not run
T01-033,uniapp,GET,/app-api/trade/order/settlement-product,sheep/api/trade/order.js:65,pages/activity/index.vue;pages/chat/components/select-popup.vue;pages/goods/comment/add.vue;pages/goods/index.vue;pages/goods/list.vue;pages/order/aftersale/apply.vue;pages/order/confirm.vue;pages/order/detail.vue;pages/order/express/log.vue;pages/order/list.vue;pages/pay/result.vue;sheep/components/s-goods-card/s-goods-card.vue;sheep/store/user.js,candidate first-phase; runtime menus/config unverified,internal/api/router/app.go:226,yudao-module-mall/yudao-module-trade/src/main/java/cn/iocoder/yudao/module/trade/controller/app/order/AppTradeOrderController.java:66,部分对齐,Route registered only; DTO/binding/auth/behavior NOT accepted,Go group middleware: middleware.OptionalAuth(); inline middleware: see registration; global tenant middleware NOT acceptance; wire-contract.md,Java query/model binding; see signature,"public CommonResult<List<AppTradeProductSettlementRespVO>> settlementProduct(@RequestParam(""spuIds"") List<Long> spuIds); VO annotations: fields.json (inheritance unresolved)",Endpoint-specific; settlement indexed dotted keys; other serializers require wire capture,Java LocalDateTime epoch ms uses JVM system zone; Go AppTradeOrder uses JsonDateTime ms while admin TradeOrderBase uses time.Time; field-by-field review pending,For page: pageNo/pageSize -> data.list/data.total; defaults/empty list pending runtime,Integer fen where annotated 分 in VO; never infer every numeric field is money,Distinct; per-endpoint verification pending; see edge cases,Preserve Java/Go declarations; safe-integer boundary pending wire decision,CommonResult code/msg/data; Go helpers HTTP 200 incl business error; middleware/Java failures pending,Controller method_source records service calls; transactions/auth/payment side effects NOT tested,tests/test_inventory.py provenance for all rows; tests/frontend-contracts.cjs SELECTED cases only; see wire-contract.md,待处理: Batch D HTTP/DB/page E2E not run
T01-034,uniapp,POST,/app-api/trade/order/create,sheep/api/trade/order.js:77,pages/activity/index.vue;pages/chat/components/select-popup.vue;pages/goods/comment/add.vue;pages/goods/index.vue;pages/goods/list.vue;pages/order/aftersale/apply.vue;pages/order/confirm.vue;pages/order/detail.vue;pages/order/express/log.vue;pages/order/list.vue;pages/pay/result.vue;sheep/components/s-goods-card/s-goods-card.vue;sheep/store/user.js,candidate first-phase; runtime menus/config unverified,internal/api/router/app.go:177,yudao-module-mall/yudao-module-trade/src/main/java/cn/iocoder/yudao/module/trade/controller/app/order/AppTradeOrderController.java:74,部分对齐,Route registered only; DTO/binding/auth/behavior NOT accepted,Go group middleware: middleware.Auth(); inline middleware: see registration; global tenant middleware NOT acceptance; wire-contract.md,Java @RequestBody JSON,public CommonResult<AppTradeOrderCreateRespVO> createOrder(@Valid @RequestBody AppTradeOrderCreateReqVO createReqVO); VO annotations: fields.json (inheritance unresolved),Endpoint-specific; settlement indexed dotted keys; other serializers require wire capture,Java LocalDateTime epoch ms uses JVM system zone; Go AppTradeOrder uses JsonDateTime ms while admin TradeOrderBase uses time.Time; field-by-field review pending,For page: pageNo/pageSize -> data.list/data.total; defaults/empty list pending runtime,Integer fen where annotated 分 in VO; never infer every numeric field is money,Distinct; per-endpoint verification pending; see edge cases,Preserve Java/Go declarations; safe-integer boundary pending wire decision,CommonResult code/msg/data; Go helpers HTTP 200 incl business error; middleware/Java failures pending,Controller method_source records service calls; transactions/auth/payment side effects NOT tested,tests/test_inventory.py provenance for all rows; tests/frontend-contracts.cjs SELECTED cases only; see wire-contract.md,待处理: Batch D HTTP/DB/page E2E not run
T01-035,uniapp,GET,/app-api/trade/order/get-detail,sheep/api/trade/order.js:85,pages/activity/index.vue;pages/chat/components/select-popup.vue;pages/goods/comment/add.vue;pages/goods/index.vue;pages/goods/list.vue;pages/order/aftersale/apply.vue;pages/order/confirm.vue;pages/order/detail.vue;pages/order/express/log.vue;pages/order/list.vue;pages/pay/result.vue;sheep/components/s-goods-card/s-goods-card.vue;sheep/store/user.js,candidate first-phase; runtime menus/config unverified,internal/api/router/app.go:178,yudao-module-mall/yudao-module-trade/src/main/java/cn/iocoder/yudao/module/trade/controller/app/order/AppTradeOrderController.java:90,部分对齐,Static gap: Go ignores sync; nil/wrong-owner order returns ErrNotFound; fixed Java returns success(null),Go group middleware: middleware.Auth(); inline middleware: see registration; global tenant middleware NOT acceptance; wire-contract.md,Java query/model binding; see signature,"public CommonResult<AppTradeOrderDetailRespVO> getOrderDetail(@RequestParam(""id"") Long id, @RequestParam(value = ""sync"", required = false) Boolean sync); VO annotations: fields.json (inheritance unresolved)",Endpoint-specific; settlement indexed dotted keys; other serializers require wire capture,Java LocalDateTime epoch ms uses JVM system zone; Go AppTradeOrder uses JsonDateTime ms while admin TradeOrderBase uses time.Time; field-by-field review pending,For page: pageNo/pageSize -> data.list/data.total; defaults/empty list pending runtime,Integer fen where annotated 分 in VO; never infer every numeric field is money,"Java absent/wrong-owner order code=0,data=null; Go ErrNotFound; runtime not executed",Preserve Java/Go declarations; safe-integer boundary pending wire decision,CommonResult code/msg/data; Go helpers HTTP 200 incl business error; middleware/Java failures pending,Controller method_source records service calls; transactions/auth/payment side effects NOT tested,tests/test_inventory.py provenance for all rows; tests/frontend-contracts.cjs SELECTED cases only; see wire-contract.md,待处理: Batch D HTTP/DB/page E2E not run
T01-036,uniapp,GET,/app-api/trade/order/page,sheep/api/trade/order.js:99,pages/activity/index.vue;pages/chat/components/select-popup.vue;pages/goods/comment/add.vue;pages/goods/index.vue;pages/goods/list.vue;pages/order/aftersale/apply.vue;pages/order/confirm.vue;pages/order/detail.vue;pages/order/express/log.vue;pages/order/list.vue;pages/pay/result.vue;sheep/components/s-goods-card/s-goods-card.vue;sheep/store/user.js,candidate first-phase; runtime menus/config unverified,internal/api/router/app.go:180,yudao-module-mall/yudao-module-trade/src/main/java/cn/iocoder/yudao/module/trade/controller/app/order/AppTradeOrderController.java:128,部分对齐,Route registered only; DTO/binding/auth/behavior NOT accepted,Go group middleware: middleware.Auth(); inline middleware: see registration; global tenant middleware NOT acceptance; wire-contract.md,Java query/model binding; see signature,public CommonResult<PageResult<AppTradeOrderPageItemRespVO>> getOrderPage(AppTradeOrderPageReqVO reqVO); VO annotations: fields.json (inheritance unresolved),Endpoint-specific; settlement indexed dotted keys; other serializers require wire capture,Java LocalDateTime epoch ms uses JVM system zone; Go AppTradeOrder uses JsonDateTime ms while admin TradeOrderBase uses time.Time; field-by-field review pending,For page: pageNo/pageSize -> data.list/data.total; defaults/empty list pending runtime,Integer fen where annotated 分 in VO; never infer every numeric field is money,Distinct; per-endpoint verification pending; see edge cases,Preserve Java/Go declarations; safe-integer boundary pending wire decision,CommonResult code/msg/data; Go helpers HTTP 200 incl business error; middleware/Java failures pending,Controller method_source records service calls; transactions/auth/payment side effects NOT tested,tests/test_inventory.py provenance for all rows; tests/frontend-contracts.cjs SELECTED cases only; see wire-contract.md,待处理: Batch D HTTP/DB/page E2E not run
T01-037,uniapp,PUT,/app-api/trade/order/receive,sheep/api/trade/order.js:110,pages/activity/index.vue;pages/chat/components/select-popup.vue;pages/goods/comment/add.vue;pages/goods/index.vue;pages/goods/list.vue;pages/order/aftersale/apply.vue;pages/order/confirm.vue;pages/order/detail.vue;pages/order/express/log.vue;pages/order/list.vue;pages/pay/result.vue;sheep/components/s-goods-card/s-goods-card.vue;sheep/store/user.js,candidate first-phase; runtime menus/config unverified,internal/api/router/app.go:182,yudao-module-mall/yudao-module-trade/src/main/java/cn/iocoder/yudao/module/trade/controller/app/order/AppTradeOrderController.java:163,部分对齐,Route registered only; DTO/binding/auth/behavior NOT accepted,Go group middleware: middleware.Auth(); inline middleware: see registration; global tenant middleware NOT acceptance; wire-contract.md,Java query/model binding; see signature,"public CommonResult<Boolean> receiveOrder(@RequestParam(""id"") Long id); VO annotations: fields.json (inheritance unresolved)",Endpoint-specific; settlement indexed dotted keys; other serializers require wire capture,Java LocalDateTime epoch ms uses JVM system zone; Go AppTradeOrder uses JsonDateTime ms while admin TradeOrderBase uses time.Time; field-by-field review pending,For page: pageNo/pageSize -> data.list/data.total; defaults/empty list pending runtime,Integer fen where annotated 分 in VO; never infer every numeric field is money,Distinct; per-endpoint verification pending; see edge cases,Preserve Java/Go declarations; safe-integer boundary pending wire decision,CommonResult code/msg/data; Go helpers HTTP 200 incl business error; middleware/Java failures pending,Controller method_source records service calls; transactions/auth/payment side effects NOT tested,tests/test_inventory.py provenance for all rows; tests/frontend-contracts.cjs SELECTED cases only; see wire-contract.md,待处理: Batch D HTTP/DB/page E2E not run
T01-038,uniapp,DELETE,/app-api/trade/order/cancel,sheep/api/trade/order.js:120,pages/activity/index.vue;pages/chat/components/select-popup.vue;pages/goods/comment/add.vue;pages/goods/index.vue;pages/goods/list.vue;pages/order/aftersale/apply.vue;pages/order/confirm.vue;pages/order/detail.vue;pages/order/express/log.vue;pages/order/list.vue;pages/pay/result.vue;sheep/components/s-goods-card/s-goods-card.vue;sheep/store/user.js,candidate first-phase; runtime menus/config unverified,internal/api/router/app.go:183,yudao-module-mall/yudao-module-trade/src/main/java/cn/iocoder/yudao/module/trade/controller/app/order/AppTradeOrderController.java:171,部分对齐,Route registered only; DTO/binding/auth/behavior NOT accepted,Go group middleware: middleware.Auth(); inline middleware: see registration; global tenant middleware NOT acceptance; wire-contract.md,Java query/model binding; see signature,"public CommonResult<Boolean> cancelOrder(@RequestParam(""id"") Long id); VO annotations: fields.json (inheritance unresolved)",Endpoint-specific; settlement indexed dotted keys; other serializers require wire capture,Java LocalDateTime epoch ms uses JVM system zone; Go AppTradeOrder uses JsonDateTime ms while admin TradeOrderBase uses time.Time; field-by-field review pending,For page: pageNo/pageSize -> data.list/data.total; defaults/empty list pending runtime,Integer fen where annotated 分 in VO; never infer every numeric field is money,Distinct; per-endpoint verification pending; see edge cases,Preserve Java/Go declarations; safe-integer boundary pending wire decision,CommonResult code/msg/data; Go helpers HTTP 200 incl business error; middleware/Java failures pending,Controller method_source records service calls; transactions/auth/payment side effects NOT tested,tests/test_inventory.py provenance for all rows; tests/frontend-contracts.cjs SELECTED cases only; see wire-contract.md,待处理: Batch D HTTP/DB/page E2E not run
T01-039,uniapp,DELETE,/app-api/trade/order/delete,sheep/api/trade/order.js:130,pages/activity/index.vue;pages/chat/components/select-popup.vue;pages/goods/comment/add.vue;pages/goods/index.vue;pages/goods/list.vue;pages/order/aftersale/apply.vue;pages/order/confirm.vue;pages/order/detail.vue;pages/order/express/log.vue;pages/order/list.vue;pages/pay/result.vue;sheep/components/s-goods-card/s-goods-card.vue;sheep/store/user.js,candidate first-phase; runtime menus/config unverified,NOT_FOUND,yudao-module-mall/yudao-module-trade/src/main/java/cn/iocoder/yudao/module/trade/controller/app/order/AppTradeOrderController.java:179,未实现,No matching registration in pinned internal/api/router; not proof service code absent,Go group middleware: ; inline middleware: see registration; global tenant middleware NOT acceptance; wire-contract.md,Java query/model binding; see signature,"public CommonResult<Boolean> deleteOrder(@RequestParam(""id"") Long id); VO annotations: fields.json (inheritance unresolved)",Endpoint-specific; settlement indexed dotted keys; other serializers require wire capture,Java LocalDateTime epoch ms uses JVM system zone; Go AppTradeOrder uses JsonDateTime ms while admin TradeOrderBase uses time.Time; field-by-field review pending,For page: pageNo/pageSize -> data.list/data.total; defaults/empty list pending runtime,Integer fen where annotated 分 in VO; never infer every numeric field is money,Distinct; per-endpoint verification pending; see edge cases,Preserve Java/Go declarations; safe-integer boundary pending wire decision,CommonResult code/msg/data; Go helpers HTTP 200 incl business error; middleware/Java failures pending,Controller method_source records service calls; transactions/auth/payment side effects NOT tested,tests/test_inventory.py provenance for all rows; tests/frontend-contracts.cjs SELECTED cases only; see wire-contract.md,待处理: Batch D HTTP/DB/page E2E not run
T01-040,uniapp,GET,/app-api/trade/order/get-express-track-list,sheep/api/trade/order.js:140,pages/activity/index.vue;pages/chat/components/select-popup.vue;pages/goods/comment/add.vue;pages/goods/index.vue;pages/goods/list.vue;pages/order/aftersale/apply.vue;pages/order/confirm.vue;pages/order/detail.vue;pages/order/express/log.vue;pages/order/list.vue;pages/pay/result.vue;sheep/components/s-goods-card/s-goods-card.vue;sheep/store/user.js,candidate first-phase; runtime menus/config unverified,internal/api/router/app.go:184,yudao-module-mall/yudao-module-trade/src/main/java/cn/iocoder/yudao/module/trade/controller/app/order/AppTradeOrderController.java:120,部分对齐,Route registered only; DTO/binding/auth/behavior NOT accepted,Go group middleware: middleware.Auth(); inline middleware: see registration; global tenant middleware NOT acceptance; wire-contract.md,Java query/model binding; see signature,"public CommonResult<List<AppOrderExpressTrackRespDTO>> getOrderExpressTrackList(@RequestParam(""id"") Long id); VO annotations: fields.json (inheritance unresolved)",Endpoint-specific; settlement indexed dotted keys; other serializers require wire capture,Java LocalDateTime epoch ms uses JVM system zone; Go AppTradeOrder uses JsonDateTime ms while admin TradeOrderBase uses time.Time; field-by-field review pending,For page: pageNo/pageSize -> data.list/data.total; defaults/empty list pending runtime,Integer fen where annotated 分 in VO; never infer every numeric field is money,Distinct; per-endpoint verification pending; see edge cases,Preserve Java/Go declarations; safe-integer boundary pending wire decision,CommonResult code/msg/data; Go helpers HTTP 200 incl business error; middleware/Java failures pending,Controller method_source records service calls; transactions/auth/payment side effects NOT tested,tests/test_inventory.py provenance for all rows; tests/frontend-contracts.cjs SELECTED cases only; see wire-contract.md,待处理: Batch D HTTP/DB/page E2E not run
T01-041,uniapp,GET,/app-api/trade/order/get-count,sheep/api/trade/order.js:150,pages/activity/index.vue;pages/chat/components/select-popup.vue;pages/goods/comment/add.vue;pages/goods/index.vue;pages/goods/list.vue;pages/order/aftersale/apply.vue;pages/order/confirm.vue;pages/order/detail.vue;pages/order/express/log.vue;pages/order/list.vue;pages/pay/result.vue;sheep/components/s-goods-card/s-goods-card.vue;sheep/store/user.js,candidate first-phase; runtime menus/config unverified,internal/api/router/app.go:181,yudao-module-mall/yudao-module-trade/src/main/java/cn/iocoder/yudao/module/trade/controller/app/order/AppTradeOrderController.java:140,部分对齐,Route registered only; DTO/binding/auth/behavior NOT accepted,Go group middleware: middleware.Auth(); inline middleware: see registration; global tenant middleware NOT acceptance; wire-contract.md,Java query/model binding; see signature,"public CommonResult<Map<String, Long>> getOrderCount(); VO annotations: fields.json (inheritance unresolved)",Endpoint-specific; settlement indexed dotted keys; other serializers require wire capture,Java LocalDateTime epoch ms uses JVM system zone; Go AppTradeOrder uses JsonDateTime ms while admin TradeOrderBase uses time.Time; field-by-field review pending,For page: pageNo/pageSize -> data.list/data.total; defaults/empty list pending runtime,Integer fen where annotated 分 in VO; never infer every numeric field is money,Distinct; per-endpoint verification pending; see edge cases,Preserve Java/Go declarations; safe-integer boundary pending wire decision,CommonResult code/msg/data; Go helpers HTTP 200 incl business error; middleware/Java failures pending,Controller method_source records service calls; transactions/auth/payment side effects NOT tested,tests/test_inventory.py provenance for all rows; tests/frontend-contracts.cjs SELECTED cases only; see wire-contract.md,待处理: Batch D HTTP/DB/page E2E not run
T01-042,uniapp,POST,/app-api/trade/order/item/create-comment,sheep/api/trade/order.js:161,pages/activity/index.vue;pages/chat/components/select-popup.vue;pages/goods/comment/add.vue;pages/goods/index.vue;pages/goods/list.vue;pages/order/aftersale/apply.vue;pages/order/confirm.vue;pages/order/detail.vue;pages/order/express/log.vue;pages/order/list.vue;pages/pay/result.vue;sheep/components/s-goods-card/s-goods-card.vue;sheep/store/user.js,candidate first-phase; runtime menus/config unverified,NOT_FOUND,yudao-module-mall/yudao-module-trade/src/main/java/cn/iocoder/yudao/module/trade/controller/app/order/AppTradeOrderController.java:197,未实现,No matching registration in pinned internal/api/router; not proof service code absent,Go group middleware: ; inline middleware: see registration; global tenant middleware NOT acceptance; wire-contract.md,Java @RequestBody JSON,public CommonResult<Long> createOrderItemComment(@RequestBody AppTradeOrderItemCommentCreateReqVO createReqVO); VO annotations: fields.json (inheritance unresolved),Endpoint-specific; settlement indexed dotted keys; other serializers require wire capture,Java LocalDateTime epoch ms uses JVM system zone; Go AppTradeOrder uses JsonDateTime ms while admin TradeOrderBase uses time.Time; field-by-field review pending,For page: pageNo/pageSize -> data.list/data.total; defaults/empty list pending runtime,Integer fen where annotated 分 in VO; never infer every numeric field is money,Distinct; per-endpoint verification pending; see edge cases,Preserve Java/Go declarations; safe-integer boundary pending wire decision,CommonResult code/msg/data; Go helpers HTTP 200 incl business error; middleware/Java failures pending,Controller method_source records service calls; transactions/auth/payment side effects NOT tested,tests/test_inventory.py provenance for all rows; tests/frontend-contracts.cjs SELECTED cases only; see wire-contract.md,待处理: Batch D HTTP/DB/page E2E not run
T01-043,uniapp,GET,/app-api/trade/after-sale/page,sheep/api/trade/afterSale.js:7,pages/order/aftersale/apply.vue;pages/order/aftersale/detail.vue;pages/order/aftersale/list.vue;pages/order/aftersale/log.vue;pages/order/aftersale/return-delivery.vue,candidate first-phase; runtime menus/config unverified,internal/api/router/app.go:191,yudao-module-mall/yudao-module-trade/src/main/java/cn/iocoder/yudao/module/trade/controller/app/aftersale/AppAfterSaleController.java:35,部分对齐,Route registered only; DTO/binding/auth/behavior NOT accepted,Go group middleware: middleware.Auth(); inline middleware: see registration; global tenant middleware NOT acceptance; wire-contract.md,Java query/model binding; see signature,public CommonResult<PageResult<AppAfterSaleRespVO>> getAfterSalePage(AppAfterSalePageReqVO pageReqVO); VO annotations: fields.json (inheritance unresolved),Endpoint-specific; settlement indexed dotted keys; other serializers require wire capture,Java LocalDateTime epoch ms uses JVM system zone; Go AppTradeOrder uses JsonDateTime ms while admin TradeOrderBase uses time.Time; field-by-field review pending,For page: pageNo/pageSize -> data.list/data.total; defaults/empty list pending runtime,Integer fen where annotated 分 in VO; never infer every numeric field is money,Distinct; per-endpoint verification pending; see edge cases,Preserve Java/Go declarations; safe-integer boundary pending wire decision,CommonResult code/msg/data; Go helpers HTTP 200 incl business error; middleware/Java failures pending,Controller method_source records service calls; transactions/auth/payment side effects NOT tested,tests/test_inventory.py provenance for all rows; tests/frontend-contracts.cjs SELECTED cases only; see wire-contract.md,待处理: Batch D HTTP/DB/page E2E not run
T01-044,uniapp,POST,/app-api/trade/after-sale/create,sheep/api/trade/afterSale.js:18,pages/order/aftersale/apply.vue;pages/order/aftersale/detail.vue;pages/order/aftersale/list.vue;pages/order/aftersale/log.vue;pages/order/aftersale/return-delivery.vue,candidate first-phase; runtime menus/config unverified,internal/api/router/app.go:190,yudao-module-mall/yudao-module-trade/src/main/java/cn/iocoder/yudao/module/trade/controller/app/aftersale/AppAfterSaleController.java:50,部分对齐,Route registered only; DTO/binding/auth/behavior NOT accepted,Go group middleware: middleware.Auth(); inline middleware: see registration; global tenant middleware NOT acceptance; wire-contract.md,Java @RequestBody JSON,public CommonResult<Long> createAfterSale(@Valid @RequestBody AppAfterSaleCreateReqVO createReqVO); VO annotations: fields.json (inheritance unresolved),Endpoint-specific; settlement indexed dotted keys; other serializers require wire capture,Java LocalDateTime epoch ms uses JVM system zone; Go AppTradeOrder uses JsonDateTime ms while admin TradeOrderBase uses time.Time; field-by-field review pending,For page: pageNo/pageSize -> data.list/data.total; defaults/empty list pending runtime,Integer fen where annotated 分 in VO; never infer every numeric field is money,Distinct; per-endpoint verification pending; see edge cases,Preserve Java/Go declarations; safe-integer boundary pending wire decision,CommonResult code/msg/data; Go helpers HTTP 200 incl business error; middleware/Java failures pending,Controller method_source records service calls; transactions/auth/payment side effects NOT tested,tests/test_inventory.py provenance for all rows; tests/frontend-contracts.cjs SELECTED cases only; see wire-contract.md,待处理: Batch D HTTP/DB/page E2E not run
T01-045,uniapp,GET,/app-api/trade/after-sale/get,sheep/api/trade/afterSale.js:26,pages/order/aftersale/apply.vue;pages/order/aftersale/detail.vue;pages/order/aftersale/list.vue;pages/order/aftersale/log.vue;pages/order/aftersale/return-delivery.vue,candidate first-phase; runtime menus/config unverified,internal/api/router/app.go:192,yudao-module-mall/yudao-module-trade/src/main/java/cn/iocoder/yudao/module/trade/controller/app/aftersale/AppAfterSaleController.java:42,部分对齐,Route registered only; DTO/binding/auth/behavior NOT accepted,Go group middleware: middleware.Auth(); inline middleware: see registration; global tenant middleware NOT acceptance; wire-contract.md,Java query/model binding; see signature,"public CommonResult<AppAfterSaleRespVO> getAfterSale(@RequestParam(""id"") Long id); VO annotations: fields.json (inheritance unresolved)",Endpoint-specific; settlement indexed dotted keys; other serializers require wire capture,Java LocalDateTime epoch ms uses JVM system zone; Go AppTradeOrder uses JsonDateTime ms while admin TradeOrderBase uses time.Time; field-by-field review pending,For page: pageNo/pageSize -> data.list/data.total; defaults/empty list pending runtime,Integer fen where annotated 分 in VO; never infer every numeric field is money,Distinct; per-endpoint verification pending; see edge cases,Preserve Java/Go declarations; safe-integer boundary pending wire decision,CommonResult code/msg/data; Go helpers HTTP 200 incl business error; middleware/Java failures pending,Controller method_source records service calls; transactions/auth/payment side effects NOT tested,tests/test_inventory.py provenance for all rows; tests/frontend-contracts.cjs SELECTED cases only; see wire-contract.md,待处理: Batch D HTTP/DB/page E2E not run
T01-046,uniapp,DELETE,/app-api/trade/after-sale/cancel,sheep/api/trade/afterSale.js:36,pages/order/aftersale/apply.vue;pages/order/aftersale/detail.vue;pages/order/aftersale/list.vue;pages/order/aftersale/log.vue;pages/order/aftersale/return-delivery.vue,candidate first-phase; runtime menus/config unverified,internal/api/router/app.go:193,yudao-module-mall/yudao-module-trade/src/main/java/cn/iocoder/yudao/module/trade/controller/app/aftersale/AppAfterSaleController.java:63,部分对齐,Route registered only; DTO/binding/auth/behavior NOT accepted,Go group middleware: middleware.Auth(); inline middleware: see registration; global tenant middleware NOT acceptance; wire-contract.md,Java query/model binding; see signature,"public CommonResult<Boolean> cancelAfterSale(@RequestParam(""id"") Long id); VO annotations: fields.json (inheritance unresolved)",Endpoint-specific; settlement indexed dotted keys; other serializers require wire capture,Java LocalDateTime epoch ms uses JVM system zone; Go AppTradeOrder uses JsonDateTime ms while admin TradeOrderBase uses time.Time; field-by-field review pending,For page: pageNo/pageSize -> data.list/data.total; defaults/empty list pending runtime,Integer fen where annotated 分 in VO; never infer every numeric field is money,Distinct; per-endpoint verification pending; see edge cases,Preserve Java/Go declarations; safe-integer boundary pending wire decision,CommonResult code/msg/data; Go helpers HTTP 200 incl business error; middleware/Java failures pending,Controller method_source records service calls; transactions/auth/payment side effects NOT tested,tests/test_inventory.py provenance for all rows; tests/frontend-contracts.cjs SELECTED cases only; see wire-contract.md,待处理: Batch D HTTP/DB/page E2E not run
T01-047,uniapp,GET,/app-api/trade/after-sale-log/list,sheep/api/trade/afterSale.js:46,pages/order/aftersale/apply.vue;pages/order/aftersale/detail.vue;pages/order/aftersale/list.vue;pages/order/aftersale/log.vue;pages/order/aftersale/return-delivery.vue,candidate first-phase; runtime menus/config unverified,NOT_FOUND,yudao-module-mall/yudao-module-trade/src/main/java/cn/iocoder/yudao/module/trade/controller/app/aftersale/AppAfterSaleLogController.java:33,未实现,No matching registration in pinned internal/api/router; not proof service code absent,Go group middleware: ; inline middleware: see registration; global tenant middleware NOT acceptance; wire-contract.md,Java query/model binding; see signature,"public CommonResult<List<AppAfterSaleLogRespVO>> getAfterSaleLogList( @RequestParam(""afterSaleId"") Long afterSaleId); VO annotations: fields.json (inheritance unresolved)",Endpoint-specific; settlement indexed dotted keys; other serializers require wire capture,Java LocalDateTime epoch ms uses JVM system zone; Go AppTradeOrder uses JsonDateTime ms while admin TradeOrderBase uses time.Time; field-by-field review pending,For page: pageNo/pageSize -> data.list/data.total; defaults/empty list pending runtime,Integer fen where annotated 分 in VO; never infer every numeric field is money,Distinct; per-endpoint verification pending; see edge cases,Preserve Java/Go declarations; safe-integer boundary pending wire decision,CommonResult code/msg/data; Go helpers HTTP 200 incl business error; middleware/Java failures pending,Controller method_source records service calls; transactions/auth/payment side effects NOT tested,tests/test_inventory.py provenance for all rows; tests/frontend-contracts.cjs SELECTED cases only; see wire-contract.md,待处理: Batch D HTTP/DB/page E2E not run
T01-048,uniapp,PUT,/app-api/trade/after-sale/delivery,sheep/api/trade/afterSale.js:56,pages/order/aftersale/apply.vue;pages/order/aftersale/detail.vue;pages/order/aftersale/list.vue;pages/order/aftersale/log.vue;pages/order/aftersale/return-delivery.vue,candidate first-phase; runtime menus/config unverified,NOT_FOUND,yudao-module-mall/yudao-module-trade/src/main/java/cn/iocoder/yudao/module/trade/controller/app/aftersale/AppAfterSaleController.java:56,未实现,Method mismatch; Go registers POST,Go group middleware: ; inline middleware: see registration; global tenant middleware NOT acceptance; wire-contract.md,Java @RequestBody JSON,public CommonResult<Boolean> deliveryAfterSale(@Valid @RequestBody AppAfterSaleDeliveryReqVO deliveryReqVO); VO annotations: fields.json (inheritance unresolved),Endpoint-specific; settlement indexed dotted keys; other serializers require wire capture,Java LocalDateTime epoch ms uses JVM system zone; Go AppTradeOrder uses JsonDateTime ms while admin TradeOrderBase uses time.Time; field-by-field review pending,For page: pageNo/pageSize -> data.list/data.total; defaults/empty list pending runtime,Integer fen where annotated 分 in VO; never infer every numeric field is money,Distinct; per-endpoint verification pending; see edge cases,Preserve Java/Go declarations; safe-integer boundary pending wire decision,CommonResult code/msg/data; Go helpers HTTP 200 incl business error; middleware/Java failures pending,Controller method_source records service calls; transactions/auth/payment side effects NOT tested,tests/test_inventory.py provenance for all rows; tests/frontend-contracts.cjs SELECTED cases only; see wire-contract.md,待处理: Batch D HTTP/DB/page E2E not run
T01-049,uniapp,GET,/app-api/trade/delivery/express/list,sheep/api/trade/delivery.js:7,pages/order/aftersale/return-delivery.vue;pages/order/detail.vue;pages/user/goods_details_store/index.vue,candidate first-phase; runtime menus/config unverified,NOT_FOUND,yudao-module-mall/yudao-module-trade/src/main/java/cn/iocoder/yudao/module/trade/controller/app/delivery/AppDeliverExpressController.java:32,未实现,No matching registration in pinned internal/api/router; not proof service code absent,Go group middleware: ; inline middleware: see registration; global tenant middleware NOT acceptance; wire-contract.md,Java query/model binding; see signature,public CommonResult<List<AppDeliveryExpressRespVO>> getDeliveryExpressList(); VO annotations: fields.json (inheritance unresolved),Endpoint-specific; settlement indexed dotted keys; other serializers require wire capture,Java LocalDateTime epoch ms uses JVM system zone; Go AppTradeOrder uses JsonDateTime ms while admin TradeOrderBase uses time.Time; field-by-field review pending,For page: pageNo/pageSize -> data.list/data.total; defaults/empty list pending runtime,Integer fen where annotated 分 in VO; never infer every numeric field is money,Distinct; per-endpoint verification pending; see edge cases,Preserve Java/Go declarations; safe-integer boundary pending wire decision,CommonResult code/msg/data; Go helpers HTTP 200 incl business error; middleware/Java failures pending,Controller method_source records service calls; transactions/auth/payment side effects NOT tested,tests/test_inventory.py provenance for all rows; tests/frontend-contracts.cjs SELECTED cases only; see wire-contract.md,待处理: Batch D HTTP/DB/page E2E not run
T01-050,uniapp,GET,/app-api/trade/delivery/pick-up-store/list,sheep/api/trade/delivery.js:14,pages/order/aftersale/return-delivery.vue;pages/order/detail.vue;pages/user/goods_details_store/index.vue,candidate first-phase; runtime menus/config unverified,NOT_FOUND,yudao-module-mall/yudao-module-trade/src/main/java/cn/iocoder/yudao/module/trade/controller/app/delivery/AppDeliverPickUpStoreController.java:34,未实现,No matching registration in pinned internal/api/router; not proof service code absent,Go group middleware: ; inline middleware: see registration; global tenant middleware NOT acceptance; wire-contract.md,Java query/model binding; see signature,"public CommonResult<List<AppDeliveryPickUpStoreRespVO>> getDeliveryPickUpStoreList( @RequestParam(value = ""latitude"", required = false) Double latitude, @RequestParam(value = ""longitude"", required = false) Double longitude); VO annotations: fields.json (inheritance unresolved)",Endpoint-specific; settlement indexed dotted keys; other serializers require wire capture,Java LocalDateTime epoch ms uses JVM system zone; Go AppTradeOrder uses JsonDateTime ms while admin TradeOrderBase uses time.Time; field-by-field review pending,For page: pageNo/pageSize -> data.list/data.total; defaults/empty list pending runtime,Integer fen where annotated 分 in VO; never infer every numeric field is money,Distinct; per-endpoint verification pending; see edge cases,Preserve Java/Go declarations; safe-integer boundary pending wire decision,CommonResult code/msg/data; Go helpers HTTP 200 incl business error; middleware/Java failures pending,Controller method_source records service calls; transactions/auth/payment side effects NOT tested,tests/test_inventory.py provenance for all rows; tests/frontend-contracts.cjs SELECTED cases only; see wire-contract.md,待处理: Batch D HTTP/DB/page E2E not run
T01-051,uniapp,GET,/app-api/trade/delivery/pick-up-store/get,sheep/api/trade/delivery.js:22,pages/order/aftersale/return-delivery.vue;pages/order/detail.vue;pages/user/goods_details_store/index.vue,candidate first-phase; runtime menus/config unverified,NOT_FOUND,yudao-module-mall/yudao-module-trade/src/main/java/cn/iocoder/yudao/module/trade/controller/app/delivery/AppDeliverPickUpStoreController.java:49,未实现,No matching registration in pinned internal/api/router; not proof service code absent,Go group middleware: ; inline middleware: see registration; global tenant middleware NOT acceptance; wire-contract.md,Java query/model binding; see signature,"public CommonResult<AppDeliveryPickUpStoreRespVO> getOrder(@RequestParam(""id"") Long id); VO annotations: fields.json (inheritance unresolved)",Endpoint-specific; settlement indexed dotted keys; other serializers require wire capture,Java LocalDateTime epoch ms uses JVM system zone; Go AppTradeOrder uses JsonDateTime ms while admin TradeOrderBase uses time.Time; field-by-field review pending,For page: pageNo/pageSize -> data.list/data.total; defaults/empty list pending runtime,Integer fen where annotated 分 in VO; never infer every numeric field is money,Distinct; per-endpoint verification pending; see edge cases,Preserve Java/Go declarations; safe-integer boundary pending wire decision,CommonResult code/msg/data; Go helpers HTTP 200 incl business error; middleware/Java failures pending,Controller method_source records service calls; transactions/auth/payment side effects NOT tested,tests/test_inventory.py provenance for all rows; tests/frontend-contracts.cjs SELECTED cases only; see wire-contract.md,待处理: Batch D HTTP/DB/page E2E not run
T01-052,uniapp,GET,/app-api/trade/config/get,sheep/api/trade/config.js:7,pages/commission/withdraw.vue;pages/order/aftersale/apply.vue;pages/order/confirm.vue,candidate first-phase; runtime menus/config unverified,internal/api/router/app.go:233,yudao-module-mall/yudao-module-trade/src/main/java/cn/iocoder/yudao/module/trade/controller/app/config/AppTradeConfigController.java:38,部分对齐,Route registered only; DTO/binding/auth/behavior NOT accepted,Go group middleware: ; inline middleware: see registration; global tenant middleware NOT acceptance; wire-contract.md,Java query/model binding; see signature,public CommonResult<AppTradeConfigRespVO> getTradeConfig(); VO annotations: fields.json (inheritance unresolved),Endpoint-specific; settlement indexed dotted keys; other serializers require wire capture,Java LocalDateTime epoch ms uses JVM system zone; Go AppTradeOrder uses JsonDateTime ms while admin TradeOrderBase uses time.Time; field-by-field review pending,For page: pageNo/pageSize -> data.list/data.total; defaults/empty list pending runtime,Integer fen where annotated 分 in VO; never infer every numeric field is money,Distinct; per-endpoint verification pending; see edge cases,Preserve Java/Go declarations; safe-integer boundary pending wire decision,CommonResult code/msg/data; Go helpers HTTP 200 incl business error; middleware/Java failures pending,Controller method_source records service calls; transactions/auth/payment side effects NOT tested,tests/test_inventory.py provenance for all rows; tests/frontend-contracts.cjs SELECTED cases only; see wire-contract.md,待处理: Batch D HTTP/DB/page E2E not run
T01-053,uniapp,GET,/app-api/pay/order/get,sheep/api/pay/order.js:11,pages/order/detail.vue;pages/pay/index.vue;pages/pay/result.vue;sheep/platform/pay.js,candidate first-phase; runtime menus/config unverified,internal/api/router/app.go:373,yudao-module-pay/src/main/java/cn/iocoder/yudao/module/pay/controller/app/order/AppPayOrderController.java:47,部分对齐,Route registered only; DTO/binding/auth/behavior NOT accepted,Go group middleware: middleware.Auth(); inline middleware: see registration; global tenant middleware NOT acceptance; wire-contract.md,Java query/model binding; see signature,"public CommonResult<PayOrderRespVO> getOrder(@RequestParam(value = ""id"", required = false) Long id, @RequestParam(value = ""no"", required = false) String no, @RequestParam(value = ""sync"", required = false) Boolean sync); VO annotations: fields.json (inheritance unresolved)",Endpoint-specific; settlement indexed dotted keys; other serializers require wire capture,Java LocalDateTime epoch ms uses JVM system zone; Go AppTradeOrder uses JsonDateTime ms while admin TradeOrderBase uses time.Time; field-by-field review pending,For page: pageNo/pageSize -> data.list/data.total; defaults/empty list pending runtime,Integer fen where annotated 分 in VO; never infer every numeric field is money,Distinct; per-endpoint verification pending; see edge cases,Preserve Java/Go declarations; safe-integer boundary pending wire decision,CommonResult code/msg/data; Go helpers HTTP 200 incl business error; middleware/Java failures pending,Controller method_source records service calls; transactions/auth/payment side effects NOT tested,tests/test_inventory.py provenance for all rows; tests/frontend-contracts.cjs SELECTED cases only; see wire-contract.md,待处理: Batch D HTTP/DB/page E2E not run
T01-054,uniapp,POST,/app-api/pay/order/submit,sheep/api/pay/order.js:19,pages/order/detail.vue;pages/pay/index.vue;pages/pay/result.vue;sheep/platform/pay.js,candidate first-phase; runtime menus/config unverified,internal/api/router/app.go:374,yudao-module-pay/src/main/java/cn/iocoder/yudao/module/pay/controller/app/order/AppPayOrderController.java:82,部分对齐,Static gap: wx JSAPI DisplayContent bare PrepayId; fixed client JSON.parse requires signed object; frontend negative test reproduces consumer rejection,Go group middleware: middleware.Auth(); inline middleware: see registration; global tenant middleware NOT acceptance; wire-contract.md,Java @RequestBody JSON,public CommonResult<AppPayOrderSubmitRespVO> submitPayOrder(@RequestBody AppPayOrderSubmitReqVO reqVO); VO annotations: fields.json (inheritance unresolved),Endpoint-specific; settlement indexed dotted keys; other serializers require wire capture,Java LocalDateTime epoch ms uses JVM system zone; Go AppTradeOrder uses JsonDateTime ms while admin TradeOrderBase uses time.Time; field-by-field review pending,For page: pageNo/pageSize -> data.list/data.total; defaults/empty list pending runtime,Integer fen where annotated 分 in VO; never infer every numeric field is money,Distinct; per-endpoint verification pending; see edge cases,Preserve Java/Go declarations; safe-integer boundary pending wire decision,CommonResult code/msg/data; Go helpers HTTP 200 incl business error; middleware/Java failures pending,Controller method_source records service calls; transactions/auth/payment side effects NOT tested,tests/test_inventory.py provenance for all rows; tests/frontend-contracts.cjs SELECTED cases only; see wire-contract.md,待处理: Batch D HTTP/DB/page E2E not run
T01-055,uniapp,GET,/app-api/pay/channel/get-enable-code-list,sheep/api/pay/channel.js:7,pages/pay/index.vue,candidate first-phase; runtime menus/config unverified,internal/api/router/app.go:401,yudao-module-pay/src/main/java/cn/iocoder/yudao/module/pay/controller/app/channel/AppPayChannelController.java:31,部分对齐,Route registered only; DTO/binding/auth/behavior NOT accepted,Go group middleware: middleware.Auth(); inline middleware: see registration; global tenant middleware NOT acceptance; wire-contract.md,Java query/model binding; see signature,"public CommonResult<Set<String>> getEnableChannelCodeList(@RequestParam(""appId"") Long appId); VO annotations: fields.json (inheritance unresolved)",Endpoint-specific; settlement indexed dotted keys; other serializers require wire capture,Java LocalDateTime epoch ms uses JVM system zone; Go AppTradeOrder uses JsonDateTime ms while admin TradeOrderBase uses time.Time; field-by-field review pending,For page: pageNo/pageSize -> data.list/data.total; defaults/empty list pending runtime,Integer fen where annotated 分 in VO; never infer every numeric field is money,Distinct; per-endpoint verification pending; see edge cases,Preserve Java/Go declarations; safe-integer boundary pending wire decision,CommonResult code/msg/data; Go helpers HTTP 200 incl business error; middleware/Java failures pending,Controller method_source records service calls; transactions/auth/payment side effects NOT tested,tests/test_inventory.py provenance for all rows; tests/frontend-contracts.cjs SELECTED cases only; see wire-contract.md,待处理: Batch D HTTP/DB/page E2E not run
T01-056,uniapp,GET,/app-api/infra/file/presigned-url,sheep/api/infra/file.js:48,pages/chat/index.vue;sheep/components/s-auth-modal/components/mp-authorization.vue;sheep/components/s-uploader/choose-and-upload-file.js,candidate first-phase; runtime menus/config unverified,NOT_FOUND,yudao-module-infra/src/main/java/cn/iocoder/yudao/module/infra/controller/app/file/AppFileController.java:46,未实现,No matching registration in pinned internal/api/router; not proof service code absent,Go group middleware: ; inline middleware: see registration; global tenant middleware NOT acceptance; wire-contract.md,Java query/model binding; see signature,"public CommonResult<FilePresignedUrlRespVO> getFilePresignedUrl( @RequestParam(""name"") String name, @RequestParam(value = ""directory"", required = false) String directory); VO annotations: fields.json (inheritance unresolved)",Endpoint-specific; settlement indexed dotted keys; other serializers require wire capture,Java LocalDateTime epoch ms uses JVM system zone; Go AppTradeOrder uses JsonDateTime ms while admin TradeOrderBase uses time.Time; field-by-field review pending,For page: pageNo/pageSize -> data.list/data.total; defaults/empty list pending runtime,Integer fen where annotated 分 in VO; never infer every numeric field is money,Distinct; per-endpoint verification pending; see edge cases,Preserve Java/Go declarations; safe-integer boundary pending wire decision,CommonResult code/msg/data; Go helpers HTTP 200 incl business error; middleware/Java failures pending,Controller method_source records service calls; transactions/auth/payment side effects NOT tested,tests/test_inventory.py provenance for all rows; tests/frontend-contracts.cjs SELECTED cases only; see wire-contract.md,待处理: Batch D HTTP/DB/page E2E not run
T01-057,uniapp,POST,/app-api/infra/file/create,sheep/api/infra/file.js:60,pages/chat/index.vue;sheep/components/s-auth-modal/components/mp-authorization.vue;sheep/components/s-uploader/choose-and-upload-file.js,candidate first-phase; runtime menus/config unverified,NOT_FOUND,yudao-module-infra/src/main/java/cn/iocoder/yudao/module/infra/controller/app/file/AppFileController.java:58,未实现,No matching registration in pinned internal/api/router; not proof service code absent,Go group middleware: ; inline middleware: see registration; global tenant middleware NOT acceptance; wire-contract.md,Java @RequestBody JSON,public CommonResult<Long> createFile(@Valid @RequestBody FileCreateReqVO createReqVO); VO annotations: fields.json (inheritance unresolved),Endpoint-specific; settlement indexed dotted keys; other serializers require wire capture,Java LocalDateTime epoch ms uses JVM system zone; Go AppTradeOrder uses JsonDateTime ms while admin TradeOrderBase uses time.Time; field-by-field review pending,For page: pageNo/pageSize -> data.list/data.total; defaults/empty list pending runtime,Integer fen where annotated 分 in VO; never infer every numeric field is money,Distinct; per-endpoint verification pending; see edge cases,Preserve Java/Go declarations; safe-integer boundary pending wire decision,CommonResult code/msg/data; Go helpers HTTP 200 incl business error; middleware/Java failures pending,Controller method_source records service calls; transactions/auth/payment side effects NOT tested,tests/test_inventory.py provenance for all rows; tests/frontend-contracts.cjs SELECTED cases only; see wire-contract.md,待处理: Batch D HTTP/DB/page E2E not run
T01-058,uniapp,POST,/app-api/infra/file/upload,sheep/api/infra/file.js:12,pages/chat/index.vue;sheep/components/s-auth-modal/components/mp-authorization.vue;sheep/components/s-uploader/choose-and-upload-file.js,candidate first-phase; runtime menus/config unverified,NOT_FOUND,yudao-module-infra/src/main/java/cn/iocoder/yudao/module/infra/controller/app/file/AppFileController.java:35,未实现,No matching registration in pinned internal/api/router; not proof service code absent,Go group middleware: ; inline middleware: see registration; global tenant middleware NOT acceptance; wire-contract.md,multipart file + directory,public CommonResult<String> uploadFile(@Valid AppFileUploadReqVO uploadReqVO) throws Exception; VO annotations: fields.json (inheritance unresolved),Endpoint-specific; settlement indexed dotted keys; other serializers require wire capture,Java LocalDateTime epoch ms uses JVM system zone; Go AppTradeOrder uses JsonDateTime ms while admin TradeOrderBase uses time.Time; field-by-field review pending,For page: pageNo/pageSize -> data.list/data.total; defaults/empty list pending runtime,Integer fen where annotated 分 in VO; never infer every numeric field is money,Distinct; per-endpoint verification pending; see edge cases,Preserve Java/Go declarations; safe-integer boundary pending wire decision,CommonResult code/msg/data; Go helpers HTTP 200 incl business error; middleware/Java failures pending,Controller method_source records service calls; transactions/auth/payment side effects NOT tested,tests/test_inventory.py provenance for all rows; tests/frontend-contracts.cjs SELECTED cases only; see wire-contract.md,待处理: Batch D HTTP/DB/page E2E not run
T01-059,uniapp,GET,/app-api/system/tenant/get-by-website,sheep/api/infra/tenant.js:10,sheep/store/app.js,candidate first-phase; runtime menus/config unverified,internal/api/router/app.go:20,yudao-module-system/src/main/java/cn/iocoder/yudao/module/system/controller/app/tenant/AppTenantController.java:34,部分对齐,Route registered only; DTO/binding/auth/behavior NOT accepted,Go group middleware: ; inline middleware: see registration; global tenant middleware NOT acceptance; wire-contract.md,Java query/model binding; see signature,"public CommonResult<AppTenantRespVO> getTenantByWebsite( @RequestParam(""website"") @Pattern(regexp = ""^[a-zA-Z0-9.-]+(:\\d; VO annotations: fields.json (inheritance unresolved)",Endpoint-specific; settlement indexed dotted keys; other serializers require wire capture,Java LocalDateTime epoch ms uses JVM system zone; Go AppTradeOrder uses JsonDateTime ms while admin TradeOrderBase uses time.Time; field-by-field review pending,For page: pageNo/pageSize -> data.list/data.total; defaults/empty list pending runtime,Integer fen where annotated 分 in VO; never infer every numeric field is money,Distinct; per-endpoint verification pending; see edge cases,Preserve Java/Go declarations; safe-integer boundary pending wire decision,CommonResult code/msg/data; Go helpers HTTP 200 incl business error; middleware/Java failures pending,Controller method_source records service calls; transactions/auth/payment side effects NOT tested,tests/test_inventory.py provenance for all rows; tests/frontend-contracts.cjs SELECTED cases only; see wire-contract.md,待处理: Batch D HTTP/DB/page E2E not run
T01-060,uniapp,GET,/app-api/promotion/coupon-template/list-by-ids,sheep/api/promotion/coupon.js:7,pages/coupon/detail.vue;pages/coupon/list.vue;pages/goods/index.vue;sheep/components/s-coupon-block/s-coupon-block.vue;sheep/store/user.js,candidate first-phase; runtime menus/config unverified,internal/api/router/app.go:257,yudao-module-mall/yudao-module-promotion/src/main/java/cn/iocoder/yudao/module/promotion/controller/app/coupon/AppCouponTemplateController.java:94,部分对齐,Route registered only; DTO/binding/auth/behavior NOT accepted,Go group middleware: middleware.OptionalAuth(); inline middleware: see registration; global tenant middleware NOT acceptance; wire-contract.md,Java query/model binding; see signature,"public CommonResult<List<AppCouponTemplateRespVO>> getCouponTemplateList( @RequestParam(value = ""ids"", required = false) Set<Long> ids); VO annotations: fields.json (inheritance unresolved)",Endpoint-specific; settlement indexed dotted keys; other serializers require wire capture,Java LocalDateTime epoch ms uses JVM system zone; Go AppTradeOrder uses JsonDateTime ms while admin TradeOrderBase uses time.Time; field-by-field review pending,For page: pageNo/pageSize -> data.list/data.total; defaults/empty list pending runtime,Integer fen where annotated 分 in VO; never infer every numeric field is money,Distinct; per-endpoint verification pending; see edge cases,Preserve Java/Go declarations; safe-integer boundary pending wire decision,CommonResult code/msg/data; Go helpers HTTP 200 incl business error; middleware/Java failures pending,Controller method_source records service calls; transactions/auth/payment side effects NOT tested,tests/test_inventory.py provenance for all rows; tests/frontend-contracts.cjs SELECTED cases only; see wire-contract.md,待处理: Batch D HTTP/DB/page E2E not run
T01-061,uniapp,GET,/app-api/promotion/coupon-template/list,sheep/api/promotion/coupon.js:19,pages/coupon/detail.vue;pages/coupon/list.vue;pages/goods/index.vue;sheep/components/s-coupon-block/s-coupon-block.vue;sheep/store/user.js,candidate first-phase; runtime menus/config unverified,internal/api/router/app.go:256,yudao-module-mall/yudao-module-promotion/src/main/java/cn/iocoder/yudao/module/promotion/controller/app/coupon/AppCouponTemplateController.java:67,部分对齐,Route registered only; DTO/binding/auth/behavior NOT accepted,Go group middleware: middleware.OptionalAuth(); inline middleware: see registration; global tenant middleware NOT acceptance; wire-contract.md,Java query/model binding; see signature,"public CommonResult<List<AppCouponTemplateRespVO>> getCouponTemplateList( @RequestParam(value = ""spuId"", required = false) Long spuId, @RequestParam(value = ""productScope"", required = false) Integer productScope, @RequestParam(value = ""count"", required = false, defaultValue = ""10"") Integer count); VO annotations: fields.json (inheritance unresolved)",Endpoint-specific; settlement indexed dotted keys; other serializers require wire capture,Java LocalDateTime epoch ms uses JVM system zone; Go AppTradeOrder uses JsonDateTime ms while admin TradeOrderBase uses time.Time; field-by-field review pending,For page: pageNo/pageSize -> data.list/data.total; defaults/empty list pending runtime,Integer fen where annotated 分 in VO; never infer every numeric field is money,Distinct; per-endpoint verification pending; see edge cases,Preserve Java/Go declarations; safe-integer boundary pending wire decision,CommonResult code/msg/data; Go helpers HTTP 200 incl business error; middleware/Java failures pending,Controller method_source records service calls; transactions/auth/payment side effects NOT tested,tests/test_inventory.py provenance for all rows; tests/frontend-contracts.cjs SELECTED cases only; see wire-contract.md,待处理: Batch D HTTP/DB/page E2E not run
T01-062,uniapp,GET,/app-api/promotion/coupon-template/page,sheep/api/promotion/coupon.js:27,pages/coupon/detail.vue;pages/coupon/list.vue;pages/goods/index.vue;sheep/components/s-coupon-block/s-coupon-block.vue;sheep/store/user.js,candidate first-phase; runtime menus/config unverified,internal/api/router/app.go:258,yudao-module-mall/yudao-module-promotion/src/main/java/cn/iocoder/yudao/module/promotion/controller/app/coupon/AppCouponTemplateController.java:109,部分对齐,Route registered only; DTO/binding/auth/behavior NOT accepted,Go group middleware: middleware.OptionalAuth(); inline middleware: see registration; global tenant middleware NOT acceptance; wire-contract.md,Java query/model binding; see signature,public CommonResult<PageResult<AppCouponTemplateRespVO>> getCouponTemplatePage(AppCouponTemplatePageReqVO pageReqVO); VO annotations: fields.json (inheritance unresolved),Endpoint-specific; settlement indexed dotted keys; other serializers require wire capture,Java LocalDateTime epoch ms uses JVM system zone; Go AppTradeOrder uses JsonDateTime ms while admin TradeOrderBase uses time.Time; field-by-field review pending,For page: pageNo/pageSize -> data.list/data.total; defaults/empty list pending runtime,Integer fen where annotated 分 in VO; never infer every numeric field is money,Distinct; per-endpoint verification pending; see edge cases,Preserve Java/Go declarations; safe-integer boundary pending wire decision,CommonResult code/msg/data; Go helpers HTTP 200 incl business error; middleware/Java failures pending,Controller method_source records service calls; transactions/auth/payment side effects NOT tested,tests/test_inventory.py provenance for all rows; tests/frontend-contracts.cjs SELECTED cases only; see wire-contract.md,待处理: Batch D HTTP/DB/page E2E not run
T01-063,uniapp,GET,/app-api/promotion/coupon-template/get,sheep/api/promotion/coupon.js:35,pages/coupon/detail.vue;pages/coupon/list.vue;pages/goods/index.vue;sheep/components/s-coupon-block/s-coupon-block.vue;sheep/store/user.js,candidate first-phase; runtime menus/config unverified,internal/api/router/app.go:255,yudao-module-mall/yudao-module-promotion/src/main/java/cn/iocoder/yudao/module/promotion/controller/app/coupon/AppCouponTemplateController.java:52,部分对齐,Route registered only; DTO/binding/auth/behavior NOT accepted,Go group middleware: middleware.OptionalAuth(); inline middleware: see registration; global tenant middleware NOT acceptance; wire-contract.md,Java query/model binding; see signature,"public CommonResult<AppCouponTemplateRespVO> getCouponTemplate(@RequestParam(""id"") Long id); VO annotations: fields.json (inheritance unresolved)",Endpoint-specific; settlement indexed dotted keys; other serializers require wire capture,Java LocalDateTime epoch ms uses JVM system zone; Go AppTradeOrder uses JsonDateTime ms while admin TradeOrderBase uses time.Time; field-by-field review pending,For page: pageNo/pageSize -> data.list/data.total; defaults/empty list pending runtime,Integer fen where annotated 分 in VO; never infer every numeric field is money,Distinct; per-endpoint verification pending; see edge cases,Preserve Java/Go declarations; safe-integer boundary pending wire decision,CommonResult code/msg/data; Go helpers HTTP 200 incl business error; middleware/Java failures pending,Controller method_source records service calls; transactions/auth/payment side effects NOT tested,tests/test_inventory.py provenance for all rows; tests/frontend-contracts.cjs SELECTED cases only; see wire-contract.md,待处理: Batch D HTTP/DB/page E2E not run
T01-064,uniapp,GET,/app-api/promotion/coupon/page,sheep/api/promotion/coupon.js:43,pages/coupon/detail.vue;pages/coupon/list.vue;pages/goods/index.vue;sheep/components/s-coupon-block/s-coupon-block.vue;sheep/store/user.js,candidate first-phase; runtime menus/config unverified,internal/api/router/app.go:244,yudao-module-mall/yudao-module-promotion/src/main/java/cn/iocoder/yudao/module/promotion/controller/app/coupon/AppCouponController.java:58,部分对齐,Route registered only; DTO/binding/auth/behavior NOT accepted,Go group middleware: middleware.Auth(); inline middleware: see registration; global tenant middleware NOT acceptance; wire-contract.md,Java query/model binding; see signature,public CommonResult<PageResult<AppCouponRespVO>> getCouponPage(AppCouponPageReqVO pageReqVO); VO annotations: fields.json (inheritance unresolved),Endpoint-specific; settlement indexed dotted keys; other serializers require wire capture,Java LocalDateTime epoch ms uses JVM system zone; Go AppTradeOrder uses JsonDateTime ms while admin TradeOrderBase uses time.Time; field-by-field review pending,For page: pageNo/pageSize -> data.list/data.total; defaults/empty list pending runtime,Integer fen where annotated 分 in VO; never infer every numeric field is money,Distinct; per-endpoint verification pending; see edge cases,Preserve Java/Go declarations; safe-integer boundary pending wire decision,CommonResult code/msg/data; Go helpers HTTP 200 incl business error; middleware/Java failures pending,Controller method_source records service calls; transactions/auth/payment side effects NOT tested,tests/test_inventory.py provenance for all rows; tests/frontend-contracts.cjs SELECTED cases only; see wire-contract.md,待处理: Batch D HTTP/DB/page E2E not run
T01-065,uniapp,POST,/app-api/promotion/coupon/take,sheep/api/promotion/coupon.js:51,pages/coupon/detail.vue;pages/coupon/list.vue;pages/goods/index.vue;sheep/components/s-coupon-block/s-coupon-block.vue;sheep/store/user.js,candidate first-phase; runtime menus/config unverified,internal/api/router/app.go:243,yudao-module-mall/yudao-module-promotion/src/main/java/cn/iocoder/yudao/module/promotion/controller/app/coupon/AppCouponController.java:40,部分对齐,Route registered only; DTO/binding/auth/behavior NOT accepted,Go group middleware: middleware.Auth(); inline middleware: see registration; global tenant middleware NOT acceptance; wire-contract.md,Java @RequestBody JSON,public CommonResult<Boolean> takeCoupon(@Valid @RequestBody AppCouponTakeReqVO reqVO); VO annotations: fields.json (inheritance unresolved),Endpoint-specific; settlement indexed dotted keys; other serializers require wire capture,Java LocalDateTime epoch ms uses JVM system zone; Go AppTradeOrder uses JsonDateTime ms while admin TradeOrderBase uses time.Time; field-by-field review pending,For page: pageNo/pageSize -> data.list/data.total; defaults/empty list pending runtime,Integer fen where annotated 分 in VO; never infer every numeric field is money,Distinct; per-endpoint verification pending; see edge cases,Preserve Java/Go declarations; safe-integer boundary pending wire decision,CommonResult code/msg/data; Go helpers HTTP 200 incl business error; middleware/Java failures pending,Controller method_source records service calls; transactions/auth/payment side effects NOT tested,tests/test_inventory.py provenance for all rows; tests/frontend-contracts.cjs SELECTED cases only; see wire-contract.md,待处理: Batch D HTTP/DB/page E2E not run
T01-066,uniapp,GET,/app-api/promotion/coupon/get,sheep/api/promotion/coupon.js:66,pages/coupon/detail.vue;pages/coupon/list.vue;pages/goods/index.vue;sheep/components/s-coupon-block/s-coupon-block.vue;sheep/store/user.js,candidate first-phase; runtime menus/config unverified,internal/api/router/app.go:245,yudao-module-mall/yudao-module-promotion/src/main/java/cn/iocoder/yudao/module/promotion/controller/app/coupon/AppCouponController.java:66,部分对齐,Route registered only; DTO/binding/auth/behavior NOT accepted,Go group middleware: middleware.Auth(); inline middleware: see registration; global tenant middleware NOT acceptance; wire-contract.md,Java query/model binding; see signature,"public CommonResult<AppCouponRespVO> getCoupon(@RequestParam(""id"") Long id); VO annotations: fields.json (inheritance unresolved)",Endpoint-specific; settlement indexed dotted keys; other serializers require wire capture,Java LocalDateTime epoch ms uses JVM system zone; Go AppTradeOrder uses JsonDateTime ms while admin TradeOrderBase uses time.Time; field-by-field review pending,For page: pageNo/pageSize -> data.list/data.total; defaults/empty list pending runtime,Integer fen where annotated 分 in VO; never infer every numeric field is money,Distinct; per-endpoint verification pending; see edge cases,Preserve Java/Go declarations; safe-integer boundary pending wire decision,CommonResult code/msg/data; Go helpers HTTP 200 incl business error; middleware/Java failures pending,Controller method_source records service calls; transactions/auth/payment side effects NOT tested,tests/test_inventory.py provenance for all rows; tests/frontend-contracts.cjs SELECTED cases only; see wire-contract.md,待处理: Batch D HTTP/DB/page E2E not run
T01-067,uniapp,GET,/app-api/promotion/coupon/get-unused-count,sheep/api/promotion/coupon.js:74,pages/coupon/detail.vue;pages/coupon/list.vue;pages/goods/index.vue;sheep/components/s-coupon-block/s-coupon-block.vue;sheep/store/user.js,candidate first-phase; runtime menus/config unverified,internal/api/router/app.go:246,yudao-module-mall/yudao-module-promotion/src/main/java/cn/iocoder/yudao/module/promotion/controller/app/coupon/AppCouponController.java:74,部分对齐,Route registered only; DTO/binding/auth/behavior NOT accepted,Go group middleware: middleware.Auth(); inline middleware: see registration; global tenant middleware NOT acceptance; wire-contract.md,Java query/model binding; see signature,public CommonResult<Long> getUnusedCouponCount(); VO annotations: fields.json (inheritance unresolved),Endpoint-specific; settlement indexed dotted keys; other serializers require wire capture,Java LocalDateTime epoch ms uses JVM system zone; Go AppTradeOrder uses JsonDateTime ms while admin TradeOrderBase uses time.Time; field-by-field review pending,For page: pageNo/pageSize -> data.list/data.total; defaults/empty list pending runtime,Integer fen where annotated 分 in VO; never infer every numeric field is money,Distinct; per-endpoint verification pending; see edge cases,Preserve Java/Go declarations; safe-integer boundary pending wire decision,CommonResult code/msg/data; Go helpers HTTP 200 incl business error; middleware/Java failures pending,Controller method_source records service calls; transactions/auth/payment side effects NOT tested,tests/test_inventory.py provenance for all rows; tests/frontend-contracts.cjs SELECTED cases only; see wire-contract.md,待处理: Batch D HTTP/DB/page E2E not run
T01-068,uniapp,GET,/app-api/member/point/record/page,sheep/api/member/point.js:13,pages/user/wallet/score.vue,candidate first-phase; runtime menus/config unverified,internal/api/router/app.go:74,yudao-module-member/src/main/java/cn/iocoder/yudao/module/member/controller/app/point/AppMemberPointRecordController.java:32,部分对齐,Route registered only; DTO/binding/auth/behavior NOT accepted,Go group middleware: middleware.Auth(); inline middleware: see registration; global tenant middleware NOT acceptance; wire-contract.md,Java query/model binding; see signature,public CommonResult<PageResult<AppMemberPointRecordRespVO>> getPointRecordPage( @Valid AppMemberPointRecordPageReqVO pageReqVO); VO annotations: fields.json (inheritance unresolved),Endpoint-specific; settlement indexed dotted keys; other serializers require wire capture,Java LocalDateTime epoch ms uses JVM system zone; Go AppTradeOrder uses JsonDateTime ms while admin TradeOrderBase uses time.Time; field-by-field review pending,For page: pageNo/pageSize -> data.list/data.total; defaults/empty list pending runtime,Integer fen where annotated 分 in VO; never infer every numeric field is money,Distinct; per-endpoint verification pending; see edge cases,Preserve Java/Go declarations; safe-integer boundary pending wire decision,CommonResult code/msg/data; Go helpers HTTP 200 incl business error; middleware/Java failures pending,Controller method_source records service calls; transactions/auth/payment side effects NOT tested,tests/test_inventory.py provenance for all rows; tests/frontend-contracts.cjs SELECTED cases only; see wire-contract.md,待处理: Batch D HTTP/DB/page E2E not run
T01-069,admin,GET,/admin-api/infra/file/page,src/api/infra/file/index.ts:17,UNRESOLVED (API wrapper exists; enabled page not proven),candidate first-phase; runtime menus/config unverified,internal/api/router/system.go:408,yudao-module-infra/src/main/java/cn/iocoder/yudao/module/infra/controller/admin/file/FileController.java:131,部分对齐,Route registered only; DTO/binding/auth/behavior NOT accepted,Go group middleware: middleware.Auth(); inline middleware: see registration; global tenant middleware NOT acceptance; wire-contract.md,Java query/model binding; see signature,public CommonResult<PageResult<FileRespVO>> getFilePage(@Valid FilePageReqVO pageVO); VO annotations: fields.json (inheritance unresolved),Endpoint-specific; settlement indexed dotted keys; other serializers require wire capture,Java LocalDateTime epoch ms uses JVM system zone; Go AppTradeOrder uses JsonDateTime ms while admin TradeOrderBase uses time.Time; field-by-field review pending,For page: pageNo/pageSize -> data.list/data.total; defaults/empty list pending runtime,Integer fen where annotated 分 in VO; never infer every numeric field is money,Distinct; per-endpoint verification pending; see edge cases,Preserve Java/Go declarations; safe-integer boundary pending wire decision,CommonResult code/msg/data; Go helpers HTTP 200 incl business error; middleware/Java failures pending,Controller method_source records service calls; transactions/auth/payment side effects NOT tested,tests/test_inventory.py provenance for all rows; tests/frontend-contracts.cjs SELECTED cases only; see wire-contract.md,待处理: Batch D HTTP/DB/page E2E not run
T01-070,admin,DELETE,/admin-api/infra/file/delete,src/api/infra/file/index.ts:22,UNRESOLVED (API wrapper exists; enabled page not proven),candidate first-phase; runtime menus/config unverified,internal/api/router/system.go:406,yudao-module-infra/src/main/java/cn/iocoder/yudao/module/infra/controller/admin/file/FileController.java:83,部分对齐,Route registered only; DTO/binding/auth/behavior NOT accepted,Go group middleware: middleware.Auth(); inline middleware: see registration; global tenant middleware NOT acceptance; wire-contract.md,Java query/model binding; see signature,"public CommonResult<Boolean> deleteFile(@RequestParam(""id"") Long id) throws Exception; VO annotations: fields.json (inheritance unresolved)",Endpoint-specific; settlement indexed dotted keys; other serializers require wire capture,Java LocalDateTime epoch ms uses JVM system zone; Go AppTradeOrder uses JsonDateTime ms while admin TradeOrderBase uses time.Time; field-by-field review pending,For page: pageNo/pageSize -> data.list/data.total; defaults/empty list pending runtime,Integer fen where annotated 分 in VO; never infer every numeric field is money,Distinct; per-endpoint verification pending; see edge cases,Preserve Java/Go declarations; safe-integer boundary pending wire decision,CommonResult code/msg/data; Go helpers HTTP 200 incl business error; middleware/Java failures pending,Controller method_source records service calls; transactions/auth/payment side effects NOT tested,tests/test_inventory.py provenance for all rows; tests/frontend-contracts.cjs SELECTED cases only; see wire-contract.md,待处理: Batch D HTTP/DB/page E2E not run
T01-071,admin,DELETE,/admin-api/infra/file/delete-list,src/api/infra/file/index.ts:27,UNRESOLVED (API wrapper exists; enabled page not proven),candidate first-phase; runtime menus/config unverified,internal/api/router/system.go:407,yudao-module-infra/src/main/java/cn/iocoder/yudao/module/infra/controller/admin/file/FileController.java:92,部分对齐,Route registered only; DTO/binding/auth/behavior NOT accepted,Go group middleware: middleware.Auth(); inline middleware: see registration; global tenant middleware NOT acceptance; wire-contract.md,Java query/model binding; see signature,"public CommonResult<Boolean> deleteFileList(@RequestParam(""ids"") List<Long> ids) throws Exception; VO annotations: fields.json (inheritance unresolved)",Endpoint-specific; settlement indexed dotted keys; other serializers require wire capture,Java LocalDateTime epoch ms uses JVM system zone; Go AppTradeOrder uses JsonDateTime ms while admin TradeOrderBase uses time.Time; field-by-field review pending,For page: pageNo/pageSize -> data.list/data.total; defaults/empty list pending runtime,Integer fen where annotated 分 in VO; never infer every numeric field is money,Distinct; per-endpoint verification pending; see edge cases,Preserve Java/Go declarations; safe-integer boundary pending wire decision,CommonResult code/msg/data; Go helpers HTTP 200 incl business error; middleware/Java failures pending,Controller method_source records service calls; transactions/auth/payment side effects NOT tested,tests/test_inventory.py provenance for all rows; tests/frontend-contracts.cjs SELECTED cases only; see wire-contract.md,待处理: Batch D HTTP/DB/page E2E not run
T01-072,admin,GET,/admin-api/infra/file/presigned-url,src/api/infra/file/index.ts:33,UNRESOLVED (API wrapper exists; enabled page not proven),candidate first-phase; runtime menus/config unverified,internal/api/router/system.go:409,yudao-module-infra/src/main/java/cn/iocoder/yudao/module/infra/controller/admin/file/FileController.java:57,部分对齐,Route registered only; DTO/binding/auth/behavior NOT accepted,Go group middleware: middleware.Auth(); inline middleware: see registration; global tenant middleware NOT acceptance; wire-contract.md,Java query/model binding; see signature,"public CommonResult<FilePresignedUrlRespVO> getFilePresignedUrl( @RequestParam(""name"") String name, @RequestParam(value = ""directory"", required = false) String directory); VO annotations: fields.json (inheritance unresolved)",Endpoint-specific; settlement indexed dotted keys; other serializers require wire capture,Java LocalDateTime epoch ms uses JVM system zone; Go AppTradeOrder uses JsonDateTime ms while admin TradeOrderBase uses time.Time; field-by-field review pending,For page: pageNo/pageSize -> data.list/data.total; defaults/empty list pending runtime,Integer fen where annotated 分 in VO; never infer every numeric field is money,Distinct; per-endpoint verification pending; see edge cases,Preserve Java/Go declarations; safe-integer boundary pending wire decision,CommonResult code/msg/data; Go helpers HTTP 200 incl business error; middleware/Java failures pending,Controller method_source records service calls; transactions/auth/payment side effects NOT tested,tests/test_inventory.py provenance for all rows; tests/frontend-contracts.cjs SELECTED cases only; see wire-contract.md,待处理: Batch D HTTP/DB/page E2E not run
T01-073,admin,POST,/admin-api/infra/file/create,src/api/infra/file/index.ts:40,UNRESOLVED (API wrapper exists; enabled page not proven),candidate first-phase; runtime menus/config unverified,internal/api/router/system.go:410,yudao-module-infra/src/main/java/cn/iocoder/yudao/module/infra/controller/admin/file/FileController.java:69,部分对齐,Route registered only; DTO/binding/auth/behavior NOT accepted,Go group middleware: middleware.Auth(); inline middleware: see registration; global tenant middleware NOT acceptance; wire-contract.md,Java @RequestBody JSON,public CommonResult<Long> createFile(@Valid @RequestBody FileCreateReqVO createReqVO); VO annotations: fields.json (inheritance unresolved),Endpoint-specific; settlement indexed dotted keys; other serializers require wire capture,Java LocalDateTime epoch ms uses JVM system zone; Go AppTradeOrder uses JsonDateTime ms while admin TradeOrderBase uses time.Time; field-by-field review pending,For page: pageNo/pageSize -> data.list/data.total; defaults/empty list pending runtime,Integer fen where annotated 分 in VO; never infer every numeric field is money,Distinct; per-endpoint verification pending; see edge cases,Preserve Java/Go declarations; safe-integer boundary pending wire decision,CommonResult code/msg/data; Go helpers HTTP 200 incl business error; middleware/Java failures pending,Controller method_source records service calls; transactions/auth/payment side effects NOT tested,tests/test_inventory.py provenance for all rows; tests/frontend-contracts.cjs SELECTED cases only; see wire-contract.md,待处理: Batch D HTTP/DB/page E2E not run
T01-074,admin,POST,/admin-api/infra/file/upload,src/api/infra/file/index.ts:45,UNRESOLVED (API wrapper exists; enabled page not proven),candidate first-phase; runtime menus/config unverified,internal/api/router/system.go:404,yudao-module-infra/src/main/java/cn/iocoder/yudao/module/infra/controller/admin/file/FileController.java:46,部分对齐,Route registered only; DTO/binding/auth/behavior NOT accepted,Go group middleware: middleware.Auth(); inline middleware: see registration; global tenant middleware NOT acceptance; wire-contract.md,multipart file + directory,public CommonResult<String> uploadFile(@Valid FileUploadReqVO uploadReqVO) throws Exception; VO annotations: fields.json (inheritance unresolved),Endpoint-specific; settlement indexed dotted keys; other serializers require wire capture,Java LocalDateTime epoch ms uses JVM system zone; Go AppTradeOrder uses JsonDateTime ms while admin TradeOrderBase uses time.Time; field-by-field review pending,For page: pageNo/pageSize -> data.list/data.total; defaults/empty list pending runtime,Integer fen where annotated 分 in VO; never infer every numeric field is money,Distinct; per-endpoint verification pending; see edge cases,Preserve Java/Go declarations; safe-integer boundary pending wire decision,CommonResult code/msg/data; Go helpers HTTP 200 incl business error; middleware/Java failures pending,Controller method_source records service calls; transactions/auth/payment side effects NOT tested,tests/test_inventory.py provenance for all rows; tests/frontend-contracts.cjs SELECTED cases only; see wire-contract.md,待处理: Batch D HTTP/DB/page E2E not run
T01-075,admin,POST,/admin-api/system/auth/login,src/api/login/index.ts:17,UNRESOLVED (API wrapper exists; enabled page not proven),candidate first-phase; runtime menus/config unverified,internal/api/router/system.go:24,yudao-module-system/src/main/java/cn/iocoder/yudao/module/system/controller/admin/auth/AuthController.java:66,部分对齐,Route registered only; DTO/binding/auth/behavior NOT accepted,Go group middleware: ; inline middleware: see registration; global tenant middleware NOT acceptance; wire-contract.md,Java @RequestBody JSON,public CommonResult<AuthLoginRespVO> login(@RequestBody @Valid AuthLoginReqVO reqVO); VO annotations: fields.json (inheritance unresolved),Endpoint-specific; settlement indexed dotted keys; other serializers require wire capture,Java LocalDateTime epoch ms uses JVM system zone; Go AppTradeOrder uses JsonDateTime ms while admin TradeOrderBase uses time.Time; field-by-field review pending,For page: pageNo/pageSize -> data.list/data.total; defaults/empty list pending runtime,Integer fen where annotated 分 in VO; never infer every numeric field is money,Distinct; per-endpoint verification pending; see edge cases,Preserve Java/Go declarations; safe-integer boundary pending wire decision,CommonResult code/msg/data; Go helpers HTTP 200 incl business error; middleware/Java failures pending,Controller method_source records service calls; transactions/auth/payment side effects NOT tested,tests/test_inventory.py provenance for all rows; tests/frontend-contracts.cjs SELECTED cases only; see wire-contract.md,待处理: Batch D HTTP/DB/page E2E not run
T01-076,admin,POST,/admin-api/system/auth/register,src/api/login/index.ts:27,UNRESOLVED (API wrapper exists; enabled page not proven),candidate first-phase; runtime menus/config unverified,internal/api/router/system.go:29,yudao-module-system/src/main/java/cn/iocoder/yudao/module/system/controller/admin/auth/AuthController.java:120,部分对齐,Route registered only; DTO/binding/auth/behavior NOT accepted,Go group middleware: ; inline middleware: see registration; global tenant middleware NOT acceptance; wire-contract.md,Java @RequestBody JSON,public CommonResult<AuthLoginRespVO> register(@RequestBody @Valid AuthRegisterReqVO registerReqVO); VO annotations: fields.json (inheritance unresolved),Endpoint-specific; settlement indexed dotted keys; other serializers require wire capture,Java LocalDateTime epoch ms uses JVM system zone; Go AppTradeOrder uses JsonDateTime ms while admin TradeOrderBase uses time.Time; field-by-field review pending,For page: pageNo/pageSize -> data.list/data.total; defaults/empty list pending runtime,Integer fen where annotated 分 in VO; never infer every numeric field is money,Distinct; per-endpoint verification pending; see edge cases,Preserve Java/Go declarations; safe-integer boundary pending wire decision,CommonResult code/msg/data; Go helpers HTTP 200 incl business error; middleware/Java failures pending,Controller method_source records service calls; transactions/auth/payment side effects NOT tested,tests/test_inventory.py provenance for all rows; tests/frontend-contracts.cjs SELECTED cases only; see wire-contract.md,待处理: Batch D HTTP/DB/page E2E not run
T01-077,admin,GET,/admin-api/system/tenant/get-id-by-name,src/api/login/index.ts:32,UNRESOLVED (API wrapper exists; enabled page not proven),candidate first-phase; runtime menus/config unverified,internal/api/router/system.go:47,yudao-module-system/src/main/java/cn/iocoder/yudao/module/system/controller/admin/tenant/TenantController.java:44,部分对齐,Route registered only; DTO/binding/auth/behavior NOT accepted,Go group middleware: ; inline middleware: see registration; global tenant middleware NOT acceptance; wire-contract.md,Java query/model binding; see signature,"public CommonResult<Long> getTenantIdByName(@RequestParam(""name"") String name); VO annotations: fields.json (inheritance unresolved)",Endpoint-specific; settlement indexed dotted keys; other serializers require wire capture,Java LocalDateTime epoch ms uses JVM system zone; Go AppTradeOrder uses JsonDateTime ms while admin TradeOrderBase uses time.Time; field-by-field review pending,For page: pageNo/pageSize -> data.list/data.total; defaults/empty list pending runtime,Integer fen where annotated 分 in VO; never infer every numeric field is money,Distinct; per-endpoint verification pending; see edge cases,Preserve Java/Go declarations; safe-integer boundary pending wire decision,CommonResult code/msg/data; Go helpers HTTP 200 incl business error; middleware/Java failures pending,Controller method_source records service calls; transactions/auth/payment side effects NOT tested,tests/test_inventory.py provenance for all rows; tests/frontend-contracts.cjs SELECTED cases only; see wire-contract.md,待处理: Batch D HTTP/DB/page E2E not run
T01-078,admin,GET,/admin-api/system/tenant/get-by-website,src/api/login/index.ts:37,UNRESOLVED (API wrapper exists; enabled page not proven),candidate first-phase; runtime menus/config unverified,internal/api/router/system.go:46,yudao-module-system/src/main/java/cn/iocoder/yudao/module/system/controller/admin/tenant/TenantController.java:64,部分对齐,Route registered only; DTO/binding/auth/behavior NOT accepted,Go group middleware: ; inline middleware: see registration; global tenant middleware NOT acceptance; wire-contract.md,Java query/model binding; see signature,"public CommonResult<TenantRespVO> getTenantByWebsite( @RequestParam(""website"") @Pattern(regexp = ""^[a-zA-Z0-9.-]+(:\\d; VO annotations: fields.json (inheritance unresolved)",Endpoint-specific; settlement indexed dotted keys; other serializers require wire capture,Java LocalDateTime epoch ms uses JVM system zone; Go AppTradeOrder uses JsonDateTime ms while admin TradeOrderBase uses time.Time; field-by-field review pending,For page: pageNo/pageSize -> data.list/data.total; defaults/empty list pending runtime,Integer fen where annotated 分 in VO; never infer every numeric field is money,Distinct; per-endpoint verification pending; see edge cases,Preserve Java/Go declarations; safe-integer boundary pending wire decision,CommonResult code/msg/data; Go helpers HTTP 200 incl business error; middleware/Java failures pending,Controller method_source records service calls; transactions/auth/payment side effects NOT tested,tests/test_inventory.py provenance for all rows; tests/frontend-contracts.cjs SELECTED cases only; see wire-contract.md,待处理: Batch D HTTP/DB/page E2E not run
T01-079,admin,POST,/admin-api/system/auth/logout,src/api/login/index.ts:42,UNRESOLVED (API wrapper exists; enabled page not proven),candidate first-phase; runtime menus/config unverified,internal/api/router/system.go:25,yudao-module-system/src/main/java/cn/iocoder/yudao/module/system/controller/admin/auth/AuthController.java:73,部分对齐,Route registered only; DTO/binding/auth/behavior NOT accepted,Go group middleware: ; inline middleware: see registration; global tenant middleware NOT acceptance; wire-contract.md,Java query/model binding; see signature,public CommonResult<Boolean> logout(HttpServletRequest request); VO annotations: fields.json (inheritance unresolved),Endpoint-specific; settlement indexed dotted keys; other serializers require wire capture,Java LocalDateTime epoch ms uses JVM system zone; Go AppTradeOrder uses JsonDateTime ms while admin TradeOrderBase uses time.Time; field-by-field review pending,For page: pageNo/pageSize -> data.list/data.total; defaults/empty list pending runtime,Integer fen where annotated 分 in VO; never infer every numeric field is money,Distinct; per-endpoint verification pending; see edge cases,Preserve Java/Go declarations; safe-integer boundary pending wire decision,CommonResult code/msg/data; Go helpers HTTP 200 incl business error; middleware/Java failures pending,Controller method_source records service calls; transactions/auth/payment side effects NOT tested,tests/test_inventory.py provenance for all rows; tests/frontend-contracts.cjs SELECTED cases only; see wire-contract.md,待处理: Batch D HTTP/DB/page E2E not run
T01-080,admin,GET,/admin-api/system/auth/get-permission-info,src/api/login/index.ts:47,UNRESOLVED (API wrapper exists; enabled page not proven),candidate first-phase; runtime menus/config unverified,internal/api/router/system.go:110,yudao-module-system/src/main/java/cn/iocoder/yudao/module/system/controller/admin/auth/AuthController.java:93,部分对齐,Route registered only; DTO/binding/auth/behavior NOT accepted,Go group middleware: middleware.Auth(); inline middleware: see registration; global tenant middleware NOT acceptance; wire-contract.md,Java query/model binding; see signature,public CommonResult<AuthPermissionInfoRespVO> getPermissionInfo(); VO annotations: fields.json (inheritance unresolved),Endpoint-specific; settlement indexed dotted keys; other serializers require wire capture,Java LocalDateTime epoch ms uses JVM system zone; Go AppTradeOrder uses JsonDateTime ms while admin TradeOrderBase uses time.Time; field-by-field review pending,For page: pageNo/pageSize -> data.list/data.total; defaults/empty list pending runtime,Integer fen where annotated 分 in VO; never infer every numeric field is money,Distinct; per-endpoint verification pending; see edge cases,Preserve Java/Go declarations; safe-integer boundary pending wire decision,CommonResult code/msg/data; Go helpers HTTP 200 incl business error; middleware/Java failures pending,Controller method_source records service calls; transactions/auth/payment side effects NOT tested,tests/test_inventory.py provenance for all rows; tests/frontend-contracts.cjs SELECTED cases only; see wire-contract.md,待处理: Batch D HTTP/DB/page E2E not run
T01-081,admin,POST,/admin-api/system/auth/send-sms-code,src/api/login/index.ts:52,UNRESOLVED (API wrapper exists; enabled page not proven),candidate first-phase; runtime menus/config unverified,internal/api/router/system.go:28,yudao-module-system/src/main/java/cn/iocoder/yudao/module/system/controller/admin/auth/AuthController.java:138,部分对齐,Route registered only; DTO/binding/auth/behavior NOT accepted,Go group middleware: ; inline middleware: see registration; global tenant middleware NOT acceptance; wire-contract.md,Java @RequestBody JSON,public CommonResult<Boolean> sendLoginSmsCode(@RequestBody @Valid AuthSmsSendReqVO reqVO); VO annotations: fields.json (inheritance unresolved),Endpoint-specific; settlement indexed dotted keys; other serializers require wire capture,Java LocalDateTime epoch ms uses JVM system zone; Go AppTradeOrder uses JsonDateTime ms while admin TradeOrderBase uses time.Time; field-by-field review pending,For page: pageNo/pageSize -> data.list/data.total; defaults/empty list pending runtime,Integer fen where annotated 分 in VO; never infer every numeric field is money,Distinct; per-endpoint verification pending; see edge cases,Preserve Java/Go declarations; safe-integer boundary pending wire decision,CommonResult code/msg/data; Go helpers HTTP 200 incl business error; middleware/Java failures pending,Controller method_source records service calls; transactions/auth/payment side effects NOT tested,tests/test_inventory.py provenance for all rows; tests/frontend-contracts.cjs SELECTED cases only; see wire-contract.md,待处理: Batch D HTTP/DB/page E2E not run
T01-082,admin,POST,/admin-api/system/auth/sms-login,src/api/login/index.ts:57,UNRESOLVED (API wrapper exists; enabled page not proven),candidate first-phase; runtime menus/config unverified,internal/api/router/system.go:27,yudao-module-system/src/main/java/cn/iocoder/yudao/module/system/controller/admin/auth/AuthController.java:129,部分对齐,Route registered only; DTO/binding/auth/behavior NOT accepted,Go group middleware: ; inline middleware: see registration; global tenant middleware NOT acceptance; wire-contract.md,Java @RequestBody JSON,public CommonResult<AuthLoginRespVO> smsLogin(@RequestBody @Valid AuthSmsLoginReqVO reqVO); VO annotations: fields.json (inheritance unresolved),Endpoint-specific; settlement indexed dotted keys; other serializers require wire capture,Java LocalDateTime epoch ms uses JVM system zone; Go AppTradeOrder uses JsonDateTime ms while admin TradeOrderBase uses time.Time; field-by-field review pending,For page: pageNo/pageSize -> data.list/data.total; defaults/empty list pending runtime,Integer fen where annotated 分 in VO; never infer every numeric field is money,Distinct; per-endpoint verification pending; see edge cases,Preserve Java/Go declarations; safe-integer boundary pending wire decision,CommonResult code/msg/data; Go helpers HTTP 200 incl business error; middleware/Java failures pending,Controller method_source records service calls; transactions/auth/payment side effects NOT tested,tests/test_inventory.py provenance for all rows; tests/frontend-contracts.cjs SELECTED cases only; see wire-contract.md,待处理: Batch D HTTP/DB/page E2E not run
T01-083,admin,POST,/admin-api/system/auth/social-login,src/api/login/index.ts:63,UNRESOLVED (API wrapper exists; enabled page not proven),candidate first-phase; runtime menus/config unverified,internal/api/router/system.go:32,yudao-module-system/src/main/java/cn/iocoder/yudao/module/system/controller/admin/auth/AuthController.java:169,部分对齐,Route registered only; DTO/binding/auth/behavior NOT accepted,Go group middleware: ; inline middleware: see registration; global tenant middleware NOT acceptance; wire-contract.md,Java @RequestBody JSON,public CommonResult<AuthLoginRespVO> socialQuickLogin(@RequestBody @Valid AuthSocialLoginReqVO reqVO); VO annotations: fields.json (inheritance unresolved),Endpoint-specific; settlement indexed dotted keys; other serializers require wire capture,Java LocalDateTime epoch ms uses JVM system zone; Go AppTradeOrder uses JsonDateTime ms while admin TradeOrderBase uses time.Time; field-by-field review pending,For page: pageNo/pageSize -> data.list/data.total; defaults/empty list pending runtime,Integer fen where annotated 分 in VO; never infer every numeric field is money,Distinct; per-endpoint verification pending; see edge cases,Preserve Java/Go declarations; safe-integer boundary pending wire decision,CommonResult code/msg/data; Go helpers HTTP 200 incl business error; middleware/Java failures pending,Controller method_source records service calls; transactions/auth/payment side effects NOT tested,tests/test_inventory.py provenance for all rows; tests/frontend-contracts.cjs SELECTED cases only; see wire-contract.md,待处理: Batch D HTTP/DB/page E2E not run
T01-084,admin,GET,/admin-api/system/auth/social-auth-redirect,src/api/login/index.ts:75,UNRESOLVED (API wrapper exists; enabled page not proven),candidate first-phase; runtime menus/config unverified,internal/api/router/system.go:31,yudao-module-system/src/main/java/cn/iocoder/yudao/module/system/controller/admin/auth/AuthController.java:156,部分对齐,Route registered only; DTO/binding/auth/behavior NOT accepted,Go group middleware: ; inline middleware: see registration; global tenant middleware NOT acceptance; wire-contract.md,Java query/model binding; see signature,"public CommonResult<String> socialLogin(@RequestParam(""type"") Integer type, @RequestParam(""redirectUri"") String redirectUri); VO annotations: fields.json (inheritance unresolved)",Endpoint-specific; settlement indexed dotted keys; other serializers require wire capture,Java LocalDateTime epoch ms uses JVM system zone; Go AppTradeOrder uses JsonDateTime ms while admin TradeOrderBase uses time.Time; field-by-field review pending,For page: pageNo/pageSize -> data.list/data.total; defaults/empty list pending runtime,Integer fen where annotated 分 in VO; never infer every numeric field is money,Distinct; per-endpoint verification pending; see edge cases,Preserve Java/Go declarations; safe-integer boundary pending wire decision,CommonResult code/msg/data; Go helpers HTTP 200 incl business error; middleware/Java failures pending,Controller method_source records service calls; transactions/auth/payment side effects NOT tested,tests/test_inventory.py provenance for all rows; tests/frontend-contracts.cjs SELECTED cases only; see wire-contract.md,待处理: Batch D HTTP/DB/page E2E not run
T01-085,admin,POST,/admin-api/system/captcha/get,src/api/login/index.ts:80,UNRESOLVED (API wrapper exists; enabled page not proven),candidate first-phase; runtime menus/config unverified,internal/api/router/system.go:38,yudao-module-system/src/main/java/cn/iocoder/yudao/module/system/controller/admin/captcha/CaptchaController.java:28,部分对齐,Route registered only; DTO/binding/auth/behavior NOT accepted,Go group middleware: ; inline middleware: see registration; global tenant middleware NOT acceptance; wire-contract.md,Java @RequestBody JSON,"public ResponseModel get(@RequestBody CaptchaVO data, HttpServletRequest request); VO annotations: fields.json (inheritance unresolved)",Endpoint-specific; settlement indexed dotted keys; other serializers require wire capture,Java LocalDateTime epoch ms uses JVM system zone; Go AppTradeOrder uses JsonDateTime ms while admin TradeOrderBase uses time.Time; field-by-field review pending,For page: pageNo/pageSize -> data.list/data.total; defaults/empty list pending runtime,Integer fen where annotated 分 in VO; never infer every numeric field is money,Distinct; per-endpoint verification pending; see edge cases,Preserve Java/Go declarations; safe-integer boundary pending wire decision,"EXCEPTION: fixed Java returns Anji ResponseModel, admin uses postOriginal; do not impose CommonResult; Go payload acceptance pending",Controller method_source records service calls; transactions/auth/payment side effects NOT tested,tests/test_inventory.py provenance for all rows; tests/frontend-contracts.cjs SELECTED cases only; see wire-contract.md,待处理: Batch D HTTP/DB/page E2E not run
T01-086,admin,POST,/admin-api/system/captcha/check,src/api/login/index.ts:85,UNRESOLVED (API wrapper exists; enabled page not proven),candidate first-phase; runtime menus/config unverified,internal/api/router/system.go:39,yudao-module-system/src/main/java/cn/iocoder/yudao/module/system/controller/admin/captcha/CaptchaController.java:38,部分对齐,Route registered only; DTO/binding/auth/behavior NOT accepted,Go group middleware: ; inline middleware: see registration; global tenant middleware NOT acceptance; wire-contract.md,Java @RequestBody JSON,"public ResponseModel check(@RequestBody CaptchaVO data, HttpServletRequest request); VO annotations: fields.json (inheritance unresolved)",Endpoint-specific; settlement indexed dotted keys; other serializers require wire capture,Java LocalDateTime epoch ms uses JVM system zone; Go AppTradeOrder uses JsonDateTime ms while admin TradeOrderBase uses time.Time; field-by-field review pending,For page: pageNo/pageSize -> data.list/data.total; defaults/empty list pending runtime,Integer fen where annotated 分 in VO; never infer every numeric field is money,Distinct; per-endpoint verification pending; see edge cases,Preserve Java/Go declarations; safe-integer boundary pending wire decision,"EXCEPTION: fixed Java returns Anji ResponseModel, admin uses postOriginal; do not impose CommonResult; Go payload acceptance pending",Controller method_source records service calls; transactions/auth/payment side effects NOT tested,tests/test_inventory.py provenance for all rows; tests/frontend-contracts.cjs SELECTED cases only; see wire-contract.md,待处理: Batch D HTTP/DB/page E2E not run
T01-087,admin,POST,/admin-api/system/auth/reset-password,src/api/login/index.ts:90,UNRESOLVED (API wrapper exists; enabled page not proven),candidate first-phase; runtime menus/config unverified,internal/api/router/system.go:30,yudao-module-system/src/main/java/cn/iocoder/yudao/module/system/controller/admin/auth/AuthController.java:146,部分对齐,Route registered only; DTO/binding/auth/behavior NOT accepted,Go group middleware: ; inline middleware: see registration; global tenant middleware NOT acceptance; wire-contract.md,Java @RequestBody JSON,public CommonResult<Boolean> resetPassword(@RequestBody @Valid AuthResetPasswordReqVO reqVO); VO annotations: fields.json (inheritance unresolved),Endpoint-specific; settlement indexed dotted keys; other serializers require wire capture,Java LocalDateTime epoch ms uses JVM system zone; Go AppTradeOrder uses JsonDateTime ms while admin TradeOrderBase uses time.Time; field-by-field review pending,For page: pageNo/pageSize -> data.list/data.total; defaults/empty list pending runtime,Integer fen where annotated 分 in VO; never infer every numeric field is money,Distinct; per-endpoint verification pending; see edge cases,Preserve Java/Go declarations; safe-integer boundary pending wire decision,CommonResult code/msg/data; Go helpers HTTP 200 incl business error; middleware/Java failures pending,Controller method_source records service calls; transactions/auth/payment side effects NOT tested,tests/test_inventory.py provenance for all rows; tests/frontend-contracts.cjs SELECTED cases only; see wire-contract.md,待处理: Batch D HTTP/DB/page E2E not run
T01-088,admin,GET,/admin-api/system/oauth2/authorize,src/api/login/oauth2/index.ts:5,UNRESOLVED (API wrapper exists; enabled page not proven),candidate first-phase; runtime menus/config unverified,NOT_FOUND,yudao-module-system/src/main/java/cn/iocoder/yudao/module/system/controller/admin/oauth2/OAuth2OpenController.java:182,未实现,No matching registration in pinned internal/api/router; not proof service code absent,Go group middleware: ; inline middleware: see registration; global tenant middleware NOT acceptance; wire-contract.md,Java query/model binding; see signature,"public CommonResult<OAuth2OpenAuthorizeInfoRespVO> authorize(@RequestParam(""clientId"") String clientId); VO annotations: fields.json (inheritance unresolved)",Endpoint-specific; settlement indexed dotted keys; other serializers require wire capture,Java LocalDateTime epoch ms uses JVM system zone; Go AppTradeOrder uses JsonDateTime ms while admin TradeOrderBase uses time.Time; field-by-field review pending,For page: pageNo/pageSize -> data.list/data.total; defaults/empty list pending runtime,Integer fen where annotated 分 in VO; never infer every numeric field is money,Distinct; per-endpoint verification pending; see edge cases,Preserve Java/Go declarations; safe-integer boundary pending wire decision,CommonResult code/msg/data; Go helpers HTTP 200 incl business error; middleware/Java failures pending,Controller method_source records service calls; transactions/auth/payment side effects NOT tested,tests/test_inventory.py provenance for all rows; tests/frontend-contracts.cjs SELECTED cases only; see wire-contract.md,待处理: Batch D HTTP/DB/page E2E not run
T01-089,admin,POST,/admin-api/system/oauth2/authorize,src/api/login/oauth2/index.ts:28,UNRESOLVED (API wrapper exists; enabled page not proven),candidate first-phase; runtime menus/config unverified,NOT_FOUND,yudao-module-system/src/main/java/cn/iocoder/yudao/module/system/controller/admin/oauth2/OAuth2OpenController.java:206,未实现,No matching registration in pinned internal/api/router; not proof service code absent,Go group middleware: ; inline middleware: see registration; global tenant middleware NOT acceptance; wire-contract.md,Java query/model binding; see signature,"public CommonResult<String> approveOrDeny(@RequestParam(""response_type"") String responseType, @RequestParam(""client_id"") String clientId, @RequestParam(value = ""scope"", required = false) String scope, @RequestParam(""redirect_uri"") String redirectUri, @RequestParam(value = ""auto_approve"") Boolean autoApprove, @RequestParam(value = ""state"", required = false) String state); VO annotations: fields.json (inheritance unresolved)",Endpoint-specific; settlement indexed dotted keys; other serializers require wire capture,Java LocalDateTime epoch ms uses JVM system zone; Go AppTradeOrder uses JsonDateTime ms while admin TradeOrderBase uses time.Time; field-by-field review pending,For page: pageNo/pageSize -> data.list/data.total; defaults/empty list pending runtime,Integer fen where annotated 分 in VO; never infer every numeric field is money,Distinct; per-endpoint verification pending; see edge cases,Preserve Java/Go declarations; safe-integer boundary pending wire decision,CommonResult code/msg/data; Go helpers HTTP 200 incl business error; middleware/Java failures pending,Controller method_source records service calls; transactions/auth/payment side effects NOT tested,tests/test_inventory.py provenance for all rows; tests/frontend-contracts.cjs SELECTED cases only; see wire-contract.md,待处理: Batch D HTTP/DB/page E2E not run
T01-090,admin,POST,/admin-api/product/brand/create,src/api/mall/product/brand.ts:35,UNRESOLVED (API wrapper exists; enabled page not proven),candidate first-phase; runtime menus/config unverified,internal/api/router/product.go:53,yudao-module-mall/yudao-module-product/src/main/java/cn/iocoder/yudao/module/product/controller/admin/brand/ProductBrandController.java:33,部分对齐,Route registered only; DTO/binding/auth/behavior NOT accepted,Go group middleware: middleware.Auth(); inline middleware: see registration; global tenant middleware NOT acceptance; wire-contract.md,Java @RequestBody JSON,public CommonResult<Long> createBrand(@Valid @RequestBody ProductBrandCreateReqVO createReqVO); VO annotations: fields.json (inheritance unresolved),Endpoint-specific; settlement indexed dotted keys; other serializers require wire capture,Java LocalDateTime epoch ms uses JVM system zone; Go AppTradeOrder uses JsonDateTime ms while admin TradeOrderBase uses time.Time; field-by-field review pending,For page: pageNo/pageSize -> data.list/data.total; defaults/empty list pending runtime,Integer fen where annotated 分 in VO; never infer every numeric field is money,Distinct; per-endpoint verification pending; see edge cases,Preserve Java/Go declarations; safe-integer boundary pending wire decision,CommonResult code/msg/data; Go helpers HTTP 200 incl business error; middleware/Java failures pending,Controller method_source records service calls; transactions/auth/payment side effects NOT tested,tests/test_inventory.py provenance for all rows; tests/frontend-contracts.cjs SELECTED cases only; see wire-contract.md,待处理: Batch D HTTP/DB/page E2E not run
T01-091,admin,PUT,/admin-api/product/brand/update,src/api/mall/product/brand.ts:40,UNRESOLVED (API wrapper exists; enabled page not proven),candidate first-phase; runtime menus/config unverified,internal/api/router/product.go:54,yudao-module-mall/yudao-module-product/src/main/java/cn/iocoder/yudao/module/product/controller/admin/brand/ProductBrandController.java:40,部分对齐,Route registered only; DTO/binding/auth/behavior NOT accepted,Go group middleware: middleware.Auth(); inline middleware: see registration; global tenant middleware NOT acceptance; wire-contract.md,Java @RequestBody JSON,public CommonResult<Boolean> updateBrand(@Valid @RequestBody ProductBrandUpdateReqVO updateReqVO); VO annotations: fields.json (inheritance unresolved),Endpoint-specific; settlement indexed dotted keys; other serializers require wire capture,Java LocalDateTime epoch ms uses JVM system zone; Go AppTradeOrder uses JsonDateTime ms while admin TradeOrderBase uses time.Time; field-by-field review pending,For page: pageNo/pageSize -> data.list/data.total; defaults/empty list pending runtime,Integer fen where annotated 分 in VO; never infer every numeric field is money,Distinct; per-endpoint verification pending; see edge cases,Preserve Java/Go declarations; safe-integer boundary pending wire decision,CommonResult code/msg/data; Go helpers HTTP 200 incl business error; middleware/Java failures pending,Controller method_source records service calls; transactions/auth/payment side effects NOT tested,tests/test_inventory.py provenance for all rows; tests/frontend-contracts.cjs SELECTED cases only; see wire-contract.md,待处理: Batch D HTTP/DB/page E2E not run
T01-092,admin,DELETE,/admin-api/product/brand/delete,src/api/mall/product/brand.ts:45,UNRESOLVED (API wrapper exists; enabled page not proven),candidate first-phase; runtime menus/config unverified,internal/api/router/product.go:55,yudao-module-mall/yudao-module-product/src/main/java/cn/iocoder/yudao/module/product/controller/admin/brand/ProductBrandController.java:48,部分对齐,Route registered only; DTO/binding/auth/behavior NOT accepted,Go group middleware: middleware.Auth(); inline middleware: see registration; global tenant middleware NOT acceptance; wire-contract.md,Java query/model binding; see signature,"public CommonResult<Boolean> deleteBrand(@RequestParam(""id"") Long id); VO annotations: fields.json (inheritance unresolved)",Endpoint-specific; settlement indexed dotted keys; other serializers require wire capture,Java LocalDateTime epoch ms uses JVM system zone; Go AppTradeOrder uses JsonDateTime ms while admin TradeOrderBase uses time.Time; field-by-field review pending,For page: pageNo/pageSize -> data.list/data.total; defaults/empty list pending runtime,Integer fen where annotated 分 in VO; never infer every numeric field is money,Distinct; per-endpoint verification pending; see edge cases,Preserve Java/Go declarations; safe-integer boundary pending wire decision,CommonResult code/msg/data; Go helpers HTTP 200 incl business error; middleware/Java failures pending,Controller method_source records service calls; transactions/auth/payment side effects NOT tested,tests/test_inventory.py provenance for all rows; tests/frontend-contracts.cjs SELECTED cases only; see wire-contract.md,待处理: Batch D HTTP/DB/page E2E not run
T01-093,admin,GET,/admin-api/product/brand/get,src/api/mall/product/brand.ts:50,UNRESOLVED (API wrapper exists; enabled page not proven),candidate first-phase; runtime menus/config unverified,internal/api/router/product.go:56,yudao-module-mall/yudao-module-product/src/main/java/cn/iocoder/yudao/module/product/controller/admin/brand/ProductBrandController.java:57,部分对齐,Route registered only; DTO/binding/auth/behavior NOT accepted,Go group middleware: middleware.Auth(); inline middleware: see registration; global tenant middleware NOT acceptance; wire-contract.md,Java query/model binding; see signature,"public CommonResult<ProductBrandRespVO> getBrand(@RequestParam(""id"") Long id); VO annotations: fields.json (inheritance unresolved)",Endpoint-specific; settlement indexed dotted keys; other serializers require wire capture,Java LocalDateTime epoch ms uses JVM system zone; Go AppTradeOrder uses JsonDateTime ms while admin TradeOrderBase uses time.Time; field-by-field review pending,For page: pageNo/pageSize -> data.list/data.total; defaults/empty list pending runtime,Integer fen where annotated 分 in VO; never infer every numeric field is money,Distinct; per-endpoint verification pending; see edge cases,Preserve Java/Go declarations; safe-integer boundary pending wire decision,CommonResult code/msg/data; Go helpers HTTP 200 incl business error; middleware/Java failures pending,Controller method_source records service calls; transactions/auth/payment side effects NOT tested,tests/test_inventory.py provenance for all rows; tests/frontend-contracts.cjs SELECTED cases only; see wire-contract.md,待处理: Batch D HTTP/DB/page E2E not run
T01-094,admin,GET,/admin-api/product/brand/page,src/api/mall/product/brand.ts:55,UNRESOLVED (API wrapper exists; enabled page not proven),candidate first-phase; runtime menus/config unverified,internal/api/router/product.go:57,yudao-module-mall/yudao-module-product/src/main/java/cn/iocoder/yudao/module/product/controller/admin/brand/ProductBrandController.java:75,部分对齐,Route registered only; DTO/binding/auth/behavior NOT accepted,Go group middleware: middleware.Auth(); inline middleware: see registration; global tenant middleware NOT acceptance; wire-contract.md,Java query/model binding; see signature,public CommonResult<PageResult<ProductBrandRespVO>> getBrandPage(@Valid ProductBrandPageReqVO pageVO); VO annotations: fields.json (inheritance unresolved),Endpoint-specific; settlement indexed dotted keys; other serializers require wire capture,Java LocalDateTime epoch ms uses JVM system zone; Go AppTradeOrder uses JsonDateTime ms while admin TradeOrderBase uses time.Time; field-by-field review pending,For page: pageNo/pageSize -> data.list/data.total; defaults/empty list pending runtime,Integer fen where annotated 分 in VO; never infer every numeric field is money,Distinct; per-endpoint verification pending; see edge cases,Preserve Java/Go declarations; safe-integer boundary pending wire decision,CommonResult code/msg/data; Go helpers HTTP 200 incl business error; middleware/Java failures pending,Controller method_source records service calls; transactions/auth/payment side effects NOT tested,tests/test_inventory.py provenance for all rows; tests/frontend-contracts.cjs SELECTED cases only; see wire-contract.md,待处理: Batch D HTTP/DB/page E2E not run
T01-095,admin,GET,/admin-api/product/brand/list-all-simple,src/api/mall/product/brand.ts:60,UNRESOLVED (API wrapper exists; enabled page not proven),candidate first-phase; runtime menus/config unverified,internal/api/router/product.go:59,yudao-module-mall/yudao-module-product/src/main/java/cn/iocoder/yudao/module/product/controller/admin/brand/ProductBrandController.java:66,部分对齐,Route registered only; DTO/binding/auth/behavior NOT accepted,Go group middleware: middleware.Auth(); inline middleware: see registration; global tenant middleware NOT acceptance; wire-contract.md,Java query/model binding; see signature,public CommonResult<List<ProductBrandSimpleRespVO>> getSimpleBrandList(); VO annotations: fields.json (inheritance unresolved),Endpoint-specific; settlement indexed dotted keys; other serializers require wire capture,Java LocalDateTime epoch ms uses JVM system zone; Go AppTradeOrder uses JsonDateTime ms while admin TradeOrderBase uses time.Time; field-by-field review pending,For page: pageNo/pageSize -> data.list/data.total; defaults/empty list pending runtime,Integer fen where annotated 分 in VO; never infer every numeric field is money,Distinct; per-endpoint verification pending; see edge cases,Preserve Java/Go declarations; safe-integer boundary pending wire decision,CommonResult code/msg/data; Go helpers HTTP 200 incl business error; middleware/Java failures pending,Controller method_source records service calls; transactions/auth/payment side effects NOT tested,tests/test_inventory.py provenance for all rows; tests/frontend-contracts.cjs SELECTED cases only; see wire-contract.md,待处理: Batch D HTTP/DB/page E2E not run
T01-096,admin,POST,/admin-api/product/category/create,src/api/mall/product/category.ts:35,UNRESOLVED (API wrapper exists; enabled page not proven),candidate first-phase; runtime menus/config unverified,internal/api/router/product.go:21,yudao-module-mall/yudao-module-product/src/main/java/cn/iocoder/yudao/module/product/controller/admin/category/ProductCategoryController.java:33,部分对齐,Route registered only; DTO/binding/auth/behavior NOT accepted,Go group middleware: middleware.Auth(); inline middleware: see registration; global tenant middleware NOT acceptance; wire-contract.md,Java @RequestBody JSON,public CommonResult<Long> createCategory(@Valid @RequestBody ProductCategorySaveReqVO createReqVO); VO annotations: fields.json (inheritance unresolved),Endpoint-specific; settlement indexed dotted keys; other serializers require wire capture,Java LocalDateTime epoch ms uses JVM system zone; Go AppTradeOrder uses JsonDateTime ms while admin TradeOrderBase uses time.Time; field-by-field review pending,For page: pageNo/pageSize -> data.list/data.total; defaults/empty list pending runtime,Integer fen where annotated 分 in VO; never infer every numeric field is money,Distinct; per-endpoint verification pending; see edge cases,Preserve Java/Go declarations; safe-integer boundary pending wire decision,CommonResult code/msg/data; Go helpers HTTP 200 incl business error; middleware/Java failures pending,Controller method_source records service calls; transactions/auth/payment side effects NOT tested,tests/test_inventory.py provenance for all rows; tests/frontend-contracts.cjs SELECTED cases only; see wire-contract.md,待处理: Batch D HTTP/DB/page E2E not run
T01-097,admin,PUT,/admin-api/product/category/update,src/api/mall/product/category.ts:40,UNRESOLVED (API wrapper exists; enabled page not proven),candidate first-phase; runtime menus/config unverified,internal/api/router/product.go:22,yudao-module-mall/yudao-module-product/src/main/java/cn/iocoder/yudao/module/product/controller/admin/category/ProductCategoryController.java:40,部分对齐,Route registered only; DTO/binding/auth/behavior NOT accepted,Go group middleware: middleware.Auth(); inline middleware: see registration; global tenant middleware NOT acceptance; wire-contract.md,Java @RequestBody JSON,public CommonResult<Boolean> updateCategory(@Valid @RequestBody ProductCategorySaveReqVO updateReqVO); VO annotations: fields.json (inheritance unresolved),Endpoint-specific; settlement indexed dotted keys; other serializers require wire capture,Java LocalDateTime epoch ms uses JVM system zone; Go AppTradeOrder uses JsonDateTime ms while admin TradeOrderBase uses time.Time; field-by-field review pending,For page: pageNo/pageSize -> data.list/data.total; defaults/empty list pending runtime,Integer fen where annotated 分 in VO; never infer every numeric field is money,Distinct; per-endpoint verification pending; see edge cases,Preserve Java/Go declarations; safe-integer boundary pending wire decision,CommonResult code/msg/data; Go helpers HTTP 200 incl business error; middleware/Java failures pending,Controller method_source records service calls; transactions/auth/payment side effects NOT tested,tests/test_inventory.py provenance for all rows; tests/frontend-contracts.cjs SELECTED cases only; see wire-contract.md,待处理: Batch D HTTP/DB/page E2E not run
T01-098,admin,DELETE,/admin-api/product/category/delete,src/api/mall/product/category.ts:45,UNRESOLVED (API wrapper exists; enabled page not proven),candidate first-phase; runtime menus/config unverified,internal/api/router/product.go:23,yudao-module-mall/yudao-module-product/src/main/java/cn/iocoder/yudao/module/product/controller/admin/category/ProductCategoryController.java:48,部分对齐,Route registered only; DTO/binding/auth/behavior NOT accepted,Go group middleware: middleware.Auth(); inline middleware: see registration; global tenant middleware NOT acceptance; wire-contract.md,Java query/model binding; see signature,"public CommonResult<Boolean> deleteCategory(@RequestParam(""id"") Long id); VO annotations: fields.json (inheritance unresolved)",Endpoint-specific; settlement indexed dotted keys; other serializers require wire capture,Java LocalDateTime epoch ms uses JVM system zone; Go AppTradeOrder uses JsonDateTime ms while admin TradeOrderBase uses time.Time; field-by-field review pending,For page: pageNo/pageSize -> data.list/data.total; defaults/empty list pending runtime,Integer fen where annotated 分 in VO; never infer every numeric field is money,Distinct; per-endpoint verification pending; see edge cases,Preserve Java/Go declarations; safe-integer boundary pending wire decision,CommonResult code/msg/data; Go helpers HTTP 200 incl business error; middleware/Java failures pending,Controller method_source records service calls; transactions/auth/payment side effects NOT tested,tests/test_inventory.py provenance for all rows; tests/frontend-contracts.cjs SELECTED cases only; see wire-contract.md,待处理: Batch D HTTP/DB/page E2E not run
T01-099,admin,GET,/admin-api/product/category/get,src/api/mall/product/category.ts:50,UNRESOLVED (API wrapper exists; enabled page not proven),candidate first-phase; runtime menus/config unverified,internal/api/router/product.go:24,yudao-module-mall/yudao-module-product/src/main/java/cn/iocoder/yudao/module/product/controller/admin/category/ProductCategoryController.java:57,部分对齐,Route registered only; DTO/binding/auth/behavior NOT accepted,Go group middleware: middleware.Auth(); inline middleware: see registration; global tenant middleware NOT acceptance; wire-contract.md,Java query/model binding; see signature,"public CommonResult<ProductCategoryRespVO> getCategory(@RequestParam(""id"") Long id); VO annotations: fields.json (inheritance unresolved)",Endpoint-specific; settlement indexed dotted keys; other serializers require wire capture,Java LocalDateTime epoch ms uses JVM system zone; Go AppTradeOrder uses JsonDateTime ms while admin TradeOrderBase uses time.Time; field-by-field review pending,For page: pageNo/pageSize -> data.list/data.total; defaults/empty list pending runtime,Integer fen where annotated 分 in VO; never infer every numeric field is money,Distinct; per-endpoint verification pending; see edge cases,Preserve Java/Go declarations; safe-integer boundary pending wire decision,CommonResult code/msg/data; Go helpers HTTP 200 incl business error; middleware/Java failures pending,Controller method_source records service calls; transactions/auth/payment side effects NOT tested,tests/test_inventory.py provenance for all rows; tests/frontend-contracts.cjs SELECTED cases only; see wire-contract.md,待处理: Batch D HTTP/DB/page E2E not run
T01-100,admin,GET,/admin-api/product/category/list,src/api/mall/product/category.ts:55,UNRESOLVED (API wrapper exists; enabled page not proven),candidate first-phase; runtime menus/config unverified,internal/api/router/product.go:25,yudao-module-mall/yudao-module-product/src/main/java/cn/iocoder/yudao/module/product/controller/admin/category/ProductCategoryController.java:66,部分对齐,Route registered only; DTO/binding/auth/behavior NOT accepted,Go group middleware: middleware.Auth(); inline middleware: see registration; global tenant middleware NOT acceptance; wire-contract.md,Java query/model binding; see signature,public CommonResult<List<ProductCategoryRespVO>> getCategoryList(@Valid ProductCategoryListReqVO listReqVO); VO annotations: fields.json (inheritance unresolved),Endpoint-specific; settlement indexed dotted keys; other serializers require wire capture,Java LocalDateTime epoch ms uses JVM system zone; Go AppTradeOrder uses JsonDateTime ms while admin TradeOrderBase uses time.Time; field-by-field review pending,For page: pageNo/pageSize -> data.list/data.total; defaults/empty list pending runtime,Integer fen where annotated 分 in VO; never infer every numeric field is money,Distinct; per-endpoint verification pending; see edge cases,Preserve Java/Go declarations; safe-integer boundary pending wire decision,CommonResult code/msg/data; Go helpers HTTP 200 incl business error; middleware/Java failures pending,Controller method_source records service calls; transactions/auth/payment side effects NOT tested,tests/test_inventory.py provenance for all rows; tests/frontend-contracts.cjs SELECTED cases only; see wire-contract.md,待处理: Batch D HTTP/DB/page E2E not run
T01-101,admin,GET,/admin-api/product/comment/page,src/api/mall/product/comment.ts:28,UNRESOLVED (API wrapper exists; enabled page not proven),candidate first-phase; runtime menus/config unverified,internal/api/router/product.go:81,yudao-module-mall/yudao-module-product/src/main/java/cn/iocoder/yudao/module/product/controller/admin/comment/ProductCommentController.java:31,部分对齐,Route registered only; DTO/binding/auth/behavior NOT accepted,Go group middleware: middleware.Auth(); inline middleware: see registration; global tenant middleware NOT acceptance; wire-contract.md,Java query/model binding; see signature,public CommonResult<PageResult<ProductCommentRespVO>> getCommentPage(@Valid ProductCommentPageReqVO pageVO); VO annotations: fields.json (inheritance unresolved),Endpoint-specific; settlement indexed dotted keys; other serializers require wire capture,Java LocalDateTime epoch ms uses JVM system zone; Go AppTradeOrder uses JsonDateTime ms while admin TradeOrderBase uses time.Time; field-by-field review pending,For page: pageNo/pageSize -> data.list/data.total; defaults/empty list pending runtime,Integer fen where annotated 分 in VO; never infer every numeric field is money,Distinct; per-endpoint verification pending; see edge cases,Preserve Java/Go declarations; safe-integer boundary pending wire decision,CommonResult code/msg/data; Go helpers HTTP 200 incl business error; middleware/Java failures pending,Controller method_source records service calls; transactions/auth/payment side effects NOT tested,tests/test_inventory.py provenance for all rows; tests/frontend-contracts.cjs SELECTED cases only; see wire-contract.md,待处理: Batch D HTTP/DB/page E2E not run
T01-102,admin,GET,/admin-api/product/comment/get,src/api/mall/product/comment.ts:33,UNRESOLVED (API wrapper exists; enabled page not proven),candidate first-phase; runtime menus/config unverified,NOT_FOUND,yudao-module-mall/yudao-module-product/src/main/java/cn/iocoder/yudao/module/product/controller/admin/comment/ProductCommentController.java:39,未实现,No matching registration in pinned internal/api/router; not proof service code absent,Go group middleware: ; inline middleware: see registration; global tenant middleware NOT acceptance; wire-contract.md,Java query/model binding; see signature,"public CommonResult<ProductCommentRespVO> getComment(@RequestParam(""id"") Long id); VO annotations: fields.json (inheritance unresolved)",Endpoint-specific; settlement indexed dotted keys; other serializers require wire capture,Java LocalDateTime epoch ms uses JVM system zone; Go AppTradeOrder uses JsonDateTime ms while admin TradeOrderBase uses time.Time; field-by-field review pending,For page: pageNo/pageSize -> data.list/data.total; defaults/empty list pending runtime,Integer fen where annotated 分 in VO; never infer every numeric field is money,Distinct; per-endpoint verification pending; see edge cases,Preserve Java/Go declarations; safe-integer boundary pending wire decision,CommonResult code/msg/data; Go helpers HTTP 200 incl business error; middleware/Java failures pending,Controller method_source records service calls; transactions/auth/payment side effects NOT tested,tests/test_inventory.py provenance for all rows; tests/frontend-contracts.cjs SELECTED cases only; see wire-contract.md,待处理: Batch D HTTP/DB/page E2E not run
T01-103,admin,POST,/admin-api/product/comment/create,src/api/mall/product/comment.ts:38,UNRESOLVED (API wrapper exists; enabled page not proven),candidate first-phase; runtime menus/config unverified,internal/api/router/product.go:84,yudao-module-mall/yudao-module-product/src/main/java/cn/iocoder/yudao/module/product/controller/admin/comment/ProductCommentController.java:64,部分对齐,Route registered only; DTO/binding/auth/behavior NOT accepted,Go group middleware: middleware.Auth(); inline middleware: see registration; global tenant middleware NOT acceptance; wire-contract.md,Java @RequestBody JSON,public CommonResult<Boolean> createComment(@Valid @RequestBody ProductCommentCreateReqVO createReqVO); VO annotations: fields.json (inheritance unresolved),Endpoint-specific; settlement indexed dotted keys; other serializers require wire capture,Java LocalDateTime epoch ms uses JVM system zone; Go AppTradeOrder uses JsonDateTime ms while admin TradeOrderBase uses time.Time; field-by-field review pending,For page: pageNo/pageSize -> data.list/data.total; defaults/empty list pending runtime,Integer fen where annotated 分 in VO; never infer every numeric field is money,Distinct; per-endpoint verification pending; see edge cases,Preserve Java/Go declarations; safe-integer boundary pending wire decision,CommonResult code/msg/data; Go helpers HTTP 200 incl business error; middleware/Java failures pending,Controller method_source records service calls; transactions/auth/payment side effects NOT tested,tests/test_inventory.py provenance for all rows; tests/frontend-contracts.cjs SELECTED cases only; see wire-contract.md,待处理: Batch D HTTP/DB/page E2E not run
T01-104,admin,PUT,/admin-api/product/comment/update-visible,src/api/mall/product/comment.ts:43,UNRESOLVED (API wrapper exists; enabled page not proven),candidate first-phase; runtime menus/config unverified,internal/api/router/product.go:82,yudao-module-mall/yudao-module-product/src/main/java/cn/iocoder/yudao/module/product/controller/admin/comment/ProductCommentController.java:48,部分对齐,Route registered only; DTO/binding/auth/behavior NOT accepted,Go group middleware: middleware.Auth(); inline middleware: see registration; global tenant middleware NOT acceptance; wire-contract.md,Java @RequestBody JSON,public CommonResult<Boolean> updateCommentVisible(@Valid @RequestBody ProductCommentUpdateVisibleReqVO updateReqVO); VO annotations: fields.json (inheritance unresolved),Endpoint-specific; settlement indexed dotted keys; other serializers require wire capture,Java LocalDateTime epoch ms uses JVM system zone; Go AppTradeOrder uses JsonDateTime ms while admin TradeOrderBase uses time.Time; field-by-field review pending,For page: pageNo/pageSize -> data.list/data.total; defaults/empty list pending runtime,Integer fen where annotated 分 in VO; never infer every numeric field is money,Distinct; per-endpoint verification pending; see edge cases,Preserve Java/Go declarations; safe-integer boundary pending wire decision,CommonResult code/msg/data; Go helpers HTTP 200 incl business error; middleware/Java failures pending,Controller method_source records service calls; transactions/auth/payment side effects NOT tested,tests/test_inventory.py provenance for all rows; tests/frontend-contracts.cjs SELECTED cases only; see wire-contract.md,待处理: Batch D HTTP/DB/page E2E not run
T01-105,admin,PUT,/admin-api/product/comment/reply,src/api/mall/product/comment.ts:48,UNRESOLVED (API wrapper exists; enabled page not proven),candidate first-phase; runtime menus/config unverified,internal/api/router/product.go:83,yudao-module-mall/yudao-module-product/src/main/java/cn/iocoder/yudao/module/product/controller/admin/comment/ProductCommentController.java:56,部分对齐,Route registered only; DTO/binding/auth/behavior NOT accepted,Go group middleware: middleware.Auth(); inline middleware: see registration; global tenant middleware NOT acceptance; wire-contract.md,Java @RequestBody JSON,public CommonResult<Boolean> commentReply(@Valid @RequestBody ProductCommentReplyReqVO replyVO); VO annotations: fields.json (inheritance unresolved),Endpoint-specific; settlement indexed dotted keys; other serializers require wire capture,Java LocalDateTime epoch ms uses JVM system zone; Go AppTradeOrder uses JsonDateTime ms while admin TradeOrderBase uses time.Time; field-by-field review pending,For page: pageNo/pageSize -> data.list/data.total; defaults/empty list pending runtime,Integer fen where annotated 分 in VO; never infer every numeric field is money,Distinct; per-endpoint verification pending; see edge cases,Preserve Java/Go declarations; safe-integer boundary pending wire decision,CommonResult code/msg/data; Go helpers HTTP 200 incl business error; middleware/Java failures pending,Controller method_source records service calls; transactions/auth/payment side effects NOT tested,tests/test_inventory.py provenance for all rows; tests/frontend-contracts.cjs SELECTED cases only; see wire-contract.md,待处理: Batch D HTTP/DB/page E2E not run
T01-106,admin,GET,/admin-api/product/favorite/page,src/api/mall/product/favorite.ts:17,UNRESOLVED (API wrapper exists; enabled page not proven),candidate first-phase; runtime menus/config unverified,internal/api/router/product.go:90,yudao-module-mall/yudao-module-product/src/main/java/cn/iocoder/yudao/module/product/controller/admin/favorite/ProductFavoriteController.java:40,部分对齐,Route registered only; DTO/binding/auth/behavior NOT accepted,Go group middleware: middleware.Auth(); inline middleware: see registration; global tenant middleware NOT acceptance; wire-contract.md,Java query/model binding; see signature,public CommonResult<PageResult<ProductFavoriteRespVO>> getFavoritePage(@Valid ProductFavoritePageReqVO pageVO); VO annotations: fields.json (inheritance unresolved),Endpoint-specific; settlement indexed dotted keys; other serializers require wire capture,Java LocalDateTime epoch ms uses JVM system zone; Go AppTradeOrder uses JsonDateTime ms while admin TradeOrderBase uses time.Time; field-by-field review pending,For page: pageNo/pageSize -> data.list/data.total; defaults/empty list pending runtime,Integer fen where annotated 分 in VO; never infer every numeric field is money,Distinct; per-endpoint verification pending; see edge cases,Preserve Java/Go declarations; safe-integer boundary pending wire decision,CommonResult code/msg/data; Go helpers HTTP 200 incl business error; middleware/Java failures pending,Controller method_source records service calls; transactions/auth/payment side effects NOT tested,tests/test_inventory.py provenance for all rows; tests/frontend-contracts.cjs SELECTED cases only; see wire-contract.md,待处理: Batch D HTTP/DB/page E2E not run
T01-107,admin,GET,/admin-api/product/browse-history/page,src/api/mall/product/history.ts:9,UNRESOLVED (API wrapper exists; enabled page not proven),candidate first-phase; runtime menus/config unverified,internal/api/router/product.go:96,yudao-module-mall/yudao-module-product/src/main/java/cn/iocoder/yudao/module/product/controller/admin/history/ProductBrowseHistoryController.java:40,部分对齐,Route registered only; DTO/binding/auth/behavior NOT accepted,Go group middleware: middleware.Auth(); inline middleware: see registration; global tenant middleware NOT acceptance; wire-contract.md,Java query/model binding; see signature,public CommonResult<PageResult<ProductBrowseHistoryRespVO>> getBrowseHistoryPage(@Valid ProductBrowseHistoryPageReqVO pageReqVO); VO annotations: fields.json (inheritance unresolved),Endpoint-specific; settlement indexed dotted keys; other serializers require wire capture,Java LocalDateTime epoch ms uses JVM system zone; Go AppTradeOrder uses JsonDateTime ms while admin TradeOrderBase uses time.Time; field-by-field review pending,For page: pageNo/pageSize -> data.list/data.total; defaults/empty list pending runtime,Integer fen where annotated 分 in VO; never infer every numeric field is money,Distinct; per-endpoint verification pending; see edge cases,Preserve Java/Go declarations; safe-integer boundary pending wire decision,CommonResult code/msg/data; Go helpers HTTP 200 incl business error; middleware/Java failures pending,Controller method_source records service calls; transactions/auth/payment side effects NOT tested,tests/test_inventory.py provenance for all rows; tests/frontend-contracts.cjs SELECTED cases only; see wire-contract.md,待处理: Batch D HTTP/DB/page E2E not run
T01-108,admin,POST,/admin-api/product/property/create,src/api/mall/product/property.ts:31,UNRESOLVED (API wrapper exists; enabled page not proven),candidate first-phase; runtime menus/config unverified,internal/api/router/product.go:31,yudao-module-mall/yudao-module-product/src/main/java/cn/iocoder/yudao/module/product/controller/admin/property/ProductPropertyController.java:34,部分对齐,Route registered only; DTO/binding/auth/behavior NOT accepted,Go group middleware: middleware.Auth(); inline middleware: see registration; global tenant middleware NOT acceptance; wire-contract.md,Java @RequestBody JSON,public CommonResult<Long> createProperty(@Valid @RequestBody ProductPropertySaveReqVO createReqVO); VO annotations: fields.json (inheritance unresolved),Endpoint-specific; settlement indexed dotted keys; other serializers require wire capture,Java LocalDateTime epoch ms uses JVM system zone; Go AppTradeOrder uses JsonDateTime ms while admin TradeOrderBase uses time.Time; field-by-field review pending,For page: pageNo/pageSize -> data.list/data.total; defaults/empty list pending runtime,Integer fen where annotated 分 in VO; never infer every numeric field is money,Distinct; per-endpoint verification pending; see edge cases,Preserve Java/Go declarations; safe-integer boundary pending wire decision,CommonResult code/msg/data; Go helpers HTTP 200 incl business error; middleware/Java failures pending,Controller method_source records service calls; transactions/auth/payment side effects NOT tested,tests/test_inventory.py provenance for all rows; tests/frontend-contracts.cjs SELECTED cases only; see wire-contract.md,待处理: Batch D HTTP/DB/page E2E not run
T01-109,admin,PUT,/admin-api/product/property/update,src/api/mall/product/property.ts:36,UNRESOLVED (API wrapper exists; enabled page not proven),candidate first-phase; runtime menus/config unverified,internal/api/router/product.go:32,yudao-module-mall/yudao-module-product/src/main/java/cn/iocoder/yudao/module/product/controller/admin/property/ProductPropertyController.java:41,部分对齐,Route registered only; DTO/binding/auth/behavior NOT accepted,Go group middleware: middleware.Auth(); inline middleware: see registration; global tenant middleware NOT acceptance; wire-contract.md,Java @RequestBody JSON,public CommonResult<Boolean> updateProperty(@Valid @RequestBody ProductPropertySaveReqVO updateReqVO); VO annotations: fields.json (inheritance unresolved),Endpoint-specific; settlement indexed dotted keys; other serializers require wire capture,Java LocalDateTime epoch ms uses JVM system zone; Go AppTradeOrder uses JsonDateTime ms while admin TradeOrderBase uses time.Time; field-by-field review pending,For page: pageNo/pageSize -> data.list/data.total; defaults/empty list pending runtime,Integer fen where annotated 分 in VO; never infer every numeric field is money,Distinct; per-endpoint verification pending; see edge cases,Preserve Java/Go declarations; safe-integer boundary pending wire decision,CommonResult code/msg/data; Go helpers HTTP 200 incl business error; middleware/Java failures pending,Controller method_source records service calls; transactions/auth/payment side effects NOT tested,tests/test_inventory.py provenance for all rows; tests/frontend-contracts.cjs SELECTED cases only; see wire-contract.md,待处理: Batch D HTTP/DB/page E2E not run
T01-110,admin,DELETE,/admin-api/product/property/delete,src/api/mall/product/property.ts:41,UNRESOLVED (API wrapper exists; enabled page not proven),candidate first-phase; runtime menus/config unverified,internal/api/router/product.go:33,yudao-module-mall/yudao-module-product/src/main/java/cn/iocoder/yudao/module/product/controller/admin/property/ProductPropertyController.java:49,部分对齐,Route registered only; DTO/binding/auth/behavior NOT accepted,Go group middleware: middleware.Auth(); inline middleware: see registration; global tenant middleware NOT acceptance; wire-contract.md,Java query/model binding; see signature,"public CommonResult<Boolean> deleteProperty(@RequestParam(""id"") Long id); VO annotations: fields.json (inheritance unresolved)",Endpoint-specific; settlement indexed dotted keys; other serializers require wire capture,Java LocalDateTime epoch ms uses JVM system zone; Go AppTradeOrder uses JsonDateTime ms while admin TradeOrderBase uses time.Time; field-by-field review pending,For page: pageNo/pageSize -> data.list/data.total; defaults/empty list pending runtime,Integer fen where annotated 分 in VO; never infer every numeric field is money,Distinct; per-endpoint verification pending; see edge cases,Preserve Java/Go declarations; safe-integer boundary pending wire decision,CommonResult code/msg/data; Go helpers HTTP 200 incl business error; middleware/Java failures pending,Controller method_source records service calls; transactions/auth/payment side effects NOT tested,tests/test_inventory.py provenance for all rows; tests/frontend-contracts.cjs SELECTED cases only; see wire-contract.md,待处理: Batch D HTTP/DB/page E2E not run
T01-111,admin,GET,/admin-api/product/property/get,src/api/mall/product/property.ts:46,UNRESOLVED (API wrapper exists; enabled page not proven),candidate first-phase; runtime menus/config unverified,internal/api/router/product.go:34,yudao-module-mall/yudao-module-product/src/main/java/cn/iocoder/yudao/module/product/controller/admin/property/ProductPropertyController.java:58,部分对齐,Route registered only; DTO/binding/auth/behavior NOT accepted,Go group middleware: middleware.Auth(); inline middleware: see registration; global tenant middleware NOT acceptance; wire-contract.md,Java query/model binding; see signature,"public CommonResult<ProductPropertyRespVO> getProperty(@RequestParam(""id"") Long id); VO annotations: fields.json (inheritance unresolved)",Endpoint-specific; settlement indexed dotted keys; other serializers require wire capture,Java LocalDateTime epoch ms uses JVM system zone; Go AppTradeOrder uses JsonDateTime ms while admin TradeOrderBase uses time.Time; field-by-field review pending,For page: pageNo/pageSize -> data.list/data.total; defaults/empty list pending runtime,Integer fen where annotated 分 in VO; never infer every numeric field is money,Distinct; per-endpoint verification pending; see edge cases,Preserve Java/Go declarations; safe-integer boundary pending wire decision,CommonResult code/msg/data; Go helpers HTTP 200 incl business error; middleware/Java failures pending,Controller method_source records service calls; transactions/auth/payment side effects NOT tested,tests/test_inventory.py provenance for all rows; tests/frontend-contracts.cjs SELECTED cases only; see wire-contract.md,待处理: Batch D HTTP/DB/page E2E not run
T01-112,admin,GET,/admin-api/product/property/page,src/api/mall/product/property.ts:51,UNRESOLVED (API wrapper exists; enabled page not proven),candidate first-phase; runtime menus/config unverified,internal/api/router/product.go:35,yudao-module-mall/yudao-module-product/src/main/java/cn/iocoder/yudao/module/product/controller/admin/property/ProductPropertyController.java:67,部分对齐,Route registered only; DTO/binding/auth/behavior NOT accepted,Go group middleware: middleware.Auth(); inline middleware: see registration; global tenant middleware NOT acceptance; wire-contract.md,Java query/model binding; see signature,public CommonResult<PageResult<ProductPropertyRespVO>> getPropertyPage(@Valid ProductPropertyPageReqVO pageVO); VO annotations: fields.json (inheritance unresolved),Endpoint-specific; settlement indexed dotted keys; other serializers require wire capture,Java LocalDateTime epoch ms uses JVM system zone; Go AppTradeOrder uses JsonDateTime ms while admin TradeOrderBase uses time.Time; field-by-field review pending,For page: pageNo/pageSize -> data.list/data.total; defaults/empty list pending runtime,Integer fen where annotated 分 in VO; never infer every numeric field is money,Distinct; per-endpoint verification pending; see edge cases,Preserve Java/Go declarations; safe-integer boundary pending wire decision,CommonResult code/msg/data; Go helpers HTTP 200 incl business error; middleware/Java failures pending,Controller method_source records service calls; transactions/auth/payment side effects NOT tested,tests/test_inventory.py provenance for all rows; tests/frontend-contracts.cjs SELECTED cases only; see wire-contract.md,待处理: Batch D HTTP/DB/page E2E not run
T01-113,admin,GET,/admin-api/product/property/simple-list,src/api/mall/product/property.ts:56,UNRESOLVED (API wrapper exists; enabled page not proven),candidate first-phase; runtime menus/config unverified,internal/api/router/product.go:36,yudao-module-mall/yudao-module-product/src/main/java/cn/iocoder/yudao/module/product/controller/admin/property/ProductPropertyController.java:75,部分对齐,Route registered only; DTO/binding/auth/behavior NOT accepted,Go group middleware: middleware.Auth(); inline middleware: see registration; global tenant middleware NOT acceptance; wire-contract.md,Java query/model binding; see signature,public CommonResult<List<ProductPropertyRespVO>> getPropertySimpleList(); VO annotations: fields.json (inheritance unresolved),Endpoint-specific; settlement indexed dotted keys; other serializers require wire capture,Java LocalDateTime epoch ms uses JVM system zone; Go AppTradeOrder uses JsonDateTime ms while admin TradeOrderBase uses time.Time; field-by-field review pending,For page: pageNo/pageSize -> data.list/data.total; defaults/empty list pending runtime,Integer fen where annotated 分 in VO; never infer every numeric field is money,Distinct; per-endpoint verification pending; see edge cases,Preserve Java/Go declarations; safe-integer boundary pending wire decision,CommonResult code/msg/data; Go helpers HTTP 200 incl business error; middleware/Java failures pending,Controller method_source records service calls; transactions/auth/payment side effects NOT tested,tests/test_inventory.py provenance for all rows; tests/frontend-contracts.cjs SELECTED cases only; see wire-contract.md,待处理: Batch D HTTP/DB/page E2E not run
T01-114,admin,GET,/admin-api/product/property/value/page,src/api/mall/product/property.ts:63,UNRESOLVED (API wrapper exists; enabled page not proven),candidate first-phase; runtime menus/config unverified,internal/api/router/product.go:45,yudao-module-mall/yudao-module-product/src/main/java/cn/iocoder/yudao/module/product/controller/admin/property/ProductPropertyValueController.java:68,部分对齐,Route registered only; DTO/binding/auth/behavior NOT accepted,Go group middleware: middleware.Auth(); inline middleware: see registration; global tenant middleware NOT acceptance; wire-contract.md,Java query/model binding; see signature,public CommonResult<PageResult<ProductPropertyValueRespVO>> getPropertyValuePage(@Valid ProductPropertyValuePageReqVO pageVO); VO annotations: fields.json (inheritance unresolved),Endpoint-specific; settlement indexed dotted keys; other serializers require wire capture,Java LocalDateTime epoch ms uses JVM system zone; Go AppTradeOrder uses JsonDateTime ms while admin TradeOrderBase uses time.Time; field-by-field review pending,For page: pageNo/pageSize -> data.list/data.total; defaults/empty list pending runtime,Integer fen where annotated 分 in VO; never infer every numeric field is money,Distinct; per-endpoint verification pending; see edge cases,Preserve Java/Go declarations; safe-integer boundary pending wire decision,CommonResult code/msg/data; Go helpers HTTP 200 incl business error; middleware/Java failures pending,Controller method_source records service calls; transactions/auth/payment side effects NOT tested,tests/test_inventory.py provenance for all rows; tests/frontend-contracts.cjs SELECTED cases only; see wire-contract.md,待处理: Batch D HTTP/DB/page E2E not run
T01-115,admin,GET,/admin-api/product/property/value/get,src/api/mall/product/property.ts:68,UNRESOLVED (API wrapper exists; enabled page not proven),candidate first-phase; runtime menus/config unverified,internal/api/router/product.go:44,yudao-module-mall/yudao-module-product/src/main/java/cn/iocoder/yudao/module/product/controller/admin/property/ProductPropertyValueController.java:59,部分对齐,Route registered only; DTO/binding/auth/behavior NOT accepted,Go group middleware: middleware.Auth(); inline middleware: see registration; global tenant middleware NOT acceptance; wire-contract.md,Java query/model binding; see signature,"public CommonResult<ProductPropertyValueRespVO> getPropertyValue(@RequestParam(""id"") Long id); VO annotations: fields.json (inheritance unresolved)",Endpoint-specific; settlement indexed dotted keys; other serializers require wire capture,Java LocalDateTime epoch ms uses JVM system zone; Go AppTradeOrder uses JsonDateTime ms while admin TradeOrderBase uses time.Time; field-by-field review pending,For page: pageNo/pageSize -> data.list/data.total; defaults/empty list pending runtime,Integer fen where annotated 分 in VO; never infer every numeric field is money,Distinct; per-endpoint verification pending; see edge cases,Preserve Java/Go declarations; safe-integer boundary pending wire decision,CommonResult code/msg/data; Go helpers HTTP 200 incl business error; middleware/Java failures pending,Controller method_source records service calls; transactions/auth/payment side effects NOT tested,tests/test_inventory.py provenance for all rows; tests/frontend-contracts.cjs SELECTED cases only; see wire-contract.md,待处理: Batch D HTTP/DB/page E2E not run
T01-116,admin,POST,/admin-api/product/property/value/create,src/api/mall/product/property.ts:73,UNRESOLVED (API wrapper exists; enabled page not proven),candidate first-phase; runtime menus/config unverified,internal/api/router/product.go:41,yudao-module-mall/yudao-module-product/src/main/java/cn/iocoder/yudao/module/product/controller/admin/property/ProductPropertyValueController.java:35,部分对齐,Route registered only; DTO/binding/auth/behavior NOT accepted,Go group middleware: middleware.Auth(); inline middleware: see registration; global tenant middleware NOT acceptance; wire-contract.md,Java @RequestBody JSON,public CommonResult<Long> createPropertyValue(@Valid @RequestBody ProductPropertyValueSaveReqVO createReqVO); VO annotations: fields.json (inheritance unresolved),Endpoint-specific; settlement indexed dotted keys; other serializers require wire capture,Java LocalDateTime epoch ms uses JVM system zone; Go AppTradeOrder uses JsonDateTime ms while admin TradeOrderBase uses time.Time; field-by-field review pending,For page: pageNo/pageSize -> data.list/data.total; defaults/empty list pending runtime,Integer fen where annotated 分 in VO; never infer every numeric field is money,Distinct; per-endpoint verification pending; see edge cases,Preserve Java/Go declarations; safe-integer boundary pending wire decision,CommonResult code/msg/data; Go helpers HTTP 200 incl business error; middleware/Java failures pending,Controller method_source records service calls; transactions/auth/payment side effects NOT tested,tests/test_inventory.py provenance for all rows; tests/frontend-contracts.cjs SELECTED cases only; see wire-contract.md,待处理: Batch D HTTP/DB/page E2E not run
T01-117,admin,PUT,/admin-api/product/property/value/update,src/api/mall/product/property.ts:78,UNRESOLVED (API wrapper exists; enabled page not proven),candidate first-phase; runtime menus/config unverified,internal/api/router/product.go:42,yudao-module-mall/yudao-module-product/src/main/java/cn/iocoder/yudao/module/product/controller/admin/property/ProductPropertyValueController.java:42,部分对齐,Route registered only; DTO/binding/auth/behavior NOT accepted,Go group middleware: middleware.Auth(); inline middleware: see registration; global tenant middleware NOT acceptance; wire-contract.md,Java @RequestBody JSON,public CommonResult<Boolean> updatePropertyValue(@Valid @RequestBody ProductPropertyValueSaveReqVO updateReqVO); VO annotations: fields.json (inheritance unresolved),Endpoint-specific; settlement indexed dotted keys; other serializers require wire capture,Java LocalDateTime epoch ms uses JVM system zone; Go AppTradeOrder uses JsonDateTime ms while admin TradeOrderBase uses time.Time; field-by-field review pending,For page: pageNo/pageSize -> data.list/data.total; defaults/empty list pending runtime,Integer fen where annotated 分 in VO; never infer every numeric field is money,Distinct; per-endpoint verification pending; see edge cases,Preserve Java/Go declarations; safe-integer boundary pending wire decision,CommonResult code/msg/data; Go helpers HTTP 200 incl business error; middleware/Java failures pending,Controller method_source records service calls; transactions/auth/payment side effects NOT tested,tests/test_inventory.py provenance for all rows; tests/frontend-contracts.cjs SELECTED cases only; see wire-contract.md,待处理: Batch D HTTP/DB/page E2E not run
T01-118,admin,DELETE,/admin-api/product/property/value/delete,src/api/mall/product/property.ts:83,UNRESOLVED (API wrapper exists; enabled page not proven),candidate first-phase; runtime menus/config unverified,internal/api/router/product.go:43,yudao-module-mall/yudao-module-product/src/main/java/cn/iocoder/yudao/module/product/controller/admin/property/ProductPropertyValueController.java:50,部分对齐,Route registered only; DTO/binding/auth/behavior NOT accepted,Go group middleware: middleware.Auth(); inline middleware: see registration; global tenant middleware NOT acceptance; wire-contract.md,Java query/model binding; see signature,"public CommonResult<Boolean> deletePropertyValue(@RequestParam(""id"") Long id); VO annotations: fields.json (inheritance unresolved)",Endpoint-specific; settlement indexed dotted keys; other serializers require wire capture,Java LocalDateTime epoch ms uses JVM system zone; Go AppTradeOrder uses JsonDateTime ms while admin TradeOrderBase uses time.Time; field-by-field review pending,For page: pageNo/pageSize -> data.list/data.total; defaults/empty list pending runtime,Integer fen where annotated 分 in VO; never infer every numeric field is money,Distinct; per-endpoint verification pending; see edge cases,Preserve Java/Go declarations; safe-integer boundary pending wire decision,CommonResult code/msg/data; Go helpers HTTP 200 incl business error; middleware/Java failures pending,Controller method_source records service calls; transactions/auth/payment side effects NOT tested,tests/test_inventory.py provenance for all rows; tests/frontend-contracts.cjs SELECTED cases only; see wire-contract.md,待处理: Batch D HTTP/DB/page E2E not run
T01-119,admin,GET,/admin-api/product/property/value/simple-list,src/api/mall/product/property.ts:88,UNRESOLVED (API wrapper exists; enabled page not proven),candidate first-phase; runtime menus/config unverified,internal/api/router/product.go:46,yudao-module-mall/yudao-module-product/src/main/java/cn/iocoder/yudao/module/product/controller/admin/property/ProductPropertyValueController.java:76,部分对齐,Route registered only; DTO/binding/auth/behavior NOT accepted,Go group middleware: middleware.Auth(); inline middleware: see registration; global tenant middleware NOT acceptance; wire-contract.md,Java query/model binding; see signature,"public CommonResult<List<ProductPropertyValueRespVO>> getPropertyValueSimpleList(@RequestParam(""propertyId"") Long propertyId); VO annotations: fields.json (inheritance unresolved)",Endpoint-specific; settlement indexed dotted keys; other serializers require wire capture,Java LocalDateTime epoch ms uses JVM system zone; Go AppTradeOrder uses JsonDateTime ms while admin TradeOrderBase uses time.Time; field-by-field review pending,For page: pageNo/pageSize -> data.list/data.total; defaults/empty list pending runtime,Integer fen where annotated 分 in VO; never infer every numeric field is money,Distinct; per-endpoint verification pending; see edge cases,Preserve Java/Go declarations; safe-integer boundary pending wire decision,CommonResult code/msg/data; Go helpers HTTP 200 incl business error; middleware/Java failures pending,Controller method_source records service calls; transactions/auth/payment side effects NOT tested,tests/test_inventory.py provenance for all rows; tests/frontend-contracts.cjs SELECTED cases only; see wire-contract.md,待处理: Batch D HTTP/DB/page E2E not run
T01-120,admin,GET,/admin-api/product/spu/page,src/api/mall/product/spu.ts:65,UNRESOLVED (API wrapper exists; enabled page not proven),candidate first-phase; runtime menus/config unverified,internal/api/router/product.go:71,yudao-module-mall/yudao-module-product/src/main/java/cn/iocoder/yudao/module/product/controller/admin/spu/ProductSpuController.java:112,部分对齐,Route registered only; DTO/binding/auth/behavior NOT accepted,"Go group middleware: middleware.Auth(),middleware.ProductErrorHandler(); inline middleware: see registration; global tenant middleware NOT acceptance; wire-contract.md",Java query/model binding; see signature,public CommonResult<PageResult<ProductSpuRespVO>> getSpuPage(@Valid ProductSpuPageReqVO pageVO); VO annotations: fields.json (inheritance unresolved),Endpoint-specific; settlement indexed dotted keys; other serializers require wire capture,Java LocalDateTime epoch ms uses JVM system zone; Go AppTradeOrder uses JsonDateTime ms while admin TradeOrderBase uses time.Time; field-by-field review pending,For page: pageNo/pageSize -> data.list/data.total; defaults/empty list pending runtime,Integer fen where annotated 分 in VO; never infer every numeric field is money,Distinct; per-endpoint verification pending; see edge cases,Preserve Java/Go declarations; safe-integer boundary pending wire decision,CommonResult code/msg/data; Go helpers HTTP 200 incl business error; middleware/Java failures pending,Controller method_source records service calls; transactions/auth/payment side effects NOT tested,tests/test_inventory.py provenance for all rows; tests/frontend-contracts.cjs SELECTED cases only; see wire-contract.md,待处理: Batch D HTTP/DB/page E2E not run
T01-121,admin,GET,/admin-api/product/spu/get-count,src/api/mall/product/spu.ts:70,UNRESOLVED (API wrapper exists; enabled page not proven),candidate first-phase; runtime menus/config unverified,internal/api/router/product.go:72,yudao-module-mall/yudao-module-product/src/main/java/cn/iocoder/yudao/module/product/controller/admin/spu/ProductSpuController.java:120,部分对齐,Route registered only; DTO/binding/auth/behavior NOT accepted,"Go group middleware: middleware.Auth(),middleware.ProductErrorHandler(); inline middleware: see registration; global tenant middleware NOT acceptance; wire-contract.md",Java query/model binding; see signature,"public CommonResult<Map<Integer, Long>> getSpuCount(ProductSpuPageReqVO reqVO); VO annotations: fields.json (inheritance unresolved)",Endpoint-specific; settlement indexed dotted keys; other serializers require wire capture,Java LocalDateTime epoch ms uses JVM system zone; Go AppTradeOrder uses JsonDateTime ms while admin TradeOrderBase uses time.Time; field-by-field review pending,For page: pageNo/pageSize -> data.list/data.total; defaults/empty list pending runtime,Integer fen where annotated 分 in VO; never infer every numeric field is money,Distinct; per-endpoint verification pending; see edge cases,Preserve Java/Go declarations; safe-integer boundary pending wire decision,CommonResult code/msg/data; Go helpers HTTP 200 incl business error; middleware/Java failures pending,Controller method_source records service calls; transactions/auth/payment side effects NOT tested,tests/test_inventory.py provenance for all rows; tests/frontend-contracts.cjs SELECTED cases only; see wire-contract.md,待处理: Batch D HTTP/DB/page E2E not run
T01-122,admin,POST,/admin-api/product/spu/create,src/api/mall/product/spu.ts:75,UNRESOLVED (API wrapper exists; enabled page not proven),candidate first-phase; runtime menus/config unverified,internal/api/router/product.go:66,yudao-module-mall/yudao-module-product/src/main/java/cn/iocoder/yudao/module/product/controller/admin/spu/ProductSpuController.java:46,部分对齐,Route registered only; DTO/binding/auth/behavior NOT accepted,"Go group middleware: middleware.Auth(),middleware.ProductErrorHandler(); inline middleware: see registration; global tenant middleware NOT acceptance; wire-contract.md",Java @RequestBody JSON,public CommonResult<Long> createProductSpu(@Valid @RequestBody ProductSpuSaveReqVO createReqVO); VO annotations: fields.json (inheritance unresolved),Endpoint-specific; settlement indexed dotted keys; other serializers require wire capture,Java LocalDateTime epoch ms uses JVM system zone; Go AppTradeOrder uses JsonDateTime ms while admin TradeOrderBase uses time.Time; field-by-field review pending,For page: pageNo/pageSize -> data.list/data.total; defaults/empty list pending runtime,Integer fen where annotated 分 in VO; never infer every numeric field is money,Distinct; per-endpoint verification pending; see edge cases,Preserve Java/Go declarations; safe-integer boundary pending wire decision,CommonResult code/msg/data; Go helpers HTTP 200 incl business error; middleware/Java failures pending,Controller method_source records service calls; transactions/auth/payment side effects NOT tested,tests/test_inventory.py provenance for all rows; tests/frontend-contracts.cjs SELECTED cases only; see wire-contract.md,待处理: Batch D HTTP/DB/page E2E not run
T01-123,admin,PUT,/admin-api/product/spu/update,src/api/mall/product/spu.ts:80,UNRESOLVED (API wrapper exists; enabled page not proven),candidate first-phase; runtime menus/config unverified,internal/api/router/product.go:67,yudao-module-mall/yudao-module-product/src/main/java/cn/iocoder/yudao/module/product/controller/admin/spu/ProductSpuController.java:53,部分对齐,Route registered only; DTO/binding/auth/behavior NOT accepted,"Go group middleware: middleware.Auth(),middleware.ProductErrorHandler(); inline middleware: see registration; global tenant middleware NOT acceptance; wire-contract.md",Java @RequestBody JSON,public CommonResult<Boolean> updateSpu(@Valid @RequestBody ProductSpuSaveReqVO updateReqVO); VO annotations: fields.json (inheritance unresolved),Endpoint-specific; settlement indexed dotted keys; other serializers require wire capture,Java LocalDateTime epoch ms uses JVM system zone; Go AppTradeOrder uses JsonDateTime ms while admin TradeOrderBase uses time.Time; field-by-field review pending,For page: pageNo/pageSize -> data.list/data.total; defaults/empty list pending runtime,Integer fen where annotated 分 in VO; never infer every numeric field is money,Distinct; per-endpoint verification pending; see edge cases,Preserve Java/Go declarations; safe-integer boundary pending wire decision,CommonResult code/msg/data; Go helpers HTTP 200 incl business error; middleware/Java failures pending,Controller method_source records service calls; transactions/auth/payment side effects NOT tested,tests/test_inventory.py provenance for all rows; tests/frontend-contracts.cjs SELECTED cases only; see wire-contract.md,待处理: Batch D HTTP/DB/page E2E not run
T01-124,admin,PUT,/admin-api/product/spu/update-status,src/api/mall/product/spu.ts:85,UNRESOLVED (API wrapper exists; enabled page not proven),candidate first-phase; runtime menus/config unverified,internal/api/router/product.go:68,yudao-module-mall/yudao-module-product/src/main/java/cn/iocoder/yudao/module/product/controller/admin/spu/ProductSpuController.java:61,部分对齐,Route registered only; DTO/binding/auth/behavior NOT accepted,"Go group middleware: middleware.Auth(),middleware.ProductErrorHandler(); inline middleware: see registration; global tenant middleware NOT acceptance; wire-contract.md",Java @RequestBody JSON,public CommonResult<Boolean> updateStatus(@Valid @RequestBody ProductSpuUpdateStatusReqVO updateReqVO); VO annotations: fields.json (inheritance unresolved),Endpoint-specific; settlement indexed dotted keys; other serializers require wire capture,Java LocalDateTime epoch ms uses JVM system zone; Go AppTradeOrder uses JsonDateTime ms while admin TradeOrderBase uses time.Time; field-by-field review pending,For page: pageNo/pageSize -> data.list/data.total; defaults/empty list pending runtime,Integer fen where annotated 分 in VO; never infer every numeric field is money,Distinct; per-endpoint verification pending; see edge cases,Preserve Java/Go declarations; safe-integer boundary pending wire decision,CommonResult code/msg/data; Go helpers HTTP 200 incl business error; middleware/Java failures pending,Controller method_source records service calls; transactions/auth/payment side effects NOT tested,tests/test_inventory.py provenance for all rows; tests/frontend-contracts.cjs SELECTED cases only; see wire-contract.md,待处理: Batch D HTTP/DB/page E2E not run
T01-125,admin,GET,/admin-api/product/spu/get-detail,src/api/mall/product/spu.ts:90,UNRESOLVED (API wrapper exists; enabled page not proven),candidate first-phase; runtime menus/config unverified,internal/api/router/product.go:70,yudao-module-mall/yudao-module-product/src/main/java/cn/iocoder/yudao/module/product/controller/admin/spu/ProductSpuController.java:78,部分对齐,Route registered only; DTO/binding/auth/behavior NOT accepted,"Go group middleware: middleware.Auth(),middleware.ProductErrorHandler(); inline middleware: see registration; global tenant middleware NOT acceptance; wire-contract.md",Java query/model binding; see signature,"public CommonResult<ProductSpuRespVO> getSpuDetail(@RequestParam(""id"") Long id); VO annotations: fields.json (inheritance unresolved)",Endpoint-specific; settlement indexed dotted keys; other serializers require wire capture,Java LocalDateTime epoch ms uses JVM system zone; Go AppTradeOrder uses JsonDateTime ms while admin TradeOrderBase uses time.Time; field-by-field review pending,For page: pageNo/pageSize -> data.list/data.total; defaults/empty list pending runtime,Integer fen where annotated 分 in VO; never infer every numeric field is money,Distinct; per-endpoint verification pending; see edge cases,Preserve Java/Go declarations; safe-integer boundary pending wire decision,CommonResult code/msg/data; Go helpers HTTP 200 incl business error; middleware/Java failures pending,Controller method_source records service calls; transactions/auth/payment side effects NOT tested,tests/test_inventory.py provenance for all rows; tests/frontend-contracts.cjs SELECTED cases only; see wire-contract.md,待处理: Batch D HTTP/DB/page E2E not run
T01-126,admin,GET,/admin-api/product/spu/list,src/api/mall/product/spu.ts:95,UNRESOLVED (API wrapper exists; enabled page not proven),candidate first-phase; runtime menus/config unverified,internal/api/router/product.go:74,yudao-module-mall/yudao-module-product/src/main/java/cn/iocoder/yudao/module/product/controller/admin/spu/ProductSpuController.java:103,部分对齐,Route registered only; DTO/binding/auth/behavior NOT accepted,"Go group middleware: middleware.Auth(),middleware.ProductErrorHandler(); inline middleware: see registration; global tenant middleware NOT acceptance; wire-contract.md",Java query/model binding; see signature,"public CommonResult<List<ProductSpuRespVO>> getSpuList(@RequestParam(""spuIds"") Collection<Long> spuIds); VO annotations: fields.json (inheritance unresolved)",Endpoint-specific; settlement indexed dotted keys; other serializers require wire capture,Java LocalDateTime epoch ms uses JVM system zone; Go AppTradeOrder uses JsonDateTime ms while admin TradeOrderBase uses time.Time; field-by-field review pending,For page: pageNo/pageSize -> data.list/data.total; defaults/empty list pending runtime,Integer fen where annotated 分 in VO; never infer every numeric field is money,Distinct; per-endpoint verification pending; see edge cases,Preserve Java/Go declarations; safe-integer boundary pending wire decision,CommonResult code/msg/data; Go helpers HTTP 200 incl business error; middleware/Java failures pending,Controller method_source records service calls; transactions/auth/payment side effects NOT tested,tests/test_inventory.py provenance for all rows; tests/frontend-contracts.cjs SELECTED cases only; see wire-contract.md,待处理: Batch D HTTP/DB/page E2E not run
T01-127,admin,DELETE,/admin-api/product/spu/delete,src/api/mall/product/spu.ts:100,UNRESOLVED (API wrapper exists; enabled page not proven),candidate first-phase; runtime menus/config unverified,internal/api/router/product.go:69,yudao-module-mall/yudao-module-product/src/main/java/cn/iocoder/yudao/module/product/controller/admin/spu/ProductSpuController.java:69,部分对齐,Route registered only; DTO/binding/auth/behavior NOT accepted,"Go group middleware: middleware.Auth(),middleware.ProductErrorHandler(); inline middleware: see registration; global tenant middleware NOT acceptance; wire-contract.md",Java query/model binding; see signature,"public CommonResult<Boolean> deleteSpu(@RequestParam(""id"") Long id); VO annotations: fields.json (inheritance unresolved)",Endpoint-specific; settlement indexed dotted keys; other serializers require wire capture,Java LocalDateTime epoch ms uses JVM system zone; Go AppTradeOrder uses JsonDateTime ms while admin TradeOrderBase uses time.Time; field-by-field review pending,For page: pageNo/pageSize -> data.list/data.total; defaults/empty list pending runtime,Integer fen where annotated 分 in VO; never infer every numeric field is money,Distinct; per-endpoint verification pending; see edge cases,Preserve Java/Go declarations; safe-integer boundary pending wire decision,CommonResult code/msg/data; Go helpers HTTP 200 incl business error; middleware/Java failures pending,Controller method_source records service calls; transactions/auth/payment side effects NOT tested,tests/test_inventory.py provenance for all rows; tests/frontend-contracts.cjs SELECTED cases only; see wire-contract.md,待处理: Batch D HTTP/DB/page E2E not run
T01-128,admin,GET,/admin-api/product/spu/export-excel,src/api/mall/product/spu.ts:105,UNRESOLVED (API wrapper exists; enabled page not proven),candidate first-phase; runtime menus/config unverified,NOT_FOUND,yudao-module-mall/yudao-module-product/src/main/java/cn/iocoder/yudao/module/product/controller/admin/spu/ProductSpuController.java:127,未实现,No matching registration in pinned internal/api/router; not proof service code absent,Go group middleware: ; inline middleware: see registration; global tenant middleware NOT acceptance; wire-contract.md,Java query/model binding; see signature,Java VO declarations in fields.json; Go tags in same file; inheritance/validation NOT fully resolved,Endpoint-specific; settlement indexed dotted keys; other serializers require wire capture,Java LocalDateTime epoch ms uses JVM system zone; Go AppTradeOrder uses JsonDateTime ms while admin TradeOrderBase uses time.Time; field-by-field review pending,For page: pageNo/pageSize -> data.list/data.total; defaults/empty list pending runtime,Integer fen where annotated 分 in VO; never infer every numeric field is money,Distinct; per-endpoint verification pending; see edge cases,Preserve Java/Go declarations; safe-integer boundary pending wire decision,CommonResult code/msg/data; Go helpers HTTP 200 incl business error; middleware/Java failures pending,Controller method_source records service calls; transactions/auth/payment side effects NOT tested,tests/test_inventory.py provenance for all rows; tests/frontend-contracts.cjs SELECTED cases only; see wire-contract.md,待处理: Batch D HTTP/DB/page E2E not run
T01-129,admin,GET,/admin-api/product/spu/list-all-simple,src/api/mall/product/spu.ts:110,UNRESOLVED (API wrapper exists; enabled page not proven),candidate first-phase; runtime menus/config unverified,internal/api/router/product.go:73,yudao-module-mall/yudao-module-product/src/main/java/cn/iocoder/yudao/module/product/controller/admin/spu/ProductSpuController.java:93,部分对齐,Route registered only; DTO/binding/auth/behavior NOT accepted,"Go group middleware: middleware.Auth(),middleware.ProductErrorHandler(); inline middleware: see registration; global tenant middleware NOT acceptance; wire-contract.md",Java query/model binding; see signature,public CommonResult<List<ProductSpuSimpleRespVO>> getSpuSimpleList(); VO annotations: fields.json (inheritance unresolved),Endpoint-specific; settlement indexed dotted keys; other serializers require wire capture,Java LocalDateTime epoch ms uses JVM system zone; Go AppTradeOrder uses JsonDateTime ms while admin TradeOrderBase uses time.Time; field-by-field review pending,For page: pageNo/pageSize -> data.list/data.total; defaults/empty list pending runtime,Integer fen where annotated 分 in VO; never infer every numeric field is money,Distinct; per-endpoint verification pending; see edge cases,Preserve Java/Go declarations; safe-integer boundary pending wire decision,CommonResult code/msg/data; Go helpers HTTP 200 incl business error; middleware/Java failures pending,Controller method_source records service calls; transactions/auth/payment side effects NOT tested,tests/test_inventory.py provenance for all rows; tests/frontend-contracts.cjs SELECTED cases only; see wire-contract.md,待处理: Batch D HTTP/DB/page E2E not run
T01-130,admin,DELETE,/admin-api/promotion/coupon/delete,src/api/mall/promotion/coupon/coupon.ts:8,UNRESOLVED (API wrapper exists; enabled page not proven),candidate first-phase; runtime menus/config unverified,internal/api/router/promotion.go:33,yudao-module-mall/yudao-module-promotion/src/main/java/cn/iocoder/yudao/module/promotion/controller/admin/coupon/CouponController.java:42,部分对齐,Route registered only; DTO/binding/auth/behavior NOT accepted,Go group middleware: middleware.Auth(); inline middleware: see registration; global tenant middleware NOT acceptance; wire-contract.md,Java query/model binding; see signature,"public CommonResult<Boolean> deleteCoupon(@RequestParam(""id"") Long id); VO annotations: fields.json (inheritance unresolved)",Endpoint-specific; settlement indexed dotted keys; other serializers require wire capture,Java LocalDateTime epoch ms uses JVM system zone; Go AppTradeOrder uses JsonDateTime ms while admin TradeOrderBase uses time.Time; field-by-field review pending,For page: pageNo/pageSize -> data.list/data.total; defaults/empty list pending runtime,Integer fen where annotated 分 in VO; never infer every numeric field is money,Distinct; per-endpoint verification pending; see edge cases,Preserve Java/Go declarations; safe-integer boundary pending wire decision,CommonResult code/msg/data; Go helpers HTTP 200 incl business error; middleware/Java failures pending,Controller method_source records service calls; transactions/auth/payment side effects NOT tested,tests/test_inventory.py provenance for all rows; tests/frontend-contracts.cjs SELECTED cases only; see wire-contract.md,待处理: Batch D HTTP/DB/page E2E not run
T01-131,admin,GET,/admin-api/promotion/coupon/page,src/api/mall/promotion/coupon/coupon.ts:15,UNRESOLVED (API wrapper exists; enabled page not proven),candidate first-phase; runtime menus/config unverified,internal/api/router/promotion.go:34,yudao-module-mall/yudao-module-promotion/src/main/java/cn/iocoder/yudao/module/promotion/controller/admin/coupon/CouponController.java:51,部分对齐,Route registered only; DTO/binding/auth/behavior NOT accepted,Go group middleware: middleware.Auth(); inline middleware: see registration; global tenant middleware NOT acceptance; wire-contract.md,Java query/model binding; see signature,public CommonResult<PageResult<CouponPageItemRespVO>> getCouponPage(@Valid CouponPageReqVO pageVO); VO annotations: fields.json (inheritance unresolved),Endpoint-specific; settlement indexed dotted keys; other serializers require wire capture,Java LocalDateTime epoch ms uses JVM system zone; Go AppTradeOrder uses JsonDateTime ms while admin TradeOrderBase uses time.Time; field-by-field review pending,For page: pageNo/pageSize -> data.list/data.total; defaults/empty list pending runtime,Integer fen where annotated 分 in VO; never infer every numeric field is money,Distinct; per-endpoint verification pending; see edge cases,Preserve Java/Go declarations; safe-integer boundary pending wire decision,CommonResult code/msg/data; Go helpers HTTP 200 incl business error; middleware/Java failures pending,Controller method_source records service calls; transactions/auth/payment side effects NOT tested,tests/test_inventory.py provenance for all rows; tests/frontend-contracts.cjs SELECTED cases only; see wire-contract.md,待处理: Batch D HTTP/DB/page E2E not run
T01-132,admin,POST,/admin-api/promotion/coupon/send,src/api/mall/promotion/coupon/coupon.ts:23,UNRESOLVED (API wrapper exists; enabled page not proven),candidate first-phase; runtime menus/config unverified,internal/api/router/promotion.go:35,yudao-module-mall/yudao-module-promotion/src/main/java/cn/iocoder/yudao/module/promotion/controller/admin/coupon/CouponController.java:77,部分对齐,Route registered only; DTO/binding/auth/behavior NOT accepted,Go group middleware: middleware.Auth(); inline middleware: see registration; global tenant middleware NOT acceptance; wire-contract.md,Java @RequestBody JSON,public CommonResult<Boolean> sendCoupon(@Valid @RequestBody CouponSendReqVO reqVO); VO annotations: fields.json (inheritance unresolved),Endpoint-specific; settlement indexed dotted keys; other serializers require wire capture,Java LocalDateTime epoch ms uses JVM system zone; Go AppTradeOrder uses JsonDateTime ms while admin TradeOrderBase uses time.Time; field-by-field review pending,For page: pageNo/pageSize -> data.list/data.total; defaults/empty list pending runtime,Integer fen where annotated 分 in VO; never infer every numeric field is money,Distinct; per-endpoint verification pending; see edge cases,Preserve Java/Go declarations; safe-integer boundary pending wire decision,CommonResult code/msg/data; Go helpers HTTP 200 incl business error; middleware/Java failures pending,Controller method_source records service calls; transactions/auth/payment side effects NOT tested,tests/test_inventory.py provenance for all rows; tests/frontend-contracts.cjs SELECTED cases only; see wire-contract.md,待处理: Batch D HTTP/DB/page E2E not run
T01-133,admin,POST,/admin-api/promotion/coupon-template/create,src/api/mall/promotion/coupon/couponTemplate.ts:29,UNRESOLVED (API wrapper exists; enabled page not proven),candidate first-phase; runtime menus/config unverified,internal/api/router/promotion.go:21,yudao-module-mall/yudao-module-promotion/src/main/java/cn/iocoder/yudao/module/promotion/controller/admin/coupon/CouponTemplateController.java:33,部分对齐,Route registered only; DTO/binding/auth/behavior NOT accepted,Go group middleware: middleware.Auth(); inline middleware: see registration; global tenant middleware NOT acceptance; wire-contract.md,Java @RequestBody JSON,public CommonResult<Long> createCouponTemplate(@Valid @RequestBody CouponTemplateCreateReqVO createReqVO); VO annotations: fields.json (inheritance unresolved),Endpoint-specific; settlement indexed dotted keys; other serializers require wire capture,Java LocalDateTime epoch ms uses JVM system zone; Go AppTradeOrder uses JsonDateTime ms while admin TradeOrderBase uses time.Time; field-by-field review pending,For page: pageNo/pageSize -> data.list/data.total; defaults/empty list pending runtime,Integer fen where annotated 分 in VO; never infer every numeric field is money,Distinct; per-endpoint verification pending; see edge cases,Preserve Java/Go declarations; safe-integer boundary pending wire decision,CommonResult code/msg/data; Go helpers HTTP 200 incl business error; middleware/Java failures pending,Controller method_source records service calls; transactions/auth/payment side effects NOT tested,tests/test_inventory.py provenance for all rows; tests/frontend-contracts.cjs SELECTED cases only; see wire-contract.md,待处理: Batch D HTTP/DB/page E2E not run
T01-134,admin,PUT,/admin-api/promotion/coupon-template/update,src/api/mall/promotion/coupon/couponTemplate.ts:37,UNRESOLVED (API wrapper exists; enabled page not proven),candidate first-phase; runtime menus/config unverified,internal/api/router/promotion.go:22,yudao-module-mall/yudao-module-promotion/src/main/java/cn/iocoder/yudao/module/promotion/controller/admin/coupon/CouponTemplateController.java:40,部分对齐,Route registered only; DTO/binding/auth/behavior NOT accepted,Go group middleware: middleware.Auth(); inline middleware: see registration; global tenant middleware NOT acceptance; wire-contract.md,Java @RequestBody JSON,public CommonResult<Boolean> updateCouponTemplate(@Valid @RequestBody CouponTemplateUpdateReqVO updateReqVO); VO annotations: fields.json (inheritance unresolved),Endpoint-specific; settlement indexed dotted keys; other serializers require wire capture,Java LocalDateTime epoch ms uses JVM system zone; Go AppTradeOrder uses JsonDateTime ms while admin TradeOrderBase uses time.Time; field-by-field review pending,For page: pageNo/pageSize -> data.list/data.total; defaults/empty list pending runtime,Integer fen where annotated 分 in VO; never infer every numeric field is money,Distinct; per-endpoint verification pending; see edge cases,Preserve Java/Go declarations; safe-integer boundary pending wire decision,CommonResult code/msg/data; Go helpers HTTP 200 incl business error; middleware/Java failures pending,Controller method_source records service calls; transactions/auth/payment side effects NOT tested,tests/test_inventory.py provenance for all rows; tests/frontend-contracts.cjs SELECTED cases only; see wire-contract.md,待处理: Batch D HTTP/DB/page E2E not run
T01-135,admin,PUT,/admin-api/promotion/coupon-template/update-status,src/api/mall/promotion/coupon/couponTemplate.ts:49,UNRESOLVED (API wrapper exists; enabled page not proven),candidate first-phase; runtime menus/config unverified,internal/api/router/promotion.go:23,yudao-module-mall/yudao-module-promotion/src/main/java/cn/iocoder/yudao/module/promotion/controller/admin/coupon/CouponTemplateController.java:48,部分对齐,Route registered only; DTO/binding/auth/behavior NOT accepted,Go group middleware: middleware.Auth(); inline middleware: see registration; global tenant middleware NOT acceptance; wire-contract.md,Java @RequestBody JSON,public CommonResult<Boolean> updateCouponTemplateStatus(@Valid @RequestBody CouponTemplateUpdateStatusReqVO reqVO); VO annotations: fields.json (inheritance unresolved),Endpoint-specific; settlement indexed dotted keys; other serializers require wire capture,Java LocalDateTime epoch ms uses JVM system zone; Go AppTradeOrder uses JsonDateTime ms while admin TradeOrderBase uses time.Time; field-by-field review pending,For page: pageNo/pageSize -> data.list/data.total; defaults/empty list pending runtime,Integer fen where annotated 分 in VO; never infer every numeric field is money,Distinct; per-endpoint verification pending; see edge cases,Preserve Java/Go declarations; safe-integer boundary pending wire decision,CommonResult code/msg/data; Go helpers HTTP 200 incl business error; middleware/Java failures pending,Controller method_source records service calls; transactions/auth/payment side effects NOT tested,tests/test_inventory.py provenance for all rows; tests/frontend-contracts.cjs SELECTED cases only; see wire-contract.md,待处理: Batch D HTTP/DB/page E2E not run
T01-136,admin,DELETE,/admin-api/promotion/coupon-template/delete,src/api/mall/promotion/coupon/couponTemplate.ts:57,UNRESOLVED (API wrapper exists; enabled page not proven),candidate first-phase; runtime menus/config unverified,internal/api/router/promotion.go:24,yudao-module-mall/yudao-module-promotion/src/main/java/cn/iocoder/yudao/module/promotion/controller/admin/coupon/CouponTemplateController.java:56,部分对齐,Route registered only; DTO/binding/auth/behavior NOT accepted,Go group middleware: middleware.Auth(); inline middleware: see registration; global tenant middleware NOT acceptance; wire-contract.md,Java query/model binding; see signature,"public CommonResult<Boolean> deleteCouponTemplate(@RequestParam(""id"") Long id); VO annotations: fields.json (inheritance unresolved)",Endpoint-specific; settlement indexed dotted keys; other serializers require wire capture,Java LocalDateTime epoch ms uses JVM system zone; Go AppTradeOrder uses JsonDateTime ms while admin TradeOrderBase uses time.Time; field-by-field review pending,For page: pageNo/pageSize -> data.list/data.total; defaults/empty list pending runtime,Integer fen where annotated 分 in VO; never infer every numeric field is money,Distinct; per-endpoint verification pending; see edge cases,Preserve Java/Go declarations; safe-integer boundary pending wire decision,CommonResult code/msg/data; Go helpers HTTP 200 incl business error; middleware/Java failures pending,Controller method_source records service calls; transactions/auth/payment side effects NOT tested,tests/test_inventory.py provenance for all rows; tests/frontend-contracts.cjs SELECTED cases only; see wire-contract.md,待处理: Batch D HTTP/DB/page E2E not run
T01-137,admin,GET,/admin-api/promotion/coupon-template/get,src/api/mall/promotion/coupon/couponTemplate.ts:64,UNRESOLVED (API wrapper exists; enabled page not proven),candidate first-phase; runtime menus/config unverified,internal/api/router/promotion.go:25,yudao-module-mall/yudao-module-promotion/src/main/java/cn/iocoder/yudao/module/promotion/controller/admin/coupon/CouponTemplateController.java:65,部分对齐,Route registered only; DTO/binding/auth/behavior NOT accepted,Go group middleware: middleware.Auth(); inline middleware: see registration; global tenant middleware NOT acceptance; wire-contract.md,Java query/model binding; see signature,"public CommonResult<CouponTemplateRespVO> getCouponTemplate(@RequestParam(""id"") Long id); VO annotations: fields.json (inheritance unresolved)",Endpoint-specific; settlement indexed dotted keys; other serializers require wire capture,Java LocalDateTime epoch ms uses JVM system zone; Go AppTradeOrder uses JsonDateTime ms while admin TradeOrderBase uses time.Time; field-by-field review pending,For page: pageNo/pageSize -> data.list/data.total; defaults/empty list pending runtime,Integer fen where annotated 分 in VO; never infer every numeric field is money,Distinct; per-endpoint verification pending; see edge cases,Preserve Java/Go declarations; safe-integer boundary pending wire decision,CommonResult code/msg/data; Go helpers HTTP 200 incl business error; middleware/Java failures pending,Controller method_source records service calls; transactions/auth/payment side effects NOT tested,tests/test_inventory.py provenance for all rows; tests/frontend-contracts.cjs SELECTED cases only; see wire-contract.md,待处理: Batch D HTTP/DB/page E2E not run
T01-138,admin,GET,/admin-api/promotion/coupon-template/page,src/api/mall/promotion/coupon/couponTemplate.ts:71,UNRESOLVED (API wrapper exists; enabled page not proven),candidate first-phase; runtime menus/config unverified,internal/api/router/promotion.go:26,yudao-module-mall/yudao-module-promotion/src/main/java/cn/iocoder/yudao/module/promotion/controller/admin/coupon/CouponTemplateController.java:74,部分对齐,Route registered only; DTO/binding/auth/behavior NOT accepted,Go group middleware: middleware.Auth(); inline middleware: see registration; global tenant middleware NOT acceptance; wire-contract.md,Java query/model binding; see signature,public CommonResult<PageResult<CouponTemplateRespVO>> getCouponTemplatePage(@Valid CouponTemplatePageReqVO pageVO); VO annotations: fields.json (inheritance unresolved),Endpoint-specific; settlement indexed dotted keys; other serializers require wire capture,Java LocalDateTime epoch ms uses JVM system zone; Go AppTradeOrder uses JsonDateTime ms while admin TradeOrderBase uses time.Time; field-by-field review pending,For page: pageNo/pageSize -> data.list/data.total; defaults/empty list pending runtime,Integer fen where annotated 分 in VO; never infer every numeric field is money,Distinct; per-endpoint verification pending; see edge cases,Preserve Java/Go declarations; safe-integer boundary pending wire decision,CommonResult code/msg/data; Go helpers HTTP 200 incl business error; middleware/Java failures pending,Controller method_source records service calls; transactions/auth/payment side effects NOT tested,tests/test_inventory.py provenance for all rows; tests/frontend-contracts.cjs SELECTED cases only; see wire-contract.md,待处理: Batch D HTTP/DB/page E2E not run
T01-139,admin,GET,/admin-api/promotion/coupon-template/list,src/api/mall/promotion/coupon/couponTemplate.ts:79,UNRESOLVED (API wrapper exists; enabled page not proven),candidate first-phase; runtime menus/config unverified,internal/api/router/promotion.go:27,yudao-module-mall/yudao-module-promotion/src/main/java/cn/iocoder/yudao/module/promotion/controller/admin/coupon/CouponTemplateController.java:82,部分对齐,Route registered only; DTO/binding/auth/behavior NOT accepted,Go group middleware: middleware.Auth(); inline middleware: see registration; global tenant middleware NOT acceptance; wire-contract.md,Java query/model binding; see signature,"public CommonResult<List<CouponTemplateRespVO>> getCouponTemplateList(@RequestParam(""ids"") Collection<Long> ids); VO annotations: fields.json (inheritance unresolved)",Endpoint-specific; settlement indexed dotted keys; other serializers require wire capture,Java LocalDateTime epoch ms uses JVM system zone; Go AppTradeOrder uses JsonDateTime ms while admin TradeOrderBase uses time.Time; field-by-field review pending,For page: pageNo/pageSize -> data.list/data.total; defaults/empty list pending runtime,Integer fen where annotated 分 in VO; never infer every numeric field is money,Distinct; per-endpoint verification pending; see edge cases,Preserve Java/Go declarations; safe-integer boundary pending wire decision,CommonResult code/msg/data; Go helpers HTTP 200 incl business error; middleware/Java failures pending,Controller method_source records service calls; transactions/auth/payment side effects NOT tested,tests/test_inventory.py provenance for all rows; tests/frontend-contracts.cjs SELECTED cases only; see wire-contract.md,待处理: Batch D HTTP/DB/page E2E not run
T01-140,admin,GET,/admin-api/promotion/coupon-template/export-excel,src/api/mall/promotion/coupon/couponTemplate.ts:86,UNRESOLVED (API wrapper exists; enabled page not proven),candidate first-phase; runtime menus/config unverified,NOT_FOUND,UNRESOLVED,未实现,No matching registration in pinned internal/api/router; not proof service code absent,Go group middleware: ; inline middleware: see registration; global tenant middleware NOT acceptance; wire-contract.md,UNRESOLVED; use fixed frontend source,Java VO declarations in fields.json; Go tags in same file; inheritance/validation NOT fully resolved,Endpoint-specific; settlement indexed dotted keys; other serializers require wire capture,Java LocalDateTime epoch ms uses JVM system zone; Go AppTradeOrder uses JsonDateTime ms while admin TradeOrderBase uses time.Time; field-by-field review pending,For page: pageNo/pageSize -> data.list/data.total; defaults/empty list pending runtime,Integer fen where annotated 分 in VO; never infer every numeric field is money,Distinct; per-endpoint verification pending; see edge cases,Preserve Java/Go declarations; safe-integer boundary pending wire decision,CommonResult code/msg/data; Go helpers HTTP 200 incl business error; middleware/Java failures pending,Controller method_source records service calls; transactions/auth/payment side effects NOT tested,tests/test_inventory.py provenance for all rows; tests/frontend-contracts.cjs SELECTED cases only; see wire-contract.md,待处理: Batch D HTTP/DB/page E2E not run
T01-141,admin,GET,/admin-api/trade/after-sale/page,src/api/mall/trade/afterSale/index.ts:61,UNRESOLVED (API wrapper exists; enabled page not proven),candidate first-phase; runtime menus/config unverified,internal/api/router/trade.go:36,yudao-module-mall/yudao-module-trade/src/main/java/cn/iocoder/yudao/module/trade/controller/admin/aftersale/AfterSaleController.java:57,部分对齐,Route registered only; DTO/binding/auth/behavior NOT accepted,Go group middleware: middleware.Auth(); inline middleware: see registration; global tenant middleware NOT acceptance; wire-contract.md,Java query/model binding; see signature,public CommonResult<PageResult<AfterSaleRespPageItemVO>> getAfterSalePage(@Valid AfterSalePageReqVO pageVO); VO annotations: fields.json (inheritance unresolved),Endpoint-specific; settlement indexed dotted keys; other serializers require wire capture,Java LocalDateTime epoch ms uses JVM system zone; Go AppTradeOrder uses JsonDateTime ms while admin TradeOrderBase uses time.Time; field-by-field review pending,For page: pageNo/pageSize -> data.list/data.total; defaults/empty list pending runtime,Integer fen where annotated 分 in VO; never infer every numeric field is money,Distinct; per-endpoint verification pending; see edge cases,Preserve Java/Go declarations; safe-integer boundary pending wire decision,CommonResult code/msg/data; Go helpers HTTP 200 incl business error; middleware/Java failures pending,Controller method_source records service calls; transactions/auth/payment side effects NOT tested,tests/test_inventory.py provenance for all rows; tests/frontend-contracts.cjs SELECTED cases only; see wire-contract.md,待处理: Batch D HTTP/DB/page E2E not run
T01-142,admin,GET,/admin-api/trade/after-sale/get-detail,src/api/mall/trade/afterSale/index.ts:68,UNRESOLVED (API wrapper exists; enabled page not proven),candidate first-phase; runtime menus/config unverified,internal/api/router/trade.go:37,yudao-module-mall/yudao-module-trade/src/main/java/cn/iocoder/yudao/module/trade/controller/admin/aftersale/AfterSaleController.java:73,部分对齐,Route registered only; DTO/binding/auth/behavior NOT accepted,Go group middleware: middleware.Auth(); inline middleware: see registration; global tenant middleware NOT acceptance; wire-contract.md,Java query/model binding; see signature,"public CommonResult<AfterSaleDetailRespVO> getOrderDetail(@RequestParam(""id"") Long id); VO annotations: fields.json (inheritance unresolved)",Endpoint-specific; settlement indexed dotted keys; other serializers require wire capture,Java LocalDateTime epoch ms uses JVM system zone; Go AppTradeOrder uses JsonDateTime ms while admin TradeOrderBase uses time.Time; field-by-field review pending,For page: pageNo/pageSize -> data.list/data.total; defaults/empty list pending runtime,Integer fen where annotated 分 in VO; never infer every numeric field is money,Distinct; per-endpoint verification pending; see edge cases,Preserve Java/Go declarations; safe-integer boundary pending wire decision,CommonResult code/msg/data; Go helpers HTTP 200 incl business error; middleware/Java failures pending,Controller method_source records service calls; transactions/auth/payment side effects NOT tested,tests/test_inventory.py provenance for all rows; tests/frontend-contracts.cjs SELECTED cases only; see wire-contract.md,待处理: Batch D HTTP/DB/page E2E not run
T01-143,admin,PUT,/admin-api/trade/after-sale/agree,src/api/mall/trade/afterSale/index.ts:73,UNRESOLVED (API wrapper exists; enabled page not proven),candidate first-phase; runtime menus/config unverified,internal/api/router/trade.go:38,yudao-module-mall/yudao-module-trade/src/main/java/cn/iocoder/yudao/module/trade/controller/admin/aftersale/AfterSaleController.java:94,部分对齐,Route registered only; DTO/binding/auth/behavior NOT accepted,Go group middleware: middleware.Auth(); inline middleware: see registration; global tenant middleware NOT acceptance; wire-contract.md,Java query/model binding; see signature,"public CommonResult<Boolean> agreeAfterSale(@RequestParam(""id"") Long id); VO annotations: fields.json (inheritance unresolved)",Endpoint-specific; settlement indexed dotted keys; other serializers require wire capture,Java LocalDateTime epoch ms uses JVM system zone; Go AppTradeOrder uses JsonDateTime ms while admin TradeOrderBase uses time.Time; field-by-field review pending,For page: pageNo/pageSize -> data.list/data.total; defaults/empty list pending runtime,Integer fen where annotated 分 in VO; never infer every numeric field is money,Distinct; per-endpoint verification pending; see edge cases,Preserve Java/Go declarations; safe-integer boundary pending wire decision,CommonResult code/msg/data; Go helpers HTTP 200 incl business error; middleware/Java failures pending,Controller method_source records service calls; transactions/auth/payment side effects NOT tested,tests/test_inventory.py provenance for all rows; tests/frontend-contracts.cjs SELECTED cases only; see wire-contract.md,待处理: Batch D HTTP/DB/page E2E not run
T01-144,admin,PUT,/admin-api/trade/after-sale/disagree,src/api/mall/trade/afterSale/index.ts:78,UNRESOLVED (API wrapper exists; enabled page not proven),candidate first-phase; runtime menus/config unverified,internal/api/router/trade.go:39,yudao-module-mall/yudao-module-trade/src/main/java/cn/iocoder/yudao/module/trade/controller/admin/aftersale/AfterSaleController.java:103,部分对齐,Route registered only; DTO/binding/auth/behavior NOT accepted,Go group middleware: middleware.Auth(); inline middleware: see registration; global tenant middleware NOT acceptance; wire-contract.md,Java @RequestBody JSON,public CommonResult<Boolean> disagreeAfterSale(@RequestBody AfterSaleDisagreeReqVO confirmReqVO); VO annotations: fields.json (inheritance unresolved),Endpoint-specific; settlement indexed dotted keys; other serializers require wire capture,Java LocalDateTime epoch ms uses JVM system zone; Go AppTradeOrder uses JsonDateTime ms while admin TradeOrderBase uses time.Time; field-by-field review pending,For page: pageNo/pageSize -> data.list/data.total; defaults/empty list pending runtime,Integer fen where annotated 分 in VO; never infer every numeric field is money,Distinct; per-endpoint verification pending; see edge cases,Preserve Java/Go declarations; safe-integer boundary pending wire decision,CommonResult code/msg/data; Go helpers HTTP 200 incl business error; middleware/Java failures pending,Controller method_source records service calls; transactions/auth/payment side effects NOT tested,tests/test_inventory.py provenance for all rows; tests/frontend-contracts.cjs SELECTED cases only; see wire-contract.md,待处理: Batch D HTTP/DB/page E2E not run
T01-145,admin,PUT,/admin-api/trade/after-sale/receive,src/api/mall/trade/afterSale/index.ts:83,UNRESOLVED (API wrapper exists; enabled page not proven),candidate first-phase; runtime menus/config unverified,internal/api/router/trade.go:40,yudao-module-mall/yudao-module-trade/src/main/java/cn/iocoder/yudao/module/trade/controller/admin/aftersale/AfterSaleController.java:111,部分对齐,Route registered only; DTO/binding/auth/behavior NOT accepted,Go group middleware: middleware.Auth(); inline middleware: see registration; global tenant middleware NOT acceptance; wire-contract.md,Java query/model binding; see signature,"public CommonResult<Boolean> receiveAfterSale(@RequestParam(""id"") Long id); VO annotations: fields.json (inheritance unresolved)",Endpoint-specific; settlement indexed dotted keys; other serializers require wire capture,Java LocalDateTime epoch ms uses JVM system zone; Go AppTradeOrder uses JsonDateTime ms while admin TradeOrderBase uses time.Time; field-by-field review pending,For page: pageNo/pageSize -> data.list/data.total; defaults/empty list pending runtime,Integer fen where annotated 分 in VO; never infer every numeric field is money,Distinct; per-endpoint verification pending; see edge cases,Preserve Java/Go declarations; safe-integer boundary pending wire decision,CommonResult code/msg/data; Go helpers HTTP 200 incl business error; middleware/Java failures pending,Controller method_source records service calls; transactions/auth/payment side effects NOT tested,tests/test_inventory.py provenance for all rows; tests/frontend-contracts.cjs SELECTED cases only; see wire-contract.md,待处理: Batch D HTTP/DB/page E2E not run
T01-146,admin,PUT,/admin-api/trade/after-sale/refuse,src/api/mall/trade/afterSale/index.ts:88,UNRESOLVED (API wrapper exists; enabled page not proven),candidate first-phase; runtime menus/config unverified,internal/api/router/trade.go:41,yudao-module-mall/yudao-module-trade/src/main/java/cn/iocoder/yudao/module/trade/controller/admin/aftersale/AfterSaleController.java:120,部分对齐,Route registered only; DTO/binding/auth/behavior NOT accepted,Go group middleware: middleware.Auth(); inline middleware: see registration; global tenant middleware NOT acceptance; wire-contract.md,Java query/model binding; see signature,public CommonResult<Boolean> refuseAfterSale(AfterSaleRefuseReqVO refuseReqVO); VO annotations: fields.json (inheritance unresolved),Endpoint-specific; settlement indexed dotted keys; other serializers require wire capture,Java LocalDateTime epoch ms uses JVM system zone; Go AppTradeOrder uses JsonDateTime ms while admin TradeOrderBase uses time.Time; field-by-field review pending,For page: pageNo/pageSize -> data.list/data.total; defaults/empty list pending runtime,Integer fen where annotated 分 in VO; never infer every numeric field is money,Distinct; per-endpoint verification pending; see edge cases,Preserve Java/Go declarations; safe-integer boundary pending wire decision,CommonResult code/msg/data; Go helpers HTTP 200 incl business error; middleware/Java failures pending,Controller method_source records service calls; transactions/auth/payment side effects NOT tested,tests/test_inventory.py provenance for all rows; tests/frontend-contracts.cjs SELECTED cases only; see wire-contract.md,待处理: Batch D HTTP/DB/page E2E not run
T01-147,admin,PUT,/admin-api/trade/after-sale/refund,src/api/mall/trade/afterSale/index.ts:93,UNRESOLVED (API wrapper exists; enabled page not proven),candidate first-phase; runtime menus/config unverified,internal/api/router/trade.go:42,yudao-module-mall/yudao-module-trade/src/main/java/cn/iocoder/yudao/module/trade/controller/admin/aftersale/AfterSaleController.java:129,部分对齐,Route registered only; DTO/binding/auth/behavior NOT accepted,Go group middleware: middleware.Auth(); inline middleware: see registration; global tenant middleware NOT acceptance; wire-contract.md,Java query/model binding; see signature,"public CommonResult<Boolean> refundAfterSale(@RequestParam(""id"") Long id); VO annotations: fields.json (inheritance unresolved)",Endpoint-specific; settlement indexed dotted keys; other serializers require wire capture,Java LocalDateTime epoch ms uses JVM system zone; Go AppTradeOrder uses JsonDateTime ms while admin TradeOrderBase uses time.Time; field-by-field review pending,For page: pageNo/pageSize -> data.list/data.total; defaults/empty list pending runtime,Integer fen where annotated 分 in VO; never infer every numeric field is money,Distinct; per-endpoint verification pending; see edge cases,Preserve Java/Go declarations; safe-integer boundary pending wire decision,CommonResult code/msg/data; Go helpers HTTP 200 incl business error; middleware/Java failures pending,Controller method_source records service calls; transactions/auth/payment side effects NOT tested,tests/test_inventory.py provenance for all rows; tests/frontend-contracts.cjs SELECTED cases only; see wire-contract.md,待处理: Batch D HTTP/DB/page E2E not run
T01-148,admin,GET,/admin-api/trade/config/get,src/api/mall/trade/config/index.ts:25,UNRESOLVED (API wrapper exists; enabled page not proven),candidate first-phase; runtime menus/config unverified,internal/api/router/trade.go:89,yudao-module-mall/yudao-module-trade/src/main/java/cn/iocoder/yudao/module/trade/controller/admin/config/TradeConfigController.java:41,部分对齐,Route registered only; DTO/binding/auth/behavior NOT accepted,Go group middleware: middleware.Auth(); inline middleware: see registration; global tenant middleware NOT acceptance; wire-contract.md,Java query/model binding; see signature,public CommonResult<TradeConfigRespVO> getConfig(); VO annotations: fields.json (inheritance unresolved),Endpoint-specific; settlement indexed dotted keys; other serializers require wire capture,Java LocalDateTime epoch ms uses JVM system zone; Go AppTradeOrder uses JsonDateTime ms while admin TradeOrderBase uses time.Time; field-by-field review pending,For page: pageNo/pageSize -> data.list/data.total; defaults/empty list pending runtime,Integer fen where annotated 分 in VO; never infer every numeric field is money,Distinct; per-endpoint verification pending; see edge cases,Preserve Java/Go declarations; safe-integer boundary pending wire decision,CommonResult code/msg/data; Go helpers HTTP 200 incl business error; middleware/Java failures pending,Controller method_source records service calls; transactions/auth/payment side effects NOT tested,tests/test_inventory.py provenance for all rows; tests/frontend-contracts.cjs SELECTED cases only; see wire-contract.md,待处理: Batch D HTTP/DB/page E2E not run
T01-149,admin,PUT,/admin-api/trade/config/save,src/api/mall/trade/config/index.ts:30,UNRESOLVED (API wrapper exists; enabled page not proven),candidate first-phase; runtime menus/config unverified,internal/api/router/trade.go:90,yudao-module-mall/yudao-module-trade/src/main/java/cn/iocoder/yudao/module/trade/controller/admin/config/TradeConfigController.java:33,部分对齐,Route registered only; DTO/binding/auth/behavior NOT accepted,Go group middleware: middleware.Auth(); inline middleware: see registration; global tenant middleware NOT acceptance; wire-contract.md,Java @RequestBody JSON,public CommonResult<Boolean> updateConfig(@Valid @RequestBody TradeConfigSaveReqVO updateReqVO); VO annotations: fields.json (inheritance unresolved),Endpoint-specific; settlement indexed dotted keys; other serializers require wire capture,Java LocalDateTime epoch ms uses JVM system zone; Go AppTradeOrder uses JsonDateTime ms while admin TradeOrderBase uses time.Time; field-by-field review pending,For page: pageNo/pageSize -> data.list/data.total; defaults/empty list pending runtime,Integer fen where annotated 分 in VO; never infer every numeric field is money,Distinct; per-endpoint verification pending; see edge cases,Preserve Java/Go declarations; safe-integer boundary pending wire decision,CommonResult code/msg/data; Go helpers HTTP 200 incl business error; middleware/Java failures pending,Controller method_source records service calls; transactions/auth/payment side effects NOT tested,tests/test_inventory.py provenance for all rows; tests/frontend-contracts.cjs SELECTED cases only; see wire-contract.md,待处理: Batch D HTTP/DB/page E2E not run
T01-150,admin,GET,/admin-api/trade/delivery/express/page,src/api/mall/trade/delivery/express/index.ts:15,UNRESOLVED (API wrapper exists; enabled page not proven),candidate first-phase; runtime menus/config unverified,internal/api/router/trade.go:56,yudao-module-mall/yudao-module-trade/src/main/java/cn/iocoder/yudao/module/trade/controller/admin/delivery/DeliveryExpressController.java:77,部分对齐,Route registered only; DTO/binding/auth/behavior NOT accepted,Go group middleware: middleware.Auth(); inline middleware: see registration; global tenant middleware NOT acceptance; wire-contract.md,Java query/model binding; see signature,public CommonResult<PageResult<DeliveryExpressRespVO>> getDeliveryExpressPage(@Valid DeliveryExpressPageReqVO pageVO); VO annotations: fields.json (inheritance unresolved),Endpoint-specific; settlement indexed dotted keys; other serializers require wire capture,Java LocalDateTime epoch ms uses JVM system zone; Go AppTradeOrder uses JsonDateTime ms while admin TradeOrderBase uses time.Time; field-by-field review pending,For page: pageNo/pageSize -> data.list/data.total; defaults/empty list pending runtime,Integer fen where annotated 分 in VO; never infer every numeric field is money,Distinct; per-endpoint verification pending; see edge cases,Preserve Java/Go declarations; safe-integer boundary pending wire decision,CommonResult code/msg/data; Go helpers HTTP 200 incl business error; middleware/Java failures pending,Controller method_source records service calls; transactions/auth/payment side effects NOT tested,tests/test_inventory.py provenance for all rows; tests/frontend-contracts.cjs SELECTED cases only; see wire-contract.md,待处理: Batch D HTTP/DB/page E2E not run
T01-151,admin,GET,/admin-api/trade/delivery/express/get,src/api/mall/trade/delivery/express/index.ts:22,UNRESOLVED (API wrapper exists; enabled page not proven),candidate first-phase; runtime menus/config unverified,internal/api/router/trade.go:55,yudao-module-mall/yudao-module-trade/src/main/java/cn/iocoder/yudao/module/trade/controller/admin/delivery/DeliveryExpressController.java:61,部分对齐,Route registered only; DTO/binding/auth/behavior NOT accepted,Go group middleware: middleware.Auth(); inline middleware: see registration; global tenant middleware NOT acceptance; wire-contract.md,Java query/model binding; see signature,"public CommonResult<DeliveryExpressRespVO> getDeliveryExpress(@RequestParam(""id"") Long id); VO annotations: fields.json (inheritance unresolved)",Endpoint-specific; settlement indexed dotted keys; other serializers require wire capture,Java LocalDateTime epoch ms uses JVM system zone; Go AppTradeOrder uses JsonDateTime ms while admin TradeOrderBase uses time.Time; field-by-field review pending,For page: pageNo/pageSize -> data.list/data.total; defaults/empty list pending runtime,Integer fen where annotated 分 in VO; never infer every numeric field is money,Distinct; per-endpoint verification pending; see edge cases,Preserve Java/Go declarations; safe-integer boundary pending wire decision,CommonResult code/msg/data; Go helpers HTTP 200 incl business error; middleware/Java failures pending,Controller method_source records service calls; transactions/auth/payment side effects NOT tested,tests/test_inventory.py provenance for all rows; tests/frontend-contracts.cjs SELECTED cases only; see wire-contract.md,待处理: Batch D HTTP/DB/page E2E not run
T01-152,admin,GET,/admin-api/trade/delivery/express/list-all-simple,src/api/mall/trade/delivery/express/index.ts:27,UNRESOLVED (API wrapper exists; enabled page not proven),candidate first-phase; runtime menus/config unverified,internal/api/router/trade.go:57,yudao-module-mall/yudao-module-trade/src/main/java/cn/iocoder/yudao/module/trade/controller/admin/delivery/DeliveryExpressController.java:70,部分对齐,Route registered only; DTO/binding/auth/behavior NOT accepted,Go group middleware: middleware.Auth(); inline middleware: see registration; global tenant middleware NOT acceptance; wire-contract.md,Java query/model binding; see signature,public CommonResult<List<DeliveryExpressSimpleRespVO>> getSimpleDeliveryExpressList(); VO annotations: fields.json (inheritance unresolved),Endpoint-specific; settlement indexed dotted keys; other serializers require wire capture,Java LocalDateTime epoch ms uses JVM system zone; Go AppTradeOrder uses JsonDateTime ms while admin TradeOrderBase uses time.Time; field-by-field review pending,For page: pageNo/pageSize -> data.list/data.total; defaults/empty list pending runtime,Integer fen where annotated 分 in VO; never infer every numeric field is money,Distinct; per-endpoint verification pending; see edge cases,Preserve Java/Go declarations; safe-integer boundary pending wire decision,CommonResult code/msg/data; Go helpers HTTP 200 incl business error; middleware/Java failures pending,Controller method_source records service calls; transactions/auth/payment side effects NOT tested,tests/test_inventory.py provenance for all rows; tests/frontend-contracts.cjs SELECTED cases only; see wire-contract.md,待处理: Batch D HTTP/DB/page E2E not run
T01-153,admin,POST,/admin-api/trade/delivery/express/create,src/api/mall/trade/delivery/express/index.ts:32,UNRESOLVED (API wrapper exists; enabled page not proven),candidate first-phase; runtime menus/config unverified,internal/api/router/trade.go:52,yudao-module-mall/yudao-module-trade/src/main/java/cn/iocoder/yudao/module/trade/controller/admin/delivery/DeliveryExpressController.java:37,部分对齐,Route registered only; DTO/binding/auth/behavior NOT accepted,Go group middleware: middleware.Auth(); inline middleware: see registration; global tenant middleware NOT acceptance; wire-contract.md,Java @RequestBody JSON,public CommonResult<Long> createDeliveryExpress(@Valid @RequestBody DeliveryExpressCreateReqVO createReqVO); VO annotations: fields.json (inheritance unresolved),Endpoint-specific; settlement indexed dotted keys; other serializers require wire capture,Java LocalDateTime epoch ms uses JVM system zone; Go AppTradeOrder uses JsonDateTime ms while admin TradeOrderBase uses time.Time; field-by-field review pending,For page: pageNo/pageSize -> data.list/data.total; defaults/empty list pending runtime,Integer fen where annotated 分 in VO; never infer every numeric field is money,Distinct; per-endpoint verification pending; see edge cases,Preserve Java/Go declarations; safe-integer boundary pending wire decision,CommonResult code/msg/data; Go helpers HTTP 200 incl business error; middleware/Java failures pending,Controller method_source records service calls; transactions/auth/payment side effects NOT tested,tests/test_inventory.py provenance for all rows; tests/frontend-contracts.cjs SELECTED cases only; see wire-contract.md,待处理: Batch D HTTP/DB/page E2E not run
T01-154,admin,PUT,/admin-api/trade/delivery/express/update,src/api/mall/trade/delivery/express/index.ts:37,UNRESOLVED (API wrapper exists; enabled page not proven),candidate first-phase; runtime menus/config unverified,internal/api/router/trade.go:53,yudao-module-mall/yudao-module-trade/src/main/java/cn/iocoder/yudao/module/trade/controller/admin/delivery/DeliveryExpressController.java:44,部分对齐,Route registered only; DTO/binding/auth/behavior NOT accepted,Go group middleware: middleware.Auth(); inline middleware: see registration; global tenant middleware NOT acceptance; wire-contract.md,Java @RequestBody JSON,public CommonResult<Boolean> updateDeliveryExpress(@Valid @RequestBody DeliveryExpressUpdateReqVO updateReqVO); VO annotations: fields.json (inheritance unresolved),Endpoint-specific; settlement indexed dotted keys; other serializers require wire capture,Java LocalDateTime epoch ms uses JVM system zone; Go AppTradeOrder uses JsonDateTime ms while admin TradeOrderBase uses time.Time; field-by-field review pending,For page: pageNo/pageSize -> data.list/data.total; defaults/empty list pending runtime,Integer fen where annotated 分 in VO; never infer every numeric field is money,Distinct; per-endpoint verification pending; see edge cases,Preserve Java/Go declarations; safe-integer boundary pending wire decision,CommonResult code/msg/data; Go helpers HTTP 200 incl business error; middleware/Java failures pending,Controller method_source records service calls; transactions/auth/payment side effects NOT tested,tests/test_inventory.py provenance for all rows; tests/frontend-contracts.cjs SELECTED cases only; see wire-contract.md,待处理: Batch D HTTP/DB/page E2E not run
T01-155,admin,DELETE,/admin-api/trade/delivery/express/delete,src/api/mall/trade/delivery/express/index.ts:42,UNRESOLVED (API wrapper exists; enabled page not proven),candidate first-phase; runtime menus/config unverified,internal/api/router/trade.go:54,yudao-module-mall/yudao-module-trade/src/main/java/cn/iocoder/yudao/module/trade/controller/admin/delivery/DeliveryExpressController.java:52,部分对齐,Route registered only; DTO/binding/auth/behavior NOT accepted,Go group middleware: middleware.Auth(); inline middleware: see registration; global tenant middleware NOT acceptance; wire-contract.md,Java query/model binding; see signature,"public CommonResult<Boolean> deleteDeliveryExpress(@RequestParam(""id"") Long id); VO annotations: fields.json (inheritance unresolved)",Endpoint-specific; settlement indexed dotted keys; other serializers require wire capture,Java LocalDateTime epoch ms uses JVM system zone; Go AppTradeOrder uses JsonDateTime ms while admin TradeOrderBase uses time.Time; field-by-field review pending,For page: pageNo/pageSize -> data.list/data.total; defaults/empty list pending runtime,Integer fen where annotated 分 in VO; never infer every numeric field is money,Distinct; per-endpoint verification pending; see edge cases,Preserve Java/Go declarations; safe-integer boundary pending wire decision,CommonResult code/msg/data; Go helpers HTTP 200 incl business error; middleware/Java failures pending,Controller method_source records service calls; transactions/auth/payment side effects NOT tested,tests/test_inventory.py provenance for all rows; tests/frontend-contracts.cjs SELECTED cases only; see wire-contract.md,待处理: Batch D HTTP/DB/page E2E not run
T01-156,admin,GET,/admin-api/trade/delivery/express/export-excel,src/api/mall/trade/delivery/express/index.ts:47,UNRESOLVED (API wrapper exists; enabled page not proven),candidate first-phase; runtime menus/config unverified,internal/api/router/trade.go:58,yudao-module-mall/yudao-module-trade/src/main/java/cn/iocoder/yudao/module/trade/controller/admin/delivery/DeliveryExpressController.java:85,部分对齐,Route registered only; DTO/binding/auth/behavior NOT accepted,Go group middleware: middleware.Auth(); inline middleware: see registration; global tenant middleware NOT acceptance; wire-contract.md,Java query/model binding; see signature,Java VO declarations in fields.json; Go tags in same file; inheritance/validation NOT fully resolved,Endpoint-specific; settlement indexed dotted keys; other serializers require wire capture,Java LocalDateTime epoch ms uses JVM system zone; Go AppTradeOrder uses JsonDateTime ms while admin TradeOrderBase uses time.Time; field-by-field review pending,For page: pageNo/pageSize -> data.list/data.total; defaults/empty list pending runtime,Integer fen where annotated 分 in VO; never infer every numeric field is money,Distinct; per-endpoint verification pending; see edge cases,Preserve Java/Go declarations; safe-integer boundary pending wire decision,CommonResult code/msg/data; Go helpers HTTP 200 incl business error; middleware/Java failures pending,Controller method_source records service calls; transactions/auth/payment side effects NOT tested,tests/test_inventory.py provenance for all rows; tests/frontend-contracts.cjs SELECTED cases only; see wire-contract.md,待处理: Batch D HTTP/DB/page E2E not run
T01-157,admin,GET,/admin-api/trade/delivery/express-template/page,src/api/mall/trade/delivery/expressTemplate/index.ts:29,UNRESOLVED (API wrapper exists; enabled page not proven),candidate first-phase; runtime menus/config unverified,internal/api/router/trade.go:80,yudao-module-mall/yudao-module-trade/src/main/java/cn/iocoder/yudao/module/trade/controller/admin/delivery/DeliveryExpressTemplateController.java:82,部分对齐,Route registered only; DTO/binding/auth/behavior NOT accepted,Go group middleware: middleware.Auth(); inline middleware: see registration; global tenant middleware NOT acceptance; wire-contract.md,Java query/model binding; see signature,public CommonResult<PageResult<DeliveryExpressTemplateRespVO>> getDeliveryExpressTemplatePage(@Valid DeliveryExpressTemplatePageReqVO pageVO); VO annotations: fields.json (inheritance unresolved),Endpoint-specific; settlement indexed dotted keys; other serializers require wire capture,Java LocalDateTime epoch ms uses JVM system zone; Go AppTradeOrder uses JsonDateTime ms while admin TradeOrderBase uses time.Time; field-by-field review pending,For page: pageNo/pageSize -> data.list/data.total; defaults/empty list pending runtime,Integer fen where annotated 分 in VO; never infer every numeric field is money,Distinct; per-endpoint verification pending; see edge cases,Preserve Java/Go declarations; safe-integer boundary pending wire decision,CommonResult code/msg/data; Go helpers HTTP 200 incl business error; middleware/Java failures pending,Controller method_source records service calls; transactions/auth/payment side effects NOT tested,tests/test_inventory.py provenance for all rows; tests/frontend-contracts.cjs SELECTED cases only; see wire-contract.md,待处理: Batch D HTTP/DB/page E2E not run
T01-158,admin,GET,/admin-api/trade/delivery/express-template/get,src/api/mall/trade/delivery/expressTemplate/index.ts:37,UNRESOLVED (API wrapper exists; enabled page not proven),candidate first-phase; runtime menus/config unverified,internal/api/router/trade.go:79,yudao-module-mall/yudao-module-trade/src/main/java/cn/iocoder/yudao/module/trade/controller/admin/delivery/DeliveryExpressTemplateController.java:56,部分对齐,Route registered only; DTO/binding/auth/behavior NOT accepted,Go group middleware: middleware.Auth(); inline middleware: see registration; global tenant middleware NOT acceptance; wire-contract.md,Java query/model binding; see signature,"public CommonResult<DeliveryExpressTemplateDetailRespVO> getDeliveryExpressTemplate(@RequestParam(""id"") Long id); VO annotations: fields.json (inheritance unresolved)",Endpoint-specific; settlement indexed dotted keys; other serializers require wire capture,Java LocalDateTime epoch ms uses JVM system zone; Go AppTradeOrder uses JsonDateTime ms while admin TradeOrderBase uses time.Time; field-by-field review pending,For page: pageNo/pageSize -> data.list/data.total; defaults/empty list pending runtime,Integer fen where annotated 分 in VO; never infer every numeric field is money,Distinct; per-endpoint verification pending; see edge cases,Preserve Java/Go declarations; safe-integer boundary pending wire decision,CommonResult code/msg/data; Go helpers HTTP 200 incl business error; middleware/Java failures pending,Controller method_source records service calls; transactions/auth/payment side effects NOT tested,tests/test_inventory.py provenance for all rows; tests/frontend-contracts.cjs SELECTED cases only; see wire-contract.md,待处理: Batch D HTTP/DB/page E2E not run
T01-159,admin,GET,/admin-api/trade/delivery/express-template/list-all-simple,src/api/mall/trade/delivery/expressTemplate/index.ts:44,UNRESOLVED (API wrapper exists; enabled page not proven),candidate first-phase; runtime menus/config unverified,internal/api/router/trade.go:81,yudao-module-mall/yudao-module-trade/src/main/java/cn/iocoder/yudao/module/trade/controller/admin/delivery/DeliveryExpressTemplateController.java:73,部分对齐,Route registered only; DTO/binding/auth/behavior NOT accepted,Go group middleware: middleware.Auth(); inline middleware: see registration; global tenant middleware NOT acceptance; wire-contract.md,Java query/model binding; see signature,public CommonResult<List<DeliveryExpressTemplateSimpleRespVO>> getSimpleTemplateList(); VO annotations: fields.json (inheritance unresolved),Endpoint-specific; settlement indexed dotted keys; other serializers require wire capture,Java LocalDateTime epoch ms uses JVM system zone; Go AppTradeOrder uses JsonDateTime ms while admin TradeOrderBase uses time.Time; field-by-field review pending,For page: pageNo/pageSize -> data.list/data.total; defaults/empty list pending runtime,Integer fen where annotated 分 in VO; never infer every numeric field is money,Distinct; per-endpoint verification pending; see edge cases,Preserve Java/Go declarations; safe-integer boundary pending wire decision,CommonResult code/msg/data; Go helpers HTTP 200 incl business error; middleware/Java failures pending,Controller method_source records service calls; transactions/auth/payment side effects NOT tested,tests/test_inventory.py provenance for all rows; tests/frontend-contracts.cjs SELECTED cases only; see wire-contract.md,待处理: Batch D HTTP/DB/page E2E not run
T01-160,admin,POST,/admin-api/trade/delivery/express-template/create,src/api/mall/trade/delivery/expressTemplate/index.ts:50,UNRESOLVED (API wrapper exists; enabled page not proven),candidate first-phase; runtime menus/config unverified,internal/api/router/trade.go:76,yudao-module-mall/yudao-module-trade/src/main/java/cn/iocoder/yudao/module/trade/controller/admin/delivery/DeliveryExpressTemplateController.java:32,部分对齐,Route registered only; DTO/binding/auth/behavior NOT accepted,Go group middleware: middleware.Auth(); inline middleware: see registration; global tenant middleware NOT acceptance; wire-contract.md,Java @RequestBody JSON,public CommonResult<Long> createDeliveryExpressTemplate(@Valid @RequestBody DeliveryExpressTemplateCreateReqVO createReqVO); VO annotations: fields.json (inheritance unresolved),Endpoint-specific; settlement indexed dotted keys; other serializers require wire capture,Java LocalDateTime epoch ms uses JVM system zone; Go AppTradeOrder uses JsonDateTime ms while admin TradeOrderBase uses time.Time; field-by-field review pending,For page: pageNo/pageSize -> data.list/data.total; defaults/empty list pending runtime,Integer fen where annotated 分 in VO; never infer every numeric field is money,Distinct; per-endpoint verification pending; see edge cases,Preserve Java/Go declarations; safe-integer boundary pending wire decision,CommonResult code/msg/data; Go helpers HTTP 200 incl business error; middleware/Java failures pending,Controller method_source records service calls; transactions/auth/payment side effects NOT tested,tests/test_inventory.py provenance for all rows; tests/frontend-contracts.cjs SELECTED cases only; see wire-contract.md,待处理: Batch D HTTP/DB/page E2E not run
T01-161,admin,PUT,/admin-api/trade/delivery/express-template/update,src/api/mall/trade/delivery/expressTemplate/index.ts:55,UNRESOLVED (API wrapper exists; enabled page not proven),candidate first-phase; runtime menus/config unverified,internal/api/router/trade.go:77,yudao-module-mall/yudao-module-trade/src/main/java/cn/iocoder/yudao/module/trade/controller/admin/delivery/DeliveryExpressTemplateController.java:39,部分对齐,Route registered only; DTO/binding/auth/behavior NOT accepted,Go group middleware: middleware.Auth(); inline middleware: see registration; global tenant middleware NOT acceptance; wire-contract.md,Java @RequestBody JSON,public CommonResult<Boolean> updateDeliveryExpressTemplate(@Valid @RequestBody DeliveryExpressTemplateUpdateReqVO updateReqVO); VO annotations: fields.json (inheritance unresolved),Endpoint-specific; settlement indexed dotted keys; other serializers require wire capture,Java LocalDateTime epoch ms uses JVM system zone; Go AppTradeOrder uses JsonDateTime ms while admin TradeOrderBase uses time.Time; field-by-field review pending,For page: pageNo/pageSize -> data.list/data.total; defaults/empty list pending runtime,Integer fen where annotated 分 in VO; never infer every numeric field is money,Distinct; per-endpoint verification pending; see edge cases,Preserve Java/Go declarations; safe-integer boundary pending wire decision,CommonResult code/msg/data; Go helpers HTTP 200 incl business error; middleware/Java failures pending,Controller method_source records service calls; transactions/auth/payment side effects NOT tested,tests/test_inventory.py provenance for all rows; tests/frontend-contracts.cjs SELECTED cases only; see wire-contract.md,待处理: Batch D HTTP/DB/page E2E not run
T01-162,admin,DELETE,/admin-api/trade/delivery/express-template/delete,src/api/mall/trade/delivery/expressTemplate/index.ts:60,UNRESOLVED (API wrapper exists; enabled page not proven),candidate first-phase; runtime menus/config unverified,internal/api/router/trade.go:78,yudao-module-mall/yudao-module-trade/src/main/java/cn/iocoder/yudao/module/trade/controller/admin/delivery/DeliveryExpressTemplateController.java:47,部分对齐,Route registered only; DTO/binding/auth/behavior NOT accepted,Go group middleware: middleware.Auth(); inline middleware: see registration; global tenant middleware NOT acceptance; wire-contract.md,Java query/model binding; see signature,"public CommonResult<Boolean> deleteDeliveryExpressTemplate(@RequestParam(""id"") Long id); VO annotations: fields.json (inheritance unresolved)",Endpoint-specific; settlement indexed dotted keys; other serializers require wire capture,Java LocalDateTime epoch ms uses JVM system zone; Go AppTradeOrder uses JsonDateTime ms while admin TradeOrderBase uses time.Time; field-by-field review pending,For page: pageNo/pageSize -> data.list/data.total; defaults/empty list pending runtime,Integer fen where annotated 分 in VO; never infer every numeric field is money,Distinct; per-endpoint verification pending; see edge cases,Preserve Java/Go declarations; safe-integer boundary pending wire decision,CommonResult code/msg/data; Go helpers HTTP 200 incl business error; middleware/Java failures pending,Controller method_source records service calls; transactions/auth/payment side effects NOT tested,tests/test_inventory.py provenance for all rows; tests/frontend-contracts.cjs SELECTED cases only; see wire-contract.md,待处理: Batch D HTTP/DB/page E2E not run
T01-163,admin,GET,/admin-api/trade/delivery/pick-up-store/page,src/api/mall/trade/delivery/pickUpStore/index.ts:29,UNRESOLVED (API wrapper exists; enabled page not proven),candidate first-phase; runtime menus/config unverified,internal/api/router/trade.go:68,yudao-module-mall/yudao-module-trade/src/main/java/cn/iocoder/yudao/module/trade/controller/admin/delivery/DeliveryPickUpStoreController.java:97,部分对齐,Route registered only; DTO/binding/auth/behavior NOT accepted,Go group middleware: middleware.Auth(); inline middleware: see registration; global tenant middleware NOT acceptance; wire-contract.md,Java query/model binding; see signature,public CommonResult<PageResult<DeliveryPickUpStoreRespVO>> getDeliveryPickUpStorePage(@Valid DeliveryPickUpStorePageReqVO pageVO); VO annotations: fields.json (inheritance unresolved),Endpoint-specific; settlement indexed dotted keys; other serializers require wire capture,Java LocalDateTime epoch ms uses JVM system zone; Go AppTradeOrder uses JsonDateTime ms while admin TradeOrderBase uses time.Time; field-by-field review pending,For page: pageNo/pageSize -> data.list/data.total; defaults/empty list pending runtime,Integer fen where annotated 分 in VO; never infer every numeric field is money,Distinct; per-endpoint verification pending; see edge cases,Preserve Java/Go declarations; safe-integer boundary pending wire decision,CommonResult code/msg/data; Go helpers HTTP 200 incl business error; middleware/Java failures pending,Controller method_source records service calls; transactions/auth/payment side effects NOT tested,tests/test_inventory.py provenance for all rows; tests/frontend-contracts.cjs SELECTED cases only; see wire-contract.md,待处理: Batch D HTTP/DB/page E2E not run
T01-164,admin,GET,/admin-api/trade/delivery/pick-up-store/get,src/api/mall/trade/delivery/pickUpStore/index.ts:37,UNRESOLVED (API wrapper exists; enabled page not proven),candidate first-phase; runtime menus/config unverified,internal/api/router/trade.go:67,yudao-module-mall/yudao-module-trade/src/main/java/cn/iocoder/yudao/module/trade/controller/admin/delivery/DeliveryPickUpStoreController.java:65,部分对齐,Route registered only; DTO/binding/auth/behavior NOT accepted,Go group middleware: middleware.Auth(); inline middleware: see registration; global tenant middleware NOT acceptance; wire-contract.md,Java query/model binding; see signature,"public CommonResult<DeliveryPickUpStoreRespVO> getDeliveryPickUpStore(@RequestParam(""id"") Long id); VO annotations: fields.json (inheritance unresolved)",Endpoint-specific; settlement indexed dotted keys; other serializers require wire capture,Java LocalDateTime epoch ms uses JVM system zone; Go AppTradeOrder uses JsonDateTime ms while admin TradeOrderBase uses time.Time; field-by-field review pending,For page: pageNo/pageSize -> data.list/data.total; defaults/empty list pending runtime,Integer fen where annotated 分 in VO; never infer every numeric field is money,Distinct; per-endpoint verification pending; see edge cases,Preserve Java/Go declarations; safe-integer boundary pending wire decision,CommonResult code/msg/data; Go helpers HTTP 200 incl business error; middleware/Java failures pending,Controller method_source records service calls; transactions/auth/payment side effects NOT tested,tests/test_inventory.py provenance for all rows; tests/frontend-contracts.cjs SELECTED cases only; see wire-contract.md,待处理: Batch D HTTP/DB/page E2E not run
T01-165,admin,GET,/admin-api/trade/delivery/pick-up-store/simple-list,src/api/mall/trade/delivery/pickUpStore/index.ts:44,UNRESOLVED (API wrapper exists; enabled page not proven),candidate first-phase; runtime menus/config unverified,internal/api/router/trade.go:69,yudao-module-mall/yudao-module-trade/src/main/java/cn/iocoder/yudao/module/trade/controller/admin/delivery/DeliveryPickUpStoreController.java:80,部分对齐,Route registered only; DTO/binding/auth/behavior NOT accepted,Go group middleware: middleware.Auth(); inline middleware: see registration; global tenant middleware NOT acceptance; wire-contract.md,Java query/model binding; see signature,public CommonResult<List<DeliveryPickUpStoreSimpleRespVO>> getSimpleDeliveryPickUpStoreList(); VO annotations: fields.json (inheritance unresolved),Endpoint-specific; settlement indexed dotted keys; other serializers require wire capture,Java LocalDateTime epoch ms uses JVM system zone; Go AppTradeOrder uses JsonDateTime ms while admin TradeOrderBase uses time.Time; field-by-field review pending,For page: pageNo/pageSize -> data.list/data.total; defaults/empty list pending runtime,Integer fen where annotated 分 in VO; never infer every numeric field is money,Distinct; per-endpoint verification pending; see edge cases,Preserve Java/Go declarations; safe-integer boundary pending wire decision,CommonResult code/msg/data; Go helpers HTTP 200 incl business error; middleware/Java failures pending,Controller method_source records service calls; transactions/auth/payment side effects NOT tested,tests/test_inventory.py provenance for all rows; tests/frontend-contracts.cjs SELECTED cases only; see wire-contract.md,待处理: Batch D HTTP/DB/page E2E not run
T01-166,admin,POST,/admin-api/trade/delivery/pick-up-store/create,src/api/mall/trade/delivery/pickUpStore/index.ts:50,UNRESOLVED (API wrapper exists; enabled page not proven),candidate first-phase; runtime menus/config unverified,internal/api/router/trade.go:64,yudao-module-mall/yudao-module-trade/src/main/java/cn/iocoder/yudao/module/trade/controller/admin/delivery/DeliveryPickUpStoreController.java:41,部分对齐,Route registered only; DTO/binding/auth/behavior NOT accepted,Go group middleware: middleware.Auth(); inline middleware: see registration; global tenant middleware NOT acceptance; wire-contract.md,Java @RequestBody JSON,public CommonResult<Long> createDeliveryPickUpStore(@Valid @RequestBody DeliveryPickUpStoreCreateReqVO createReqVO); VO annotations: fields.json (inheritance unresolved),Endpoint-specific; settlement indexed dotted keys; other serializers require wire capture,Java LocalDateTime epoch ms uses JVM system zone; Go AppTradeOrder uses JsonDateTime ms while admin TradeOrderBase uses time.Time; field-by-field review pending,For page: pageNo/pageSize -> data.list/data.total; defaults/empty list pending runtime,Integer fen where annotated 分 in VO; never infer every numeric field is money,Distinct; per-endpoint verification pending; see edge cases,Preserve Java/Go declarations; safe-integer boundary pending wire decision,CommonResult code/msg/data; Go helpers HTTP 200 incl business error; middleware/Java failures pending,Controller method_source records service calls; transactions/auth/payment side effects NOT tested,tests/test_inventory.py provenance for all rows; tests/frontend-contracts.cjs SELECTED cases only; see wire-contract.md,待处理: Batch D HTTP/DB/page E2E not run
T01-167,admin,PUT,/admin-api/trade/delivery/pick-up-store/update,src/api/mall/trade/delivery/pickUpStore/index.ts:55,UNRESOLVED (API wrapper exists; enabled page not proven),candidate first-phase; runtime menus/config unverified,internal/api/router/trade.go:65,yudao-module-mall/yudao-module-trade/src/main/java/cn/iocoder/yudao/module/trade/controller/admin/delivery/DeliveryPickUpStoreController.java:48,部分对齐,Route registered only; DTO/binding/auth/behavior NOT accepted,Go group middleware: middleware.Auth(); inline middleware: see registration; global tenant middleware NOT acceptance; wire-contract.md,Java @RequestBody JSON,public CommonResult<Boolean> updateDeliveryPickUpStore(@Valid @RequestBody DeliveryPickUpStoreUpdateReqVO updateReqVO); VO annotations: fields.json (inheritance unresolved),Endpoint-specific; settlement indexed dotted keys; other serializers require wire capture,Java LocalDateTime epoch ms uses JVM system zone; Go AppTradeOrder uses JsonDateTime ms while admin TradeOrderBase uses time.Time; field-by-field review pending,For page: pageNo/pageSize -> data.list/data.total; defaults/empty list pending runtime,Integer fen where annotated 分 in VO; never infer every numeric field is money,Distinct; per-endpoint verification pending; see edge cases,Preserve Java/Go declarations; safe-integer boundary pending wire decision,CommonResult code/msg/data; Go helpers HTTP 200 incl business error; middleware/Java failures pending,Controller method_source records service calls; transactions/auth/payment side effects NOT tested,tests/test_inventory.py provenance for all rows; tests/frontend-contracts.cjs SELECTED cases only; see wire-contract.md,待处理: Batch D HTTP/DB/page E2E not run
T01-168,admin,DELETE,/admin-api/trade/delivery/pick-up-store/delete,src/api/mall/trade/delivery/pickUpStore/index.ts:60,UNRESOLVED (API wrapper exists; enabled page not proven),candidate first-phase; runtime menus/config unverified,internal/api/router/trade.go:66,yudao-module-mall/yudao-module-trade/src/main/java/cn/iocoder/yudao/module/trade/controller/admin/delivery/DeliveryPickUpStoreController.java:56,部分对齐,Route registered only; DTO/binding/auth/behavior NOT accepted,Go group middleware: middleware.Auth(); inline middleware: see registration; global tenant middleware NOT acceptance; wire-contract.md,Java query/model binding; see signature,"public CommonResult<Boolean> deleteDeliveryPickUpStore(@RequestParam(""id"") Long id); VO annotations: fields.json (inheritance unresolved)",Endpoint-specific; settlement indexed dotted keys; other serializers require wire capture,Java LocalDateTime epoch ms uses JVM system zone; Go AppTradeOrder uses JsonDateTime ms while admin TradeOrderBase uses time.Time; field-by-field review pending,For page: pageNo/pageSize -> data.list/data.total; defaults/empty list pending runtime,Integer fen where annotated 分 in VO; never infer every numeric field is money,Distinct; per-endpoint verification pending; see edge cases,Preserve Java/Go declarations; safe-integer boundary pending wire decision,CommonResult code/msg/data; Go helpers HTTP 200 incl business error; middleware/Java failures pending,Controller method_source records service calls; transactions/auth/payment side effects NOT tested,tests/test_inventory.py provenance for all rows; tests/frontend-contracts.cjs SELECTED cases only; see wire-contract.md,待处理: Batch D HTTP/DB/page E2E not run
T01-169,admin,POST,/admin-api/trade/delivery/pick-up-store/bind,src/api/mall/trade/delivery/pickUpStore/index.ts:65,UNRESOLVED (API wrapper exists; enabled page not proven),candidate first-phase; runtime menus/config unverified,internal/api/router/trade.go:70,yudao-module-mall/yudao-module-trade/src/main/java/cn/iocoder/yudao/module/trade/controller/admin/delivery/DeliveryPickUpStoreController.java:105,部分对齐,Route registered only; DTO/binding/auth/behavior NOT accepted,Go group middleware: middleware.Auth(); inline middleware: see registration; global tenant middleware NOT acceptance; wire-contract.md,Java @RequestBody JSON,public CommonResult<Boolean> bindDeliveryPickUpStore(@Valid @RequestBody DeliveryPickUpBindReqVO bindReqVO); VO annotations: fields.json (inheritance unresolved),Endpoint-specific; settlement indexed dotted keys; other serializers require wire capture,Java LocalDateTime epoch ms uses JVM system zone; Go AppTradeOrder uses JsonDateTime ms while admin TradeOrderBase uses time.Time; field-by-field review pending,For page: pageNo/pageSize -> data.list/data.total; defaults/empty list pending runtime,Integer fen where annotated 分 in VO; never infer every numeric field is money,Distinct; per-endpoint verification pending; see edge cases,Preserve Java/Go declarations; safe-integer boundary pending wire decision,CommonResult code/msg/data; Go helpers HTTP 200 incl business error; middleware/Java failures pending,Controller method_source records service calls; transactions/auth/payment side effects NOT tested,tests/test_inventory.py provenance for all rows; tests/frontend-contracts.cjs SELECTED cases only; see wire-contract.md,待处理: Batch D HTTP/DB/page E2E not run
T01-170,admin,GET,/admin-api/trade/order/page,src/api/mall/trade/order/index.ts:125,UNRESOLVED (API wrapper exists; enabled page not proven),candidate first-phase; runtime menus/config unverified,internal/api/router/trade.go:19,yudao-module-mall/yudao-module-trade/src/main/java/cn/iocoder/yudao/module/trade/controller/admin/order/TradeOrderController.java:52,部分对齐,Route registered only; DTO/binding/auth/behavior NOT accepted,Go group middleware: middleware.Auth(); inline middleware: see registration; global tenant middleware NOT acceptance; wire-contract.md,Java query/model binding; see signature,public CommonResult<PageResult<TradeOrderPageItemRespVO>> getOrderPage(TradeOrderPageReqVO reqVO); VO annotations: fields.json (inheritance unresolved),Endpoint-specific; settlement indexed dotted keys; other serializers require wire capture,Java LocalDateTime epoch ms uses JVM system zone; Go AppTradeOrder uses JsonDateTime ms while admin TradeOrderBase uses time.Time; field-by-field review pending,For page: pageNo/pageSize -> data.list/data.total; defaults/empty list pending runtime,Integer fen where annotated 分 in VO; never infer every numeric field is money,Distinct; per-endpoint verification pending; see edge cases,Preserve Java/Go declarations; safe-integer boundary pending wire decision,CommonResult code/msg/data; Go helpers HTTP 200 incl business error; middleware/Java failures pending,Controller method_source records service calls; transactions/auth/payment side effects NOT tested,tests/test_inventory.py provenance for all rows; tests/frontend-contracts.cjs SELECTED cases only; see wire-contract.md,待处理: Batch D HTTP/DB/page E2E not run
T01-171,admin,GET,/admin-api/trade/order/summary,src/api/mall/trade/order/index.ts:130,UNRESOLVED (API wrapper exists; enabled page not proven),candidate first-phase; runtime menus/config unverified,internal/api/router/trade.go:21,yudao-module-mall/yudao-module-trade/src/main/java/cn/iocoder/yudao/module/trade/controller/admin/order/TradeOrderController.java:73,部分对齐,Route registered only; DTO/binding/auth/behavior NOT accepted,Go group middleware: middleware.Auth(); inline middleware: see registration; global tenant middleware NOT acceptance; wire-contract.md,Java query/model binding; see signature,public CommonResult<TradeOrderSummaryRespVO> getOrderSummary(TradeOrderPageReqVO reqVO); VO annotations: fields.json (inheritance unresolved),Endpoint-specific; settlement indexed dotted keys; other serializers require wire capture,Java LocalDateTime epoch ms uses JVM system zone; Go AppTradeOrder uses JsonDateTime ms while admin TradeOrderBase uses time.Time; field-by-field review pending,For page: pageNo/pageSize -> data.list/data.total; defaults/empty list pending runtime,Integer fen where annotated 分 in VO; never infer every numeric field is money,Distinct; per-endpoint verification pending; see edge cases,Preserve Java/Go declarations; safe-integer boundary pending wire decision,CommonResult code/msg/data; Go helpers HTTP 200 incl business error; middleware/Java failures pending,Controller method_source records service calls; transactions/auth/payment side effects NOT tested,tests/test_inventory.py provenance for all rows; tests/frontend-contracts.cjs SELECTED cases only; see wire-contract.md,待处理: Batch D HTTP/DB/page E2E not run
T01-172,admin,GET,/admin-api/trade/order/get-detail,src/api/mall/trade/order/index.ts:135,UNRESOLVED (API wrapper exists; enabled page not proven),candidate first-phase; runtime menus/config unverified,internal/api/router/trade.go:20,yudao-module-mall/yudao-module-trade/src/main/java/cn/iocoder/yudao/module/trade/controller/admin/order/TradeOrderController.java:80,部分对齐,Route registered only; DTO/binding/auth/behavior NOT accepted,Go group middleware: middleware.Auth(); inline middleware: see registration; global tenant middleware NOT acceptance; wire-contract.md,Java query/model binding; see signature,"public CommonResult<TradeOrderDetailRespVO> getOrderDetail(@RequestParam(""id"") Long id); VO annotations: fields.json (inheritance unresolved)",Endpoint-specific; settlement indexed dotted keys; other serializers require wire capture,Java LocalDateTime epoch ms uses JVM system zone; Go AppTradeOrder uses JsonDateTime ms while admin TradeOrderBase uses time.Time; field-by-field review pending,For page: pageNo/pageSize -> data.list/data.total; defaults/empty list pending runtime,Integer fen where annotated 分 in VO; never infer every numeric field is money,Distinct; per-endpoint verification pending; see edge cases,Preserve Java/Go declarations; safe-integer boundary pending wire decision,CommonResult code/msg/data; Go helpers HTTP 200 incl business error; middleware/Java failures pending,Controller method_source records service calls; transactions/auth/payment side effects NOT tested,tests/test_inventory.py provenance for all rows; tests/frontend-contracts.cjs SELECTED cases only; see wire-contract.md,待处理: Batch D HTTP/DB/page E2E not run
T01-173,admin,GET,/admin-api/trade/order/get-express-track-list,src/api/mall/trade/order/index.ts:141,UNRESOLVED (API wrapper exists; enabled page not proven),candidate first-phase; runtime menus/config unverified,internal/api/router/trade.go:22,yudao-module-mall/yudao-module-trade/src/main/java/cn/iocoder/yudao/module/trade/controller/admin/order/TradeOrderController.java:101,部分对齐,Route registered only; DTO/binding/auth/behavior NOT accepted,Go group middleware: middleware.Auth(); inline middleware: see registration; global tenant middleware NOT acceptance; wire-contract.md,Java query/model binding; see signature,"public CommonResult<List<?>> getOrderExpressTrackList(@RequestParam(""id"") Long id); VO annotations: fields.json (inheritance unresolved)",Endpoint-specific; settlement indexed dotted keys; other serializers require wire capture,Java LocalDateTime epoch ms uses JVM system zone; Go AppTradeOrder uses JsonDateTime ms while admin TradeOrderBase uses time.Time; field-by-field review pending,For page: pageNo/pageSize -> data.list/data.total; defaults/empty list pending runtime,Integer fen where annotated 分 in VO; never infer every numeric field is money,Distinct; per-endpoint verification pending; see edge cases,Preserve Java/Go declarations; safe-integer boundary pending wire decision,CommonResult code/msg/data; Go helpers HTTP 200 incl business error; middleware/Java failures pending,Controller method_source records service calls; transactions/auth/payment side effects NOT tested,tests/test_inventory.py provenance for all rows; tests/frontend-contracts.cjs SELECTED cases only; see wire-contract.md,待处理: Batch D HTTP/DB/page E2E not run
T01-174,admin,PUT,/admin-api/trade/order/delivery,src/api/mall/trade/order/index.ts:153,UNRESOLVED (API wrapper exists; enabled page not proven),candidate first-phase; runtime menus/config unverified,internal/api/router/trade.go:24,yudao-module-mall/yudao-module-trade/src/main/java/cn/iocoder/yudao/module/trade/controller/admin/order/TradeOrderController.java:110,部分对齐,Route registered only; DTO/binding/auth/behavior NOT accepted,Go group middleware: middleware.Auth(); inline middleware: see registration; global tenant middleware NOT acceptance; wire-contract.md,Java @RequestBody JSON,public CommonResult<Boolean> deliveryOrder(@RequestBody TradeOrderDeliveryReqVO deliveryReqVO); VO annotations: fields.json (inheritance unresolved),Endpoint-specific; settlement indexed dotted keys; other serializers require wire capture,Java LocalDateTime epoch ms uses JVM system zone; Go AppTradeOrder uses JsonDateTime ms while admin TradeOrderBase uses time.Time; field-by-field review pending,For page: pageNo/pageSize -> data.list/data.total; defaults/empty list pending runtime,Integer fen where annotated 分 in VO; never infer every numeric field is money,Distinct; per-endpoint verification pending; see edge cases,Preserve Java/Go declarations; safe-integer boundary pending wire decision,CommonResult code/msg/data; Go helpers HTTP 200 incl business error; middleware/Java failures pending,Controller method_source records service calls; transactions/auth/payment side effects NOT tested,tests/test_inventory.py provenance for all rows; tests/frontend-contracts.cjs SELECTED cases only; see wire-contract.md,待处理: Batch D HTTP/DB/page E2E not run
T01-175,admin,PUT,/admin-api/trade/order/update-remark,src/api/mall/trade/order/index.ts:158,UNRESOLVED (API wrapper exists; enabled page not proven),candidate first-phase; runtime menus/config unverified,internal/api/router/trade.go:25,yudao-module-mall/yudao-module-trade/src/main/java/cn/iocoder/yudao/module/trade/controller/admin/order/TradeOrderController.java:118,部分对齐,Route registered only; DTO/binding/auth/behavior NOT accepted,Go group middleware: middleware.Auth(); inline middleware: see registration; global tenant middleware NOT acceptance; wire-contract.md,Java @RequestBody JSON,public CommonResult<Boolean> updateOrderRemark(@RequestBody TradeOrderRemarkReqVO reqVO); VO annotations: fields.json (inheritance unresolved),Endpoint-specific; settlement indexed dotted keys; other serializers require wire capture,Java LocalDateTime epoch ms uses JVM system zone; Go AppTradeOrder uses JsonDateTime ms while admin TradeOrderBase uses time.Time; field-by-field review pending,For page: pageNo/pageSize -> data.list/data.total; defaults/empty list pending runtime,Integer fen where annotated 分 in VO; never infer every numeric field is money,Distinct; per-endpoint verification pending; see edge cases,Preserve Java/Go declarations; safe-integer boundary pending wire decision,CommonResult code/msg/data; Go helpers HTTP 200 incl business error; middleware/Java failures pending,Controller method_source records service calls; transactions/auth/payment side effects NOT tested,tests/test_inventory.py provenance for all rows; tests/frontend-contracts.cjs SELECTED cases only; see wire-contract.md,待处理: Batch D HTTP/DB/page E2E not run
T01-176,admin,PUT,/admin-api/trade/order/update-price,src/api/mall/trade/order/index.ts:163,UNRESOLVED (API wrapper exists; enabled page not proven),candidate first-phase; runtime menus/config unverified,internal/api/router/trade.go:26,yudao-module-mall/yudao-module-trade/src/main/java/cn/iocoder/yudao/module/trade/controller/admin/order/TradeOrderController.java:126,部分对齐,Route registered only; DTO/binding/auth/behavior NOT accepted,Go group middleware: middleware.Auth(); inline middleware: see registration; global tenant middleware NOT acceptance; wire-contract.md,Java @RequestBody JSON,public CommonResult<Boolean> updateOrderPrice(@RequestBody TradeOrderUpdatePriceReqVO reqVO); VO annotations: fields.json (inheritance unresolved),Endpoint-specific; settlement indexed dotted keys; other serializers require wire capture,Java LocalDateTime epoch ms uses JVM system zone; Go AppTradeOrder uses JsonDateTime ms while admin TradeOrderBase uses time.Time; field-by-field review pending,For page: pageNo/pageSize -> data.list/data.total; defaults/empty list pending runtime,Integer fen where annotated 分 in VO; never infer every numeric field is money,Distinct; per-endpoint verification pending; see edge cases,Preserve Java/Go declarations; safe-integer boundary pending wire decision,CommonResult code/msg/data; Go helpers HTTP 200 incl business error; middleware/Java failures pending,Controller method_source records service calls; transactions/auth/payment side effects NOT tested,tests/test_inventory.py provenance for all rows; tests/frontend-contracts.cjs SELECTED cases only; see wire-contract.md,待处理: Batch D HTTP/DB/page E2E not run
T01-177,admin,PUT,/admin-api/trade/order/update-address,src/api/mall/trade/order/index.ts:168,UNRESOLVED (API wrapper exists; enabled page not proven),candidate first-phase; runtime menus/config unverified,internal/api/router/trade.go:27,yudao-module-mall/yudao-module-trade/src/main/java/cn/iocoder/yudao/module/trade/controller/admin/order/TradeOrderController.java:134,部分对齐,Route registered only; DTO/binding/auth/behavior NOT accepted,Go group middleware: middleware.Auth(); inline middleware: see registration; global tenant middleware NOT acceptance; wire-contract.md,Java @RequestBody JSON,public CommonResult<Boolean> updateOrderAddress(@RequestBody TradeOrderUpdateAddressReqVO reqVO); VO annotations: fields.json (inheritance unresolved),Endpoint-specific; settlement indexed dotted keys; other serializers require wire capture,Java LocalDateTime epoch ms uses JVM system zone; Go AppTradeOrder uses JsonDateTime ms while admin TradeOrderBase uses time.Time; field-by-field review pending,For page: pageNo/pageSize -> data.list/data.total; defaults/empty list pending runtime,Integer fen where annotated 分 in VO; never infer every numeric field is money,Distinct; per-endpoint verification pending; see edge cases,Preserve Java/Go declarations; safe-integer boundary pending wire decision,CommonResult code/msg/data; Go helpers HTTP 200 incl business error; middleware/Java failures pending,Controller method_source records service calls; transactions/auth/payment side effects NOT tested,tests/test_inventory.py provenance for all rows; tests/frontend-contracts.cjs SELECTED cases only; see wire-contract.md,待处理: Batch D HTTP/DB/page E2E not run
T01-178,admin,PUT,/admin-api/trade/order/pick-up-by-id,src/api/mall/trade/order/index.ts:173,UNRESOLVED (API wrapper exists; enabled page not proven),candidate first-phase; runtime menus/config unverified,internal/api/router/trade.go:28,yudao-module-mall/yudao-module-trade/src/main/java/cn/iocoder/yudao/module/trade/controller/admin/order/TradeOrderController.java:142,部分对齐,Route registered only; DTO/binding/auth/behavior NOT accepted,Go group middleware: middleware.Auth(); inline middleware: see registration; global tenant middleware NOT acceptance; wire-contract.md,Java query/model binding; see signature,"public CommonResult<Boolean> pickUpOrderById(@RequestParam(""id"") Long id); VO annotations: fields.json (inheritance unresolved)",Endpoint-specific; settlement indexed dotted keys; other serializers require wire capture,Java LocalDateTime epoch ms uses JVM system zone; Go AppTradeOrder uses JsonDateTime ms while admin TradeOrderBase uses time.Time; field-by-field review pending,For page: pageNo/pageSize -> data.list/data.total; defaults/empty list pending runtime,Integer fen where annotated 分 in VO; never infer every numeric field is money,Distinct; per-endpoint verification pending; see edge cases,Preserve Java/Go declarations; safe-integer boundary pending wire decision,CommonResult code/msg/data; Go helpers HTTP 200 incl business error; middleware/Java failures pending,Controller method_source records service calls; transactions/auth/payment side effects NOT tested,tests/test_inventory.py provenance for all rows; tests/frontend-contracts.cjs SELECTED cases only; see wire-contract.md,待处理: Batch D HTTP/DB/page E2E not run
T01-179,admin,PUT,/admin-api/trade/order/pick-up-by-verify-code,src/api/mall/trade/order/index.ts:179,UNRESOLVED (API wrapper exists; enabled page not proven),candidate first-phase; runtime menus/config unverified,internal/api/router/trade.go:29,yudao-module-mall/yudao-module-trade/src/main/java/cn/iocoder/yudao/module/trade/controller/admin/order/TradeOrderController.java:151,部分对齐,Route registered only; DTO/binding/auth/behavior NOT accepted,Go group middleware: middleware.Auth(); inline middleware: see registration; global tenant middleware NOT acceptance; wire-contract.md,Java query/model binding; see signature,"public CommonResult<Boolean> pickUpOrderByVerifyCode(@RequestParam(""pickUpVerifyCode"") String pickUpVerifyCode); VO annotations: fields.json (inheritance unresolved)",Endpoint-specific; settlement indexed dotted keys; other serializers require wire capture,Java LocalDateTime epoch ms uses JVM system zone; Go AppTradeOrder uses JsonDateTime ms while admin TradeOrderBase uses time.Time; field-by-field review pending,For page: pageNo/pageSize -> data.list/data.total; defaults/empty list pending runtime,Integer fen where annotated 分 in VO; never infer every numeric field is money,Distinct; per-endpoint verification pending; see edge cases,Preserve Java/Go declarations; safe-integer boundary pending wire decision,CommonResult code/msg/data; Go helpers HTTP 200 incl business error; middleware/Java failures pending,Controller method_source records service calls; transactions/auth/payment side effects NOT tested,tests/test_inventory.py provenance for all rows; tests/frontend-contracts.cjs SELECTED cases only; see wire-contract.md,待处理: Batch D HTTP/DB/page E2E not run
T01-180,admin,GET,/admin-api/trade/order/get-by-pick-up-verify-code,src/api/mall/trade/order/index.ts:187,UNRESOLVED (API wrapper exists; enabled page not proven),candidate first-phase; runtime menus/config unverified,internal/api/router/trade.go:23,yudao-module-mall/yudao-module-trade/src/main/java/cn/iocoder/yudao/module/trade/controller/admin/order/TradeOrderController.java:160,部分对齐,Route registered only; DTO/binding/auth/behavior NOT accepted,Go group middleware: middleware.Auth(); inline middleware: see registration; global tenant middleware NOT acceptance; wire-contract.md,Java query/model binding; see signature,"public CommonResult<TradeOrderDetailRespVO> getByPickUpVerifyCode(@RequestParam(""pickUpVerifyCode"") String pickUpVerifyCode); VO annotations: fields.json (inheritance unresolved)",Endpoint-specific; settlement indexed dotted keys; other serializers require wire capture,Java LocalDateTime epoch ms uses JVM system zone; Go AppTradeOrder uses JsonDateTime ms while admin TradeOrderBase uses time.Time; field-by-field review pending,For page: pageNo/pageSize -> data.list/data.total; defaults/empty list pending runtime,Integer fen where annotated 分 in VO; never infer every numeric field is money,Distinct; per-endpoint verification pending; see edge cases,Preserve Java/Go declarations; safe-integer boundary pending wire decision,CommonResult code/msg/data; Go helpers HTTP 200 incl business error; middleware/Java failures pending,Controller method_source records service calls; transactions/auth/payment side effects NOT tested,tests/test_inventory.py provenance for all rows; tests/frontend-contracts.cjs SELECTED cases only; see wire-contract.md,待处理: Batch D HTTP/DB/page E2E not run
T01-181,admin,GET,/admin-api/member/address/list,src/api/member/address/index.ts:14,UNRESOLVED (API wrapper exists; enabled page not proven),candidate first-phase; runtime menus/config unverified,NOT_FOUND,yudao-module-member/src/main/java/cn/iocoder/yudao/module/member/controller/admin/address/AddressController.java:32,未实现,No matching registration in pinned internal/api/router; not proof service code absent,Go group middleware: ; inline middleware: see registration; global tenant middleware NOT acceptance; wire-contract.md,Java query/model binding; see signature,"public CommonResult<List<AddressRespVO>> getAddressList(@RequestParam(""userId"") Long userId); VO annotations: fields.json (inheritance unresolved)",Endpoint-specific; settlement indexed dotted keys; other serializers require wire capture,Java LocalDateTime epoch ms uses JVM system zone; Go AppTradeOrder uses JsonDateTime ms while admin TradeOrderBase uses time.Time; field-by-field review pending,For page: pageNo/pageSize -> data.list/data.total; defaults/empty list pending runtime,Integer fen where annotated 分 in VO; never infer every numeric field is money,Distinct; per-endpoint verification pending; see edge cases,Preserve Java/Go declarations; safe-integer boundary pending wire decision,CommonResult code/msg/data; Go helpers HTTP 200 incl business error; middleware/Java failures pending,Controller method_source records service calls; transactions/auth/payment side effects NOT tested,tests/test_inventory.py provenance for all rows; tests/frontend-contracts.cjs SELECTED cases only; see wire-contract.md,待处理: Batch D HTTP/DB/page E2E not run
T01-182,admin,GET,/admin-api/member/user/page,src/api/member/user/index.ts:43,UNRESOLVED (API wrapper exists; enabled page not proven),candidate first-phase; runtime menus/config unverified,internal/api/router/member.go:87,yudao-module-member/src/main/java/cn/iocoder/yudao/module/member/controller/admin/user/MemberUserController.java:98,部分对齐,Route registered only; DTO/binding/auth/behavior NOT accepted,Go group middleware: middleware.Auth(); inline middleware: see registration; global tenant middleware NOT acceptance; wire-contract.md,Java query/model binding; see signature,public CommonResult<PageResult<MemberUserRespVO>> getUserPage(@Valid MemberUserPageReqVO pageVO); VO annotations: fields.json (inheritance unresolved),Endpoint-specific; settlement indexed dotted keys; other serializers require wire capture,Java LocalDateTime epoch ms uses JVM system zone; Go AppTradeOrder uses JsonDateTime ms while admin TradeOrderBase uses time.Time; field-by-field review pending,For page: pageNo/pageSize -> data.list/data.total; defaults/empty list pending runtime,Integer fen where annotated 分 in VO; never infer every numeric field is money,Distinct; per-endpoint verification pending; see edge cases,Preserve Java/Go declarations; safe-integer boundary pending wire decision,CommonResult code/msg/data; Go helpers HTTP 200 incl business error; middleware/Java failures pending,Controller method_source records service calls; transactions/auth/payment side effects NOT tested,tests/test_inventory.py provenance for all rows; tests/frontend-contracts.cjs SELECTED cases only; see wire-contract.md,待处理: Batch D HTTP/DB/page E2E not run
T01-183,admin,GET,/admin-api/member/user/get,src/api/member/user/index.ts:48,UNRESOLVED (API wrapper exists; enabled page not proven),candidate first-phase; runtime menus/config unverified,internal/api/router/member.go:86,yudao-module-member/src/main/java/cn/iocoder/yudao/module/member/controller/admin/user/MemberUserController.java:79,部分对齐,Route registered only; DTO/binding/auth/behavior NOT accepted,Go group middleware: middleware.Auth(); inline middleware: see registration; global tenant middleware NOT acceptance; wire-contract.md,Java query/model binding; see signature,"public CommonResult<MemberUserRespVO> getUser(@RequestParam(""id"") Long id); VO annotations: fields.json (inheritance unresolved)",Endpoint-specific; settlement indexed dotted keys; other serializers require wire capture,Java LocalDateTime epoch ms uses JVM system zone; Go AppTradeOrder uses JsonDateTime ms while admin TradeOrderBase uses time.Time; field-by-field review pending,For page: pageNo/pageSize -> data.list/data.total; defaults/empty list pending runtime,Integer fen where annotated 分 in VO; never infer every numeric field is money,Distinct; per-endpoint verification pending; see edge cases,Preserve Java/Go declarations; safe-integer boundary pending wire decision,CommonResult code/msg/data; Go helpers HTTP 200 incl business error; middleware/Java failures pending,Controller method_source records service calls; transactions/auth/payment side effects NOT tested,tests/test_inventory.py provenance for all rows; tests/frontend-contracts.cjs SELECTED cases only; see wire-contract.md,待处理: Batch D HTTP/DB/page E2E not run
T01-184,admin,PUT,/admin-api/member/user/update,src/api/member/user/index.ts:53,UNRESOLVED (API wrapper exists; enabled page not proven),candidate first-phase; runtime menus/config unverified,internal/api/router/member.go:83,yudao-module-member/src/main/java/cn/iocoder/yudao/module/member/controller/admin/user/MemberUserController.java:54,部分对齐,Route registered only; DTO/binding/auth/behavior NOT accepted,Go group middleware: middleware.Auth(); inline middleware: see registration; global tenant middleware NOT acceptance; wire-contract.md,Java @RequestBody JSON,public CommonResult<Boolean> updateUser(@Valid @RequestBody MemberUserUpdateReqVO updateReqVO); VO annotations: fields.json (inheritance unresolved),Endpoint-specific; settlement indexed dotted keys; other serializers require wire capture,Java LocalDateTime epoch ms uses JVM system zone; Go AppTradeOrder uses JsonDateTime ms while admin TradeOrderBase uses time.Time; field-by-field review pending,For page: pageNo/pageSize -> data.list/data.total; defaults/empty list pending runtime,Integer fen where annotated 分 in VO; never infer every numeric field is money,Distinct; per-endpoint verification pending; see edge cases,Preserve Java/Go declarations; safe-integer boundary pending wire decision,CommonResult code/msg/data; Go helpers HTTP 200 incl business error; middleware/Java failures pending,Controller method_source records service calls; transactions/auth/payment side effects NOT tested,tests/test_inventory.py provenance for all rows; tests/frontend-contracts.cjs SELECTED cases only; see wire-contract.md,待处理: Batch D HTTP/DB/page E2E not run
T01-185,admin,PUT,/admin-api/member/user/update-level,src/api/member/user/index.ts:58,UNRESOLVED (API wrapper exists; enabled page not proven),candidate first-phase; runtime menus/config unverified,internal/api/router/member.go:84,yudao-module-member/src/main/java/cn/iocoder/yudao/module/member/controller/admin/user/MemberUserController.java:62,部分对齐,Route registered only; DTO/binding/auth/behavior NOT accepted,Go group middleware: middleware.Auth(); inline middleware: see registration; global tenant middleware NOT acceptance; wire-contract.md,Java @RequestBody JSON,public CommonResult<Boolean> updateUserLevel(@Valid @RequestBody MemberUserUpdateLevelReqVO updateReqVO); VO annotations: fields.json (inheritance unresolved),Endpoint-specific; settlement indexed dotted keys; other serializers require wire capture,Java LocalDateTime epoch ms uses JVM system zone; Go AppTradeOrder uses JsonDateTime ms while admin TradeOrderBase uses time.Time; field-by-field review pending,For page: pageNo/pageSize -> data.list/data.total; defaults/empty list pending runtime,Integer fen where annotated 分 in VO; never infer every numeric field is money,Distinct; per-endpoint verification pending; see edge cases,Preserve Java/Go declarations; safe-integer boundary pending wire decision,CommonResult code/msg/data; Go helpers HTTP 200 incl business error; middleware/Java failures pending,Controller method_source records service calls; transactions/auth/payment side effects NOT tested,tests/test_inventory.py provenance for all rows; tests/frontend-contracts.cjs SELECTED cases only; see wire-contract.md,待处理: Batch D HTTP/DB/page E2E not run
T01-186,admin,PUT,/admin-api/member/user/update-point,src/api/member/user/index.ts:63,UNRESOLVED (API wrapper exists; enabled page not proven),candidate first-phase; runtime menus/config unverified,internal/api/router/member.go:85,yudao-module-member/src/main/java/cn/iocoder/yudao/module/member/controller/admin/user/MemberUserController.java:70,部分对齐,Route registered only; DTO/binding/auth/behavior NOT accepted,Go group middleware: middleware.Auth(); inline middleware: see registration; global tenant middleware NOT acceptance; wire-contract.md,Java @RequestBody JSON,public CommonResult<Boolean> updateUserPoint(@Valid @RequestBody MemberUserUpdatePointReqVO updateReqVO); VO annotations: fields.json (inheritance unresolved),Endpoint-specific; settlement indexed dotted keys; other serializers require wire capture,Java LocalDateTime epoch ms uses JVM system zone; Go AppTradeOrder uses JsonDateTime ms while admin TradeOrderBase uses time.Time; field-by-field review pending,For page: pageNo/pageSize -> data.list/data.total; defaults/empty list pending runtime,Integer fen where annotated 分 in VO; never infer every numeric field is money,Distinct; per-endpoint verification pending; see edge cases,Preserve Java/Go declarations; safe-integer boundary pending wire decision,CommonResult code/msg/data; Go helpers HTTP 200 incl business error; middleware/Java failures pending,Controller method_source records service calls; transactions/auth/payment side effects NOT tested,tests/test_inventory.py provenance for all rows; tests/frontend-contracts.cjs SELECTED cases only; see wire-contract.md,待处理: Batch D HTTP/DB/page E2E not run
T01-187,admin,GET,/admin-api/pay/app/page,src/api/pay/app/index.ts:35,UNRESOLVED (API wrapper exists; enabled page not proven),candidate first-phase; runtime menus/config unverified,internal/api/router/pay.go:26,yudao-module-pay/src/main/java/cn/iocoder/yudao/module/pay/controller/admin/app/PayAppController.java:81,部分对齐,Route registered only; DTO/binding/auth/behavior NOT accepted,Go group middleware: middleware.Auth(); inline middleware: see registration; global tenant middleware NOT acceptance; wire-contract.md,Java query/model binding; see signature,public CommonResult<PageResult<PayAppPageItemRespVO>> getAppPage(@Valid PayAppPageReqVO pageVO); VO annotations: fields.json (inheritance unresolved),Endpoint-specific; settlement indexed dotted keys; other serializers require wire capture,Java LocalDateTime epoch ms uses JVM system zone; Go AppTradeOrder uses JsonDateTime ms while admin TradeOrderBase uses time.Time; field-by-field review pending,For page: pageNo/pageSize -> data.list/data.total; defaults/empty list pending runtime,Integer fen where annotated 分 in VO; never infer every numeric field is money,Distinct; per-endpoint verification pending; see edge cases,Preserve Java/Go declarations; safe-integer boundary pending wire decision,CommonResult code/msg/data; Go helpers HTTP 200 incl business error; middleware/Java failures pending,Controller method_source records service calls; transactions/auth/payment side effects NOT tested,tests/test_inventory.py provenance for all rows; tests/frontend-contracts.cjs SELECTED cases only; see wire-contract.md,待处理: Batch D HTTP/DB/page E2E not run
T01-188,admin,GET,/admin-api/pay/app/get,src/api/pay/app/index.ts:40,UNRESOLVED (API wrapper exists; enabled page not proven),candidate first-phase; runtime menus/config unverified,internal/api/router/pay.go:25,yudao-module-pay/src/main/java/cn/iocoder/yudao/module/pay/controller/admin/app/PayAppController.java:72,部分对齐,Route registered only; DTO/binding/auth/behavior NOT accepted,Go group middleware: middleware.Auth(); inline middleware: see registration; global tenant middleware NOT acceptance; wire-contract.md,Java query/model binding; see signature,"public CommonResult<PayAppRespVO> getApp(@RequestParam(""id"") Long id); VO annotations: fields.json (inheritance unresolved)",Endpoint-specific; settlement indexed dotted keys; other serializers require wire capture,Java LocalDateTime epoch ms uses JVM system zone; Go AppTradeOrder uses JsonDateTime ms while admin TradeOrderBase uses time.Time; field-by-field review pending,For page: pageNo/pageSize -> data.list/data.total; defaults/empty list pending runtime,Integer fen where annotated 分 in VO; never infer every numeric field is money,Distinct; per-endpoint verification pending; see edge cases,Preserve Java/Go declarations; safe-integer boundary pending wire decision,CommonResult code/msg/data; Go helpers HTTP 200 incl business error; middleware/Java failures pending,Controller method_source records service calls; transactions/auth/payment side effects NOT tested,tests/test_inventory.py provenance for all rows; tests/frontend-contracts.cjs SELECTED cases only; see wire-contract.md,待处理: Batch D HTTP/DB/page E2E not run
T01-189,admin,POST,/admin-api/pay/app/create,src/api/pay/app/index.ts:45,UNRESOLVED (API wrapper exists; enabled page not proven),candidate first-phase; runtime menus/config unverified,internal/api/router/pay.go:21,yudao-module-pay/src/main/java/cn/iocoder/yudao/module/pay/controller/admin/app/PayAppController.java:40,部分对齐,Route registered only; DTO/binding/auth/behavior NOT accepted,Go group middleware: middleware.Auth(); inline middleware: see registration; global tenant middleware NOT acceptance; wire-contract.md,Java @RequestBody JSON,public CommonResult<Long> createApp(@Valid @RequestBody PayAppCreateReqVO createReqVO); VO annotations: fields.json (inheritance unresolved),Endpoint-specific; settlement indexed dotted keys; other serializers require wire capture,Java LocalDateTime epoch ms uses JVM system zone; Go AppTradeOrder uses JsonDateTime ms while admin TradeOrderBase uses time.Time; field-by-field review pending,For page: pageNo/pageSize -> data.list/data.total; defaults/empty list pending runtime,Integer fen where annotated 分 in VO; never infer every numeric field is money,Distinct; per-endpoint verification pending; see edge cases,Preserve Java/Go declarations; safe-integer boundary pending wire decision,CommonResult code/msg/data; Go helpers HTTP 200 incl business error; middleware/Java failures pending,Controller method_source records service calls; transactions/auth/payment side effects NOT tested,tests/test_inventory.py provenance for all rows; tests/frontend-contracts.cjs SELECTED cases only; see wire-contract.md,待处理: Batch D HTTP/DB/page E2E not run
T01-190,admin,PUT,/admin-api/pay/app/update,src/api/pay/app/index.ts:50,UNRESOLVED (API wrapper exists; enabled page not proven),candidate first-phase; runtime menus/config unverified,internal/api/router/pay.go:22,yudao-module-pay/src/main/java/cn/iocoder/yudao/module/pay/controller/admin/app/PayAppController.java:47,部分对齐,Route registered only; DTO/binding/auth/behavior NOT accepted,Go group middleware: middleware.Auth(); inline middleware: see registration; global tenant middleware NOT acceptance; wire-contract.md,Java @RequestBody JSON,public CommonResult<Boolean> updateApp(@Valid @RequestBody PayAppUpdateReqVO updateReqVO); VO annotations: fields.json (inheritance unresolved),Endpoint-specific; settlement indexed dotted keys; other serializers require wire capture,Java LocalDateTime epoch ms uses JVM system zone; Go AppTradeOrder uses JsonDateTime ms while admin TradeOrderBase uses time.Time; field-by-field review pending,For page: pageNo/pageSize -> data.list/data.total; defaults/empty list pending runtime,Integer fen where annotated 分 in VO; never infer every numeric field is money,Distinct; per-endpoint verification pending; see edge cases,Preserve Java/Go declarations; safe-integer boundary pending wire decision,CommonResult code/msg/data; Go helpers HTTP 200 incl business error; middleware/Java failures pending,Controller method_source records service calls; transactions/auth/payment side effects NOT tested,tests/test_inventory.py provenance for all rows; tests/frontend-contracts.cjs SELECTED cases only; see wire-contract.md,待处理: Batch D HTTP/DB/page E2E not run
T01-191,admin,PUT,/admin-api/pay/app/update-status,src/api/pay/app/index.ts:55,UNRESOLVED (API wrapper exists; enabled page not proven),candidate first-phase; runtime menus/config unverified,internal/api/router/pay.go:23,yudao-module-pay/src/main/java/cn/iocoder/yudao/module/pay/controller/admin/app/PayAppController.java:55,部分对齐,Route registered only; DTO/binding/auth/behavior NOT accepted,Go group middleware: middleware.Auth(); inline middleware: see registration; global tenant middleware NOT acceptance; wire-contract.md,Java @RequestBody JSON,public CommonResult<Boolean> updateAppStatus(@Valid @RequestBody PayAppUpdateStatusReqVO updateReqVO); VO annotations: fields.json (inheritance unresolved),Endpoint-specific; settlement indexed dotted keys; other serializers require wire capture,Java LocalDateTime epoch ms uses JVM system zone; Go AppTradeOrder uses JsonDateTime ms while admin TradeOrderBase uses time.Time; field-by-field review pending,For page: pageNo/pageSize -> data.list/data.total; defaults/empty list pending runtime,Integer fen where annotated 分 in VO; never infer every numeric field is money,Distinct; per-endpoint verification pending; see edge cases,Preserve Java/Go declarations; safe-integer boundary pending wire decision,CommonResult code/msg/data; Go helpers HTTP 200 incl business error; middleware/Java failures pending,Controller method_source records service calls; transactions/auth/payment side effects NOT tested,tests/test_inventory.py provenance for all rows; tests/frontend-contracts.cjs SELECTED cases only; see wire-contract.md,待处理: Batch D HTTP/DB/page E2E not run
T01-192,admin,DELETE,/admin-api/pay/app/delete,src/api/pay/app/index.ts:60,UNRESOLVED (API wrapper exists; enabled page not proven),candidate first-phase; runtime menus/config unverified,internal/api/router/pay.go:24,yudao-module-pay/src/main/java/cn/iocoder/yudao/module/pay/controller/admin/app/PayAppController.java:63,部分对齐,Route registered only; DTO/binding/auth/behavior NOT accepted,Go group middleware: middleware.Auth(); inline middleware: see registration; global tenant middleware NOT acceptance; wire-contract.md,Java query/model binding; see signature,"public CommonResult<Boolean> deleteApp(@RequestParam(""id"") Long id); VO annotations: fields.json (inheritance unresolved)",Endpoint-specific; settlement indexed dotted keys; other serializers require wire capture,Java LocalDateTime epoch ms uses JVM system zone; Go AppTradeOrder uses JsonDateTime ms while admin TradeOrderBase uses time.Time; field-by-field review pending,For page: pageNo/pageSize -> data.list/data.total; defaults/empty list pending runtime,Integer fen where annotated 分 in VO; never infer every numeric field is money,Distinct; per-endpoint verification pending; see edge cases,Preserve Java/Go declarations; safe-integer boundary pending wire decision,CommonResult code/msg/data; Go helpers HTTP 200 incl business error; middleware/Java failures pending,Controller method_source records service calls; transactions/auth/payment side effects NOT tested,tests/test_inventory.py provenance for all rows; tests/frontend-contracts.cjs SELECTED cases only; see wire-contract.md,待处理: Batch D HTTP/DB/page E2E not run
T01-193,admin,GET,/admin-api/pay/app/list,src/api/pay/app/index.ts:66,UNRESOLVED (API wrapper exists; enabled page not proven),candidate first-phase; runtime menus/config unverified,internal/api/router/pay.go:27,yudao-module-pay/src/main/java/cn/iocoder/yudao/module/pay/controller/admin/app/PayAppController.java:100,部分对齐,Route registered only; DTO/binding/auth/behavior NOT accepted,Go group middleware: middleware.Auth(); inline middleware: see registration; global tenant middleware NOT acceptance; wire-contract.md,Java query/model binding; see signature,public CommonResult<List<PayAppRespVO>> getAppList(); VO annotations: fields.json (inheritance unresolved),Endpoint-specific; settlement indexed dotted keys; other serializers require wire capture,Java LocalDateTime epoch ms uses JVM system zone; Go AppTradeOrder uses JsonDateTime ms while admin TradeOrderBase uses time.Time; field-by-field review pending,For page: pageNo/pageSize -> data.list/data.total; defaults/empty list pending runtime,Integer fen where annotated 分 in VO; never infer every numeric field is money,Distinct; per-endpoint verification pending; see edge cases,Preserve Java/Go declarations; safe-integer boundary pending wire decision,CommonResult code/msg/data; Go helpers HTTP 200 incl business error; middleware/Java failures pending,Controller method_source records service calls; transactions/auth/payment side effects NOT tested,tests/test_inventory.py provenance for all rows; tests/frontend-contracts.cjs SELECTED cases only; see wire-contract.md,待处理: Batch D HTTP/DB/page E2E not run
T01-194,admin,GET,/admin-api/pay/channel/page,src/api/pay/channel/index.ts:16,UNRESOLVED (API wrapper exists; enabled page not proven),candidate first-phase; runtime menus/config unverified,NOT_FOUND,UNRESOLVED,未实现,No matching registration in pinned internal/api/router; not proof service code absent,Go group middleware: ; inline middleware: see registration; global tenant middleware NOT acceptance; wire-contract.md,UNRESOLVED; use fixed frontend source,Java VO declarations in fields.json; Go tags in same file; inheritance/validation NOT fully resolved,Endpoint-specific; settlement indexed dotted keys; other serializers require wire capture,Java LocalDateTime epoch ms uses JVM system zone; Go AppTradeOrder uses JsonDateTime ms while admin TradeOrderBase uses time.Time; field-by-field review pending,For page: pageNo/pageSize -> data.list/data.total; defaults/empty list pending runtime,Integer fen where annotated 分 in VO; never infer every numeric field is money,Distinct; per-endpoint verification pending; see edge cases,Preserve Java/Go declarations; safe-integer boundary pending wire decision,CommonResult code/msg/data; Go helpers HTTP 200 incl business error; middleware/Java failures pending,Controller method_source records service calls; transactions/auth/payment side effects NOT tested,tests/test_inventory.py provenance for all rows; tests/frontend-contracts.cjs SELECTED cases only; see wire-contract.md,待处理: Batch D HTTP/DB/page E2E not run
T01-195,admin,GET,/admin-api/pay/channel/get,src/api/pay/channel/index.ts:25,UNRESOLVED (API wrapper exists; enabled page not proven),candidate first-phase; runtime menus/config unverified,internal/api/router/pay.go:36,yudao-module-pay/src/main/java/cn/iocoder/yudao/module/pay/controller/admin/channel/PayChannelController.java:58,部分对齐,Route registered only; DTO/binding/auth/behavior NOT accepted,Go group middleware: middleware.Auth(); inline middleware: see registration; global tenant middleware NOT acceptance; wire-contract.md,Java query/model binding; see signature,"public CommonResult<PayChannelRespVO> getChannel(@RequestParam(value = ""id"", required = false) Long id, @RequestParam(value = ""appId"", required = false) Long appId, @RequestParam(value = ""code"", required = false) String code); VO annotations: fields.json (inheritance unresolved)",Endpoint-specific; settlement indexed dotted keys; other serializers require wire capture,Java LocalDateTime epoch ms uses JVM system zone; Go AppTradeOrder uses JsonDateTime ms while admin TradeOrderBase uses time.Time; field-by-field review pending,For page: pageNo/pageSize -> data.list/data.total; defaults/empty list pending runtime,Integer fen where annotated 分 in VO; never infer every numeric field is money,Distinct; per-endpoint verification pending; see edge cases,Preserve Java/Go declarations; safe-integer boundary pending wire decision,CommonResult code/msg/data; Go helpers HTTP 200 incl business error; middleware/Java failures pending,Controller method_source records service calls; transactions/auth/payment side effects NOT tested,tests/test_inventory.py provenance for all rows; tests/frontend-contracts.cjs SELECTED cases only; see wire-contract.md,待处理: Batch D HTTP/DB/page E2E not run
T01-196,admin,POST,/admin-api/pay/channel/create,src/api/pay/channel/index.ts:30,UNRESOLVED (API wrapper exists; enabled page not proven),candidate first-phase; runtime menus/config unverified,internal/api/router/pay.go:33,yudao-module-pay/src/main/java/cn/iocoder/yudao/module/pay/controller/admin/channel/PayChannelController.java:34,部分对齐,Route registered only; DTO/binding/auth/behavior NOT accepted,Go group middleware: middleware.Auth(); inline middleware: see registration; global tenant middleware NOT acceptance; wire-contract.md,Java @RequestBody JSON,public CommonResult<Long> createChannel(@Valid @RequestBody PayChannelCreateReqVO createReqVO); VO annotations: fields.json (inheritance unresolved),Endpoint-specific; settlement indexed dotted keys; other serializers require wire capture,Java LocalDateTime epoch ms uses JVM system zone; Go AppTradeOrder uses JsonDateTime ms while admin TradeOrderBase uses time.Time; field-by-field review pending,For page: pageNo/pageSize -> data.list/data.total; defaults/empty list pending runtime,Integer fen where annotated 分 in VO; never infer every numeric field is money,Distinct; per-endpoint verification pending; see edge cases,Preserve Java/Go declarations; safe-integer boundary pending wire decision,CommonResult code/msg/data; Go helpers HTTP 200 incl business error; middleware/Java failures pending,Controller method_source records service calls; transactions/auth/payment side effects NOT tested,tests/test_inventory.py provenance for all rows; tests/frontend-contracts.cjs SELECTED cases only; see wire-contract.md,待处理: Batch D HTTP/DB/page E2E not run
T01-197,admin,PUT,/admin-api/pay/channel/update,src/api/pay/channel/index.ts:35,UNRESOLVED (API wrapper exists; enabled page not proven),candidate first-phase; runtime menus/config unverified,internal/api/router/pay.go:34,yudao-module-pay/src/main/java/cn/iocoder/yudao/module/pay/controller/admin/channel/PayChannelController.java:41,部分对齐,Route registered only; DTO/binding/auth/behavior NOT accepted,Go group middleware: middleware.Auth(); inline middleware: see registration; global tenant middleware NOT acceptance; wire-contract.md,Java @RequestBody JSON,public CommonResult<Boolean> updateChannel(@Valid @RequestBody PayChannelUpdateReqVO updateReqVO); VO annotations: fields.json (inheritance unresolved),Endpoint-specific; settlement indexed dotted keys; other serializers require wire capture,Java LocalDateTime epoch ms uses JVM system zone; Go AppTradeOrder uses JsonDateTime ms while admin TradeOrderBase uses time.Time; field-by-field review pending,For page: pageNo/pageSize -> data.list/data.total; defaults/empty list pending runtime,Integer fen where annotated 分 in VO; never infer every numeric field is money,Distinct; per-endpoint verification pending; see edge cases,Preserve Java/Go declarations; safe-integer boundary pending wire decision,CommonResult code/msg/data; Go helpers HTTP 200 incl business error; middleware/Java failures pending,Controller method_source records service calls; transactions/auth/payment side effects NOT tested,tests/test_inventory.py provenance for all rows; tests/frontend-contracts.cjs SELECTED cases only; see wire-contract.md,待处理: Batch D HTTP/DB/page E2E not run
T01-198,admin,DELETE,/admin-api/pay/channel/delete,src/api/pay/channel/index.ts:40,UNRESOLVED (API wrapper exists; enabled page not proven),candidate first-phase; runtime menus/config unverified,internal/api/router/pay.go:35,yudao-module-pay/src/main/java/cn/iocoder/yudao/module/pay/controller/admin/channel/PayChannelController.java:49,部分对齐,Route registered only; DTO/binding/auth/behavior NOT accepted,Go group middleware: middleware.Auth(); inline middleware: see registration; global tenant middleware NOT acceptance; wire-contract.md,Java query/model binding; see signature,"public CommonResult<Boolean> deleteChannel(@RequestParam(""id"") Long id); VO annotations: fields.json (inheritance unresolved)",Endpoint-specific; settlement indexed dotted keys; other serializers require wire capture,Java LocalDateTime epoch ms uses JVM system zone; Go AppTradeOrder uses JsonDateTime ms while admin TradeOrderBase uses time.Time; field-by-field review pending,For page: pageNo/pageSize -> data.list/data.total; defaults/empty list pending runtime,Integer fen where annotated 分 in VO; never infer every numeric field is money,Distinct; per-endpoint verification pending; see edge cases,Preserve Java/Go declarations; safe-integer boundary pending wire decision,CommonResult code/msg/data; Go helpers HTTP 200 incl business error; middleware/Java failures pending,Controller method_source records service calls; transactions/auth/payment side effects NOT tested,tests/test_inventory.py provenance for all rows; tests/frontend-contracts.cjs SELECTED cases only; see wire-contract.md,待处理: Batch D HTTP/DB/page E2E not run
T01-199,admin,GET,/admin-api/pay/channel/export-excel,src/api/pay/channel/index.ts:45,UNRESOLVED (API wrapper exists; enabled page not proven),candidate first-phase; runtime menus/config unverified,NOT_FOUND,UNRESOLVED,未实现,No matching registration in pinned internal/api/router; not proof service code absent,Go group middleware: ; inline middleware: see registration; global tenant middleware NOT acceptance; wire-contract.md,UNRESOLVED; use fixed frontend source,Java VO declarations in fields.json; Go tags in same file; inheritance/validation NOT fully resolved,Endpoint-specific; settlement indexed dotted keys; other serializers require wire capture,Java LocalDateTime epoch ms uses JVM system zone; Go AppTradeOrder uses JsonDateTime ms while admin TradeOrderBase uses time.Time; field-by-field review pending,For page: pageNo/pageSize -> data.list/data.total; defaults/empty list pending runtime,Integer fen where annotated 分 in VO; never infer every numeric field is money,Distinct; per-endpoint verification pending; see edge cases,Preserve Java/Go declarations; safe-integer boundary pending wire decision,CommonResult code/msg/data; Go helpers HTTP 200 incl business error; middleware/Java failures pending,Controller method_source records service calls; transactions/auth/payment side effects NOT tested,tests/test_inventory.py provenance for all rows; tests/frontend-contracts.cjs SELECTED cases only; see wire-contract.md,待处理: Batch D HTTP/DB/page E2E not run
T01-200,admin,GET,/admin-api/pay/order/page,src/api/pay/order/index.ts:61,UNRESOLVED (API wrapper exists; enabled page not proven),candidate first-phase; runtime menus/config unverified,internal/api/router/pay.go:45,yudao-module-pay/src/main/java/cn/iocoder/yudao/module/pay/controller/admin/order/PayOrderController.java:111,部分对齐,Route registered only; DTO/binding/auth/behavior NOT accepted,Go group middleware: middleware.Auth(); inline middleware: see registration; global tenant middleware NOT acceptance; wire-contract.md,Java query/model binding; see signature,public CommonResult<PageResult<PayOrderPageItemRespVO>> getOrderPage(@Valid PayOrderPageReqVO pageVO); VO annotations: fields.json (inheritance unresolved),Endpoint-specific; settlement indexed dotted keys; other serializers require wire capture,Java LocalDateTime epoch ms uses JVM system zone; Go AppTradeOrder uses JsonDateTime ms while admin TradeOrderBase uses time.Time; field-by-field review pending,For page: pageNo/pageSize -> data.list/data.total; defaults/empty list pending runtime,Integer fen where annotated 分 in VO; never infer every numeric field is money,Distinct; per-endpoint verification pending; see edge cases,Preserve Java/Go declarations; safe-integer boundary pending wire decision,CommonResult code/msg/data; Go helpers HTTP 200 incl business error; middleware/Java failures pending,Controller method_source records service calls; transactions/auth/payment side effects NOT tested,tests/test_inventory.py provenance for all rows; tests/frontend-contracts.cjs SELECTED cases only; see wire-contract.md,待处理: Batch D HTTP/DB/page E2E not run
T01-201,admin,GET,/admin-api/pay/order/get,src/api/pay/order/index.ts:69,UNRESOLVED (API wrapper exists; enabled page not proven),candidate first-phase; runtime menus/config unverified,internal/api/router/pay.go:43,yudao-module-pay/src/main/java/cn/iocoder/yudao/module/pay/controller/admin/order/PayOrderController.java:59,部分对齐,Route registered only; DTO/binding/auth/behavior NOT accepted,Go group middleware: middleware.Auth(); inline middleware: see registration; global tenant middleware NOT acceptance; wire-contract.md,Java query/model binding; see signature,"public CommonResult<PayOrderRespVO> getOrder(@RequestParam(""id"") Long id, @RequestParam(value = ""sync"", required = false) Boolean sync); VO annotations: fields.json (inheritance unresolved)",Endpoint-specific; settlement indexed dotted keys; other serializers require wire capture,Java LocalDateTime epoch ms uses JVM system zone; Go AppTradeOrder uses JsonDateTime ms while admin TradeOrderBase uses time.Time; field-by-field review pending,For page: pageNo/pageSize -> data.list/data.total; defaults/empty list pending runtime,Integer fen where annotated 分 in VO; never infer every numeric field is money,Distinct; per-endpoint verification pending; see edge cases,Preserve Java/Go declarations; safe-integer boundary pending wire decision,CommonResult code/msg/data; Go helpers HTTP 200 incl business error; middleware/Java failures pending,Controller method_source records service calls; transactions/auth/payment side effects NOT tested,tests/test_inventory.py provenance for all rows; tests/frontend-contracts.cjs SELECTED cases only; see wire-contract.md,待处理: Batch D HTTP/DB/page E2E not run
T01-202,admin,GET,/admin-api/pay/order/get-detail,src/api/pay/order/index.ts:79,UNRESOLVED (API wrapper exists; enabled page not proven),candidate first-phase; runtime menus/config unverified,internal/api/router/pay.go:44,yudao-module-pay/src/main/java/cn/iocoder/yudao/module/pay/controller/admin/order/PayOrderController.java:78,部分对齐,Route registered only; DTO/binding/auth/behavior NOT accepted,Go group middleware: middleware.Auth(); inline middleware: see registration; global tenant middleware NOT acceptance; wire-contract.md,Java query/model binding; see signature,"public CommonResult<PayOrderDetailsRespVO> getOrderDetail(@RequestParam(""id"") Long id); VO annotations: fields.json (inheritance unresolved)",Endpoint-specific; settlement indexed dotted keys; other serializers require wire capture,Java LocalDateTime epoch ms uses JVM system zone; Go AppTradeOrder uses JsonDateTime ms while admin TradeOrderBase uses time.Time; field-by-field review pending,For page: pageNo/pageSize -> data.list/data.total; defaults/empty list pending runtime,Integer fen where annotated 分 in VO; never infer every numeric field is money,Distinct; per-endpoint verification pending; see edge cases,Preserve Java/Go declarations; safe-integer boundary pending wire decision,CommonResult code/msg/data; Go helpers HTTP 200 incl business error; middleware/Java failures pending,Controller method_source records service calls; transactions/auth/payment side effects NOT tested,tests/test_inventory.py provenance for all rows; tests/frontend-contracts.cjs SELECTED cases only; see wire-contract.md,待处理: Batch D HTTP/DB/page E2E not run
T01-203,admin,POST,/admin-api/pay/order/submit,src/api/pay/order/index.ts:84,UNRESOLVED (API wrapper exists; enabled page not proven),candidate first-phase; runtime menus/config unverified,internal/api/router/pay.go:47,yudao-module-pay/src/main/java/cn/iocoder/yudao/module/pay/controller/admin/order/PayOrderController.java:94,部分对齐,Route registered only; DTO/binding/auth/behavior NOT accepted,Go group middleware: middleware.Auth(); inline middleware: see registration; global tenant middleware NOT acceptance; wire-contract.md,Java @RequestBody JSON,public CommonResult<PayOrderSubmitRespVO> submitPayOrder(@RequestBody PayOrderSubmitReqVO reqVO); VO annotations: fields.json (inheritance unresolved),Endpoint-specific; settlement indexed dotted keys; other serializers require wire capture,Java LocalDateTime epoch ms uses JVM system zone; Go AppTradeOrder uses JsonDateTime ms while admin TradeOrderBase uses time.Time; field-by-field review pending,For page: pageNo/pageSize -> data.list/data.total; defaults/empty list pending runtime,Integer fen where annotated 分 in VO; never infer every numeric field is money,Distinct; per-endpoint verification pending; see edge cases,Preserve Java/Go declarations; safe-integer boundary pending wire decision,CommonResult code/msg/data; Go helpers HTTP 200 incl business error; middleware/Java failures pending,Controller method_source records service calls; transactions/auth/payment side effects NOT tested,tests/test_inventory.py provenance for all rows; tests/frontend-contracts.cjs SELECTED cases only; see wire-contract.md,待处理: Batch D HTTP/DB/page E2E not run
T01-204,admin,GET,/admin-api/pay/order/export-excel,src/api/pay/order/index.ts:89,UNRESOLVED (API wrapper exists; enabled page not proven),candidate first-phase; runtime menus/config unverified,internal/api/router/pay.go:46,yudao-module-pay/src/main/java/cn/iocoder/yudao/module/pay/controller/admin/order/PayOrderController.java:125,部分对齐,Route registered only; DTO/binding/auth/behavior NOT accepted,Go group middleware: middleware.Auth(); inline middleware: see registration; global tenant middleware NOT acceptance; wire-contract.md,Java query/model binding; see signature,Java VO declarations in fields.json; Go tags in same file; inheritance/validation NOT fully resolved,Endpoint-specific; settlement indexed dotted keys; other serializers require wire capture,Java LocalDateTime epoch ms uses JVM system zone; Go AppTradeOrder uses JsonDateTime ms while admin TradeOrderBase uses time.Time; field-by-field review pending,For page: pageNo/pageSize -> data.list/data.total; defaults/empty list pending runtime,Integer fen where annotated 分 in VO; never infer every numeric field is money,Distinct; per-endpoint verification pending; see edge cases,Preserve Java/Go declarations; safe-integer boundary pending wire decision,CommonResult code/msg/data; Go helpers HTTP 200 incl business error; middleware/Java failures pending,Controller method_source records service calls; transactions/auth/payment side effects NOT tested,tests/test_inventory.py provenance for all rows; tests/frontend-contracts.cjs SELECTED cases only; see wire-contract.md,待处理: Batch D HTTP/DB/page E2E not run
T01-205,admin,GET,/admin-api/system/menu/simple-list,src/api/system/menu/index.ts:23,UNRESOLVED (API wrapper exists; enabled page not proven),candidate first-phase; runtime menus/config unverified,internal/api/router/system.go:94,yudao-module-system/src/main/java/cn/iocoder/yudao/module/system/controller/admin/permission/MenuController.java:78,部分对齐,Route registered only; DTO/binding/auth/behavior NOT accepted,Go group middleware: ; inline middleware: see registration; global tenant middleware NOT acceptance; wire-contract.md,Java query/model binding; see signature,public CommonResult<List<MenuSimpleRespVO>> getSimpleMenuList(); VO annotations: fields.json (inheritance unresolved),Endpoint-specific; settlement indexed dotted keys; other serializers require wire capture,Java LocalDateTime epoch ms uses JVM system zone; Go AppTradeOrder uses JsonDateTime ms while admin TradeOrderBase uses time.Time; field-by-field review pending,For page: pageNo/pageSize -> data.list/data.total; defaults/empty list pending runtime,Integer fen where annotated 分 in VO; never infer every numeric field is money,Distinct; per-endpoint verification pending; see edge cases,Preserve Java/Go declarations; safe-integer boundary pending wire decision,CommonResult code/msg/data; Go helpers HTTP 200 incl business error; middleware/Java failures pending,Controller method_source records service calls; transactions/auth/payment side effects NOT tested,tests/test_inventory.py provenance for all rows; tests/frontend-contracts.cjs SELECTED cases only; see wire-contract.md,待处理: Batch D HTTP/DB/page E2E not run
T01-206,admin,GET,/admin-api/system/menu/list,src/api/system/menu/index.ts:28,UNRESOLVED (API wrapper exists; enabled page not proven),candidate first-phase; runtime menus/config unverified,internal/api/router/system.go:229,yudao-module-system/src/main/java/cn/iocoder/yudao/module/system/controller/admin/permission/MenuController.java:69,部分对齐,Route registered only; DTO/binding/auth/behavior NOT accepted,Go group middleware: middleware.Auth(); inline middleware: see registration; global tenant middleware NOT acceptance; wire-contract.md,Java query/model binding; see signature,public CommonResult<List<MenuRespVO>> getMenuList(MenuListReqVO reqVO); VO annotations: fields.json (inheritance unresolved),Endpoint-specific; settlement indexed dotted keys; other serializers require wire capture,Java LocalDateTime epoch ms uses JVM system zone; Go AppTradeOrder uses JsonDateTime ms while admin TradeOrderBase uses time.Time; field-by-field review pending,For page: pageNo/pageSize -> data.list/data.total; defaults/empty list pending runtime,Integer fen where annotated 分 in VO; never infer every numeric field is money,Distinct; per-endpoint verification pending; see edge cases,Preserve Java/Go declarations; safe-integer boundary pending wire decision,CommonResult code/msg/data; Go helpers HTTP 200 incl business error; middleware/Java failures pending,Controller method_source records service calls; transactions/auth/payment side effects NOT tested,tests/test_inventory.py provenance for all rows; tests/frontend-contracts.cjs SELECTED cases only; see wire-contract.md,待处理: Batch D HTTP/DB/page E2E not run
T01-207,admin,GET,/admin-api/system/menu/get,src/api/system/menu/index.ts:33,UNRESOLVED (API wrapper exists; enabled page not proven),candidate first-phase; runtime menus/config unverified,internal/api/router/system.go:230,yudao-module-system/src/main/java/cn/iocoder/yudao/module/system/controller/admin/permission/MenuController.java:89,部分对齐,Route registered only; DTO/binding/auth/behavior NOT accepted,Go group middleware: middleware.Auth(); inline middleware: see registration; global tenant middleware NOT acceptance; wire-contract.md,Java query/model binding; see signature,"public CommonResult<MenuRespVO> getMenu(@RequestParam(""id"") Long id); VO annotations: fields.json (inheritance unresolved)",Endpoint-specific; settlement indexed dotted keys; other serializers require wire capture,Java LocalDateTime epoch ms uses JVM system zone; Go AppTradeOrder uses JsonDateTime ms while admin TradeOrderBase uses time.Time; field-by-field review pending,For page: pageNo/pageSize -> data.list/data.total; defaults/empty list pending runtime,Integer fen where annotated 分 in VO; never infer every numeric field is money,Distinct; per-endpoint verification pending; see edge cases,Preserve Java/Go declarations; safe-integer boundary pending wire decision,CommonResult code/msg/data; Go helpers HTTP 200 incl business error; middleware/Java failures pending,Controller method_source records service calls; transactions/auth/payment side effects NOT tested,tests/test_inventory.py provenance for all rows; tests/frontend-contracts.cjs SELECTED cases only; see wire-contract.md,待处理: Batch D HTTP/DB/page E2E not run
T01-208,admin,POST,/admin-api/system/menu/create,src/api/system/menu/index.ts:38,UNRESOLVED (API wrapper exists; enabled page not proven),candidate first-phase; runtime menus/config unverified,internal/api/router/system.go:226,yudao-module-system/src/main/java/cn/iocoder/yudao/module/system/controller/admin/permission/MenuController.java:35,部分对齐,Route registered only; DTO/binding/auth/behavior NOT accepted,Go group middleware: middleware.Auth(); inline middleware: see registration; global tenant middleware NOT acceptance; wire-contract.md,Java @RequestBody JSON,public CommonResult<Long> createMenu(@Valid @RequestBody MenuSaveVO createReqVO); VO annotations: fields.json (inheritance unresolved),Endpoint-specific; settlement indexed dotted keys; other serializers require wire capture,Java LocalDateTime epoch ms uses JVM system zone; Go AppTradeOrder uses JsonDateTime ms while admin TradeOrderBase uses time.Time; field-by-field review pending,For page: pageNo/pageSize -> data.list/data.total; defaults/empty list pending runtime,Integer fen where annotated 分 in VO; never infer every numeric field is money,Distinct; per-endpoint verification pending; see edge cases,Preserve Java/Go declarations; safe-integer boundary pending wire decision,CommonResult code/msg/data; Go helpers HTTP 200 incl business error; middleware/Java failures pending,Controller method_source records service calls; transactions/auth/payment side effects NOT tested,tests/test_inventory.py provenance for all rows; tests/frontend-contracts.cjs SELECTED cases only; see wire-contract.md,待处理: Batch D HTTP/DB/page E2E not run
T01-209,admin,PUT,/admin-api/system/menu/update,src/api/system/menu/index.ts:43,UNRESOLVED (API wrapper exists; enabled page not proven),candidate first-phase; runtime menus/config unverified,internal/api/router/system.go:227,yudao-module-system/src/main/java/cn/iocoder/yudao/module/system/controller/admin/permission/MenuController.java:43,部分对齐,Route registered only; DTO/binding/auth/behavior NOT accepted,Go group middleware: middleware.Auth(); inline middleware: see registration; global tenant middleware NOT acceptance; wire-contract.md,Java @RequestBody JSON,public CommonResult<Boolean> updateMenu(@Valid @RequestBody MenuSaveVO updateReqVO); VO annotations: fields.json (inheritance unresolved),Endpoint-specific; settlement indexed dotted keys; other serializers require wire capture,Java LocalDateTime epoch ms uses JVM system zone; Go AppTradeOrder uses JsonDateTime ms while admin TradeOrderBase uses time.Time; field-by-field review pending,For page: pageNo/pageSize -> data.list/data.total; defaults/empty list pending runtime,Integer fen where annotated 分 in VO; never infer every numeric field is money,Distinct; per-endpoint verification pending; see edge cases,Preserve Java/Go declarations; safe-integer boundary pending wire decision,CommonResult code/msg/data; Go helpers HTTP 200 incl business error; middleware/Java failures pending,Controller method_source records service calls; transactions/auth/payment side effects NOT tested,tests/test_inventory.py provenance for all rows; tests/frontend-contracts.cjs SELECTED cases only; see wire-contract.md,待处理: Batch D HTTP/DB/page E2E not run
T01-210,admin,DELETE,/admin-api/system/menu/delete,src/api/system/menu/index.ts:48,UNRESOLVED (API wrapper exists; enabled page not proven),candidate first-phase; runtime menus/config unverified,internal/api/router/system.go:228,yudao-module-system/src/main/java/cn/iocoder/yudao/module/system/controller/admin/permission/MenuController.java:51,部分对齐,Route registered only; DTO/binding/auth/behavior NOT accepted,Go group middleware: middleware.Auth(); inline middleware: see registration; global tenant middleware NOT acceptance; wire-contract.md,Java query/model binding; see signature,"public CommonResult<Boolean> deleteMenu(@RequestParam(""id"") Long id); VO annotations: fields.json (inheritance unresolved)",Endpoint-specific; settlement indexed dotted keys; other serializers require wire capture,Java LocalDateTime epoch ms uses JVM system zone; Go AppTradeOrder uses JsonDateTime ms while admin TradeOrderBase uses time.Time; field-by-field review pending,For page: pageNo/pageSize -> data.list/data.total; defaults/empty list pending runtime,Integer fen where annotated 分 in VO; never infer every numeric field is money,Distinct; per-endpoint verification pending; see edge cases,Preserve Java/Go declarations; safe-integer boundary pending wire decision,CommonResult code/msg/data; Go helpers HTTP 200 incl business error; middleware/Java failures pending,Controller method_source records service calls; transactions/auth/payment side effects NOT tested,tests/test_inventory.py provenance for all rows; tests/frontend-contracts.cjs SELECTED cases only; see wire-contract.md,待处理: Batch D HTTP/DB/page E2E not run
T01-211,admin,GET,/admin-api/system/permission/list-role-menus,src/api/system/permission/index.ts:21,UNRESOLVED (API wrapper exists; enabled page not proven),candidate first-phase; runtime menus/config unverified,internal/api/router/system.go:216,yudao-module-system/src/main/java/cn/iocoder/yudao/module/system/controller/admin/permission/PermissionController.java:35,部分对齐,Route registered only; DTO/binding/auth/behavior NOT accepted,Go group middleware: middleware.Auth(); inline middleware: see registration; global tenant middleware NOT acceptance; wire-contract.md,Java query/model binding; see signature,"public CommonResult<Set<Long>> getRoleMenuList(@RequestParam(""roleId"") Long roleId); VO annotations: fields.json (inheritance unresolved)",Endpoint-specific; settlement indexed dotted keys; other serializers require wire capture,Java LocalDateTime epoch ms uses JVM system zone; Go AppTradeOrder uses JsonDateTime ms while admin TradeOrderBase uses time.Time; field-by-field review pending,For page: pageNo/pageSize -> data.list/data.total; defaults/empty list pending runtime,Integer fen where annotated 分 in VO; never infer every numeric field is money,Distinct; per-endpoint verification pending; see edge cases,Preserve Java/Go declarations; safe-integer boundary pending wire decision,CommonResult code/msg/data; Go helpers HTTP 200 incl business error; middleware/Java failures pending,Controller method_source records service calls; transactions/auth/payment side effects NOT tested,tests/test_inventory.py provenance for all rows; tests/frontend-contracts.cjs SELECTED cases only; see wire-contract.md,待处理: Batch D HTTP/DB/page E2E not run
T01-212,admin,POST,/admin-api/system/permission/assign-role-menu,src/api/system/permission/index.ts:26,UNRESOLVED (API wrapper exists; enabled page not proven),candidate first-phase; runtime menus/config unverified,internal/api/router/system.go:217,yudao-module-system/src/main/java/cn/iocoder/yudao/module/system/controller/admin/permission/PermissionController.java:41,部分对齐,Route registered only; DTO/binding/auth/behavior NOT accepted,Go group middleware: middleware.Auth(); inline middleware: see registration; global tenant middleware NOT acceptance; wire-contract.md,Java @RequestBody JSON,public CommonResult<Boolean> assignRoleMenu(@Validated @RequestBody PermissionAssignRoleMenuReqVO reqVO); VO annotations: fields.json (inheritance unresolved),Endpoint-specific; settlement indexed dotted keys; other serializers require wire capture,Java LocalDateTime epoch ms uses JVM system zone; Go AppTradeOrder uses JsonDateTime ms while admin TradeOrderBase uses time.Time; field-by-field review pending,For page: pageNo/pageSize -> data.list/data.total; defaults/empty list pending runtime,Integer fen where annotated 分 in VO; never infer every numeric field is money,Distinct; per-endpoint verification pending; see edge cases,Preserve Java/Go declarations; safe-integer boundary pending wire decision,CommonResult code/msg/data; Go helpers HTTP 200 incl business error; middleware/Java failures pending,Controller method_source records service calls; transactions/auth/payment side effects NOT tested,tests/test_inventory.py provenance for all rows; tests/frontend-contracts.cjs SELECTED cases only; see wire-contract.md,待处理: Batch D HTTP/DB/page E2E not run
T01-213,admin,POST,/admin-api/system/permission/assign-role-data-scope,src/api/system/permission/index.ts:31,UNRESOLVED (API wrapper exists; enabled page not proven),candidate first-phase; runtime menus/config unverified,internal/api/router/system.go:218,yudao-module-system/src/main/java/cn/iocoder/yudao/module/system/controller/admin/permission/PermissionController.java:53,部分对齐,Route registered only; DTO/binding/auth/behavior NOT accepted,Go group middleware: middleware.Auth(); inline middleware: see registration; global tenant middleware NOT acceptance; wire-contract.md,Java @RequestBody JSON,public CommonResult<Boolean> assignRoleDataScope(@Valid @RequestBody PermissionAssignRoleDataScopeReqVO reqVO); VO annotations: fields.json (inheritance unresolved),Endpoint-specific; settlement indexed dotted keys; other serializers require wire capture,Java LocalDateTime epoch ms uses JVM system zone; Go AppTradeOrder uses JsonDateTime ms while admin TradeOrderBase uses time.Time; field-by-field review pending,For page: pageNo/pageSize -> data.list/data.total; defaults/empty list pending runtime,Integer fen where annotated 分 in VO; never infer every numeric field is money,Distinct; per-endpoint verification pending; see edge cases,Preserve Java/Go declarations; safe-integer boundary pending wire decision,CommonResult code/msg/data; Go helpers HTTP 200 incl business error; middleware/Java failures pending,Controller method_source records service calls; transactions/auth/payment side effects NOT tested,tests/test_inventory.py provenance for all rows; tests/frontend-contracts.cjs SELECTED cases only; see wire-contract.md,待处理: Batch D HTTP/DB/page E2E not run
T01-214,admin,GET,/admin-api/system/permission/list-user-roles,src/api/system/permission/index.ts:36,UNRESOLVED (API wrapper exists; enabled page not proven),candidate first-phase; runtime menus/config unverified,internal/api/router/system.go:219,yudao-module-system/src/main/java/cn/iocoder/yudao/module/system/controller/admin/permission/PermissionController.java:63,部分对齐,Route registered only; DTO/binding/auth/behavior NOT accepted,Go group middleware: middleware.Auth(); inline middleware: see registration; global tenant middleware NOT acceptance; wire-contract.md,Java query/model binding; see signature,"public CommonResult<Set<Long>> listAdminRoles(@RequestParam(""userId"") Long userId); VO annotations: fields.json (inheritance unresolved)",Endpoint-specific; settlement indexed dotted keys; other serializers require wire capture,Java LocalDateTime epoch ms uses JVM system zone; Go AppTradeOrder uses JsonDateTime ms while admin TradeOrderBase uses time.Time; field-by-field review pending,For page: pageNo/pageSize -> data.list/data.total; defaults/empty list pending runtime,Integer fen where annotated 分 in VO; never infer every numeric field is money,Distinct; per-endpoint verification pending; see edge cases,Preserve Java/Go declarations; safe-integer boundary pending wire decision,CommonResult code/msg/data; Go helpers HTTP 200 incl business error; middleware/Java failures pending,Controller method_source records service calls; transactions/auth/payment side effects NOT tested,tests/test_inventory.py provenance for all rows; tests/frontend-contracts.cjs SELECTED cases only; see wire-contract.md,待处理: Batch D HTTP/DB/page E2E not run
T01-215,admin,POST,/admin-api/system/permission/assign-user-role,src/api/system/permission/index.ts:41,UNRESOLVED (API wrapper exists; enabled page not proven),candidate first-phase; runtime menus/config unverified,internal/api/router/system.go:220,yudao-module-system/src/main/java/cn/iocoder/yudao/module/system/controller/admin/permission/PermissionController.java:70,部分对齐,Route registered only; DTO/binding/auth/behavior NOT accepted,Go group middleware: middleware.Auth(); inline middleware: see registration; global tenant middleware NOT acceptance; wire-contract.md,Java @RequestBody JSON,public CommonResult<Boolean> assignUserRole(@Validated @RequestBody PermissionAssignUserRoleReqVO reqVO); VO annotations: fields.json (inheritance unresolved),Endpoint-specific; settlement indexed dotted keys; other serializers require wire capture,Java LocalDateTime epoch ms uses JVM system zone; Go AppTradeOrder uses JsonDateTime ms while admin TradeOrderBase uses time.Time; field-by-field review pending,For page: pageNo/pageSize -> data.list/data.total; defaults/empty list pending runtime,Integer fen where annotated 分 in VO; never infer every numeric field is money,Distinct; per-endpoint verification pending; see edge cases,Preserve Java/Go declarations; safe-integer boundary pending wire decision,CommonResult code/msg/data; Go helpers HTTP 200 incl business error; middleware/Java failures pending,Controller method_source records service calls; transactions/auth/payment side effects NOT tested,tests/test_inventory.py provenance for all rows; tests/frontend-contracts.cjs SELECTED cases only; see wire-contract.md,待处理: Batch D HTTP/DB/page E2E not run
T01-216,admin,POST,/admin-api/system/auth/refresh-token,src/config/axios/service.ts:243,Axios response refresh interceptor,candidate first-phase; runtime menus/config unverified,internal/api/router/system.go:26,yudao-module-system/src/main/java/cn/iocoder/yudao/module/system/controller/admin/auth/AuthController.java:85,部分对齐,Route registered only; DTO/binding/auth/behavior NOT accepted,Go group middleware: ; inline middleware: see registration; global tenant middleware NOT acceptance; wire-contract.md,POST query refreshToken from fixed Axios interceptor; no JSON body,refreshToken string query; Java SystemAuthController.refreshToken signature in evidence.json,Endpoint-specific; settlement indexed dotted keys; other serializers require wire capture,Java LocalDateTime epoch ms uses JVM system zone; Go AppTradeOrder uses JsonDateTime ms while admin TradeOrderBase uses time.Time; field-by-field review pending,For page: pageNo/pageSize -> data.list/data.total; defaults/empty list pending runtime,Integer fen where annotated 分 in VO; never infer every numeric field is money,Distinct; per-endpoint verification pending; see edge cases,Preserve Java/Go declarations; safe-integer boundary pending wire decision,CommonResult code/msg/data; Go helpers HTTP 200 incl business error; middleware/Java failures pending,Token renewal; rotation/revocation and Redis failure behavior untested,tests/test_inventory.py provenance for all rows; tests/frontend-contracts.cjs SELECTED cases only; see wire-contract.md,待处理: Batch D HTTP/DB/page E2E not run
