$ node --max_old_space_size=8192 ./node_modules/vite/bin/vite.js build --mode prod
NODE_ENV=production is not supported in the .env file. Only NODE_ENV=development is supported to create a development build of your project. If you need to set process.env.NODE_ENV, you can set it in the Vite config instead.
vite v8.1.4 building client environment for prod...
[2Ktransforming...✓ 8840 modules transformed.
[lightningcss minify] Unexpected token Semicolon
2  |  /* 公共颜色变量 */
3  |  .clearfix[data-v-aaf93bac] {
4  |    *zoom: 1;
   |            ^
5  |  }
6  |  .clearfix[data-v-aaf93bac]::after {
rendering chunks...
dist-prod/assets/ziya-CboVHjBH.png                                               4.12 kB
dist-prod/assets/jingya-DsukK6zH.png                                             4.16 kB
dist-prod/assets/tianshi-OitbTsYJ.png                                            4.19 kB
dist-prod/assets/huaixiao-BvJ-JlUT.png                                           4.23 kB
dist-prod/assets/fankun-CGGH57yF.png                                             4.23 kB
dist-prod/assets/a-MP3aaw_p.png                                                  4.23 kB
dist-prod/assets/liulei-Brq1xYjl.png                                             4.24 kB
dist-prod/assets/fontello-BTAxVWQW.woff                                          4.25 kB
dist-prod/assets/jingkong-CaxiyssP.png                                           4.27 kB
dist-prod/assets/dajing-BxS3rg_B.png                                             4.29 kB
dist-prod/assets/xiaodiaoya-C4PBxp32.png                                         4.32 kB
dist-prod/assets/xinsui-DAcLsI5n.png                                             4.37 kB
dist-prod/assets/daxiao-D51FuK7O.png                                             4.38 kB
dist-prod/assets/ganga-H-EkRHGS.png                                              4.39 kB
dist-prod/assets/outu-DiPPfeNV.png                                               4.40 kB
dist-prod/assets/aixin-UoJKe-pp.png                                              4.43 kB
dist-prod/assets/buhaoyisi-Ds5qApXj.png                                          4.44 kB
dist-prod/assets/kun-BeICuggt.png                                                4.46 kB
dist-prod/assets/xiong-CyH8wzVs.png                                              4.52 kB
dist-prod/assets/danao-IckdlRmE.png                                              4.56 kB
dist-prod/assets/fennu-B7vTjwXu.png                                              4.59 kB
dist-prod/assets/yiwen-Cb7SUgbc.png                                              4.61 kB
dist-prod/assets/shengqi-BwC7EysH.png                                            4.62 kB
dist-prod/assets/lengku-DKHN9jn6.png                                             4.63 kB
dist-prod/assets/shuizhuo-O_8EZ920.png                                           4.64 kB
dist-prod/assets/jingshu-DJ4QZMd2.png                                            4.70 kB
dist-prod/assets/xiaoku-BX0Suf69.png                                             4.72 kB
dist-prod/assets/ganmao-DC1AMm8w.png                                             4.72 kB
dist-prod/assets/iconfont-DFhsJQkM.ttf                                           4.80 kB
dist-prod/assets/emo-D2PWQ3bk.png                                                4.95 kB
dist-prod/assets/yun-D6B6mboz.png                                                5.99 kB
dist-prod/assets/avatar-Dcbh69co.gif                                             6.33 kB
dist-prod/assets/feiwen-RntG4UKY.png                                             6.87 kB
dist-prod/assets/cancel-Cn_ivYkt.svg                                             7.59 kB
dist-prod/assets/running-Cm4KjmYZ.svg                                            7.61 kB
dist-prod/assets/profile-BiJdjH9E.jpg                                            7.88 kB
dist-prod/assets/statusBar-BIIj2dTI.png                                          8.91 kB
dist-prod/assets/device-DiAwL3Zy.png                                            10.00 kB
dist-prod/assets/approve-BQD8ihNj.svg                                           10.48 kB
dist-prod/assets/reject-C_en7x-2.svg                                            10.84 kB
dist-prod/assets/menu_head-CixF1Nut.png                                         12.67 kB
dist-prod/assets/bpmn-sIjfRMkI.woff2                                            13.02 kB
dist-prod/assets/message-tip-D9W4CbEw.mp3                                       13.05 kB
dist-prod/assets/404-B3JyPfEa.svg                                               13.55 kB
dist-prod/assets/403-RqeqO19C.svg                                               13.73 kB
dist-prod/assets/bpmn-CCmvRa3L.woff                                             16.00 kB
dist-prod/assets/500-BGu8fdSB.svg                                               19.38 kB
dist-prod/assets/jsoneditor-icons-CIlYC0TY.svg                                  31.48 kB
dist-prod/assets/login-box-bg-CL6i7T2F.svg                                      34.10 kB
dist-prod/assets/iphone_backImg-D3LHFGwD.png                                    34.27 kB
dist-prod/assets/bpmn-BXGSTQk_.ttf                                              47.68 kB
dist-prod/assets/bpmn-GG2Gc6GC.eot                                              47.83 kB
dist-prod/assets/bpmn-CfAG4AR5.svg                                             133.04 kB
dist-prod/index.html                                                           156.34 kB
dist-prod/assets/response-8_J3LZnh.mp3                                       1,736.10 kB
dist-prod/assets/useDesign-x1XGuNl0.css                                          0.00 kB
dist-prod/assets/order-Cfjv8C5t.css                                              0.04 kB
dist-prod/assets/ConditionConfig-rQ6-NW8k.css                                    0.04 kB
dist-prod/assets/UploadFile-DwCm7o92.css                                         0.05 kB
dist-prod/assets/UserInfo-DbH8yZmw.css                                           0.05 kB
dist-prod/assets/home-BULIvweV.css                                               0.05 kB
dist-prod/assets/home-C7YahXp-.css                                               0.05 kB
dist-prod/assets/OrderTableColumn-BBldvYZs.css                                   0.05 kB
dist-prod/assets/ColorInput-BmPxUKgS.css                                         0.05 kB
dist-prod/assets/MessageWebSearch-BjYM07EP.css                                   0.05 kB
dist-prod/assets/member-d_jwk_0g.css                                             0.05 kB
dist-prod/assets/trade-BE3Rpt3q.css                                              0.05 kB
dist-prod/assets/HomeAlertPanel-CNfy-R_X.css                                     0.05 kB
dist-prod/assets/Left-DsDEsgFM.css                                               0.05 kB
dist-prod/assets/ThingModelInputOutputParam-B_2Xn4mS.css                         0.05 kB
dist-prod/assets/MenuList-CZJCMzt3.css                                           0.05 kB
dist-prod/assets/SkuList-C6omr524.css                                            0.05 kB
dist-prod/assets/ImageBar-CuoFVwDL.css                                           0.05 kB
dist-prod/assets/PerformanceReviewForm-BJyE46e5.css                              0.05 kB
dist-prod/assets/VideoPlayer-hHS3MnNm.css                                        0.05 kB
dist-prod/assets/draft-CSsBPVCI.css                                              0.06 kB
dist-prod/assets/transfer-BLQK21V5.css                                           0.06 kB
dist-prod/assets/ThingModelEnumDataSpecs-BBisdQx9.css                            0.06 kB
dist-prod/assets/ThingModelEvent-CzUMNesT.css                                    0.06 kB
dist-prod/assets/ThingModelNumberDataSpecs-BqPhnc57.css                          0.06 kB
dist-prod/assets/ThingModelService-M_TsE8Sk.css                                  0.06 kB
dist-prod/assets/CalTeamSelectDialog-BCCum1Zo.css                                0.06 kB
dist-prod/assets/DvCheckPlanSelectDialog-BHPVvvKF.css                            0.06 kB
dist-prod/assets/DvMachinerySelectDialog-BfakOyoW.css                            0.06 kB
dist-prod/assets/DvSubjectSelectDialog-D3nyzwIm.css                              0.06 kB
dist-prod/assets/GroupSelectDialog-DDSaEAoc.css                                  0.06 kB
dist-prod/assets/HrmEmployeeSelectDialog-CicrL0Cp.css                            0.06 kB
dist-prod/assets/MdClientSelectDialog-CoWoWGAA.css                               0.06 kB
dist-prod/assets/MdItemSelectDialog-cHpiugjL.css                                 0.06 kB
dist-prod/assets/MdProductBomSelectDialog-pAMlLRac.css                           0.06 kB
dist-prod/assets/MdVendorSelectDialog-BLsR99gM.css                               0.06 kB
dist-prod/assets/MdWorkstationSelectDialog-DRppq4vr.css                          0.06 kB
dist-prod/assets/ProCardSelectDialog-pYfrtMcM.css                                0.06 kB
dist-prod/assets/ProTaskSelectDialog-CcBOUH4m.css                                0.06 kB
dist-prod/assets/ProWorkOrderSelectDialog-BygvGd0S.css                           0.06 kB
dist-prod/assets/QcIndicatorSelectDialog-BmZaCJQM.css                            0.06 kB
dist-prod/assets/StockTakingPlanSelectDialog-1wTgyJ9d.css                        0.06 kB
dist-prod/assets/TmToolSelectDialog-D68Y0Hi_.css                                 0.06 kB
dist-prod/assets/UserSelectDialogV2-CUNXpyU_.css                                 0.06 kB
dist-prod/assets/WmArrivalNoticeLineSelectDialog-h-as4j41.css                    0.06 kB
dist-prod/assets/WmArrivalNoticeSelectDialog-CHMOk527.css                        0.06 kB
dist-prod/assets/WmBatchSelectDialog-Co1zt_Na.css                                0.06 kB
dist-prod/assets/WmMaterialStockSelectDialog-jiulg3TX.css                        0.06 kB
dist-prod/assets/WmPackageSelectDialog-Dwd-jqzs.css                              0.06 kB
dist-prod/assets/WmSalesNoticeLineSelectDialog-BeURcJxq.css                      0.06 kB
dist-prod/assets/WmSalesNoticeSelectDialog-BtvAsj0v.css                          0.06 kB
dist-prod/assets/editor-CDHILdr2.css                                             0.06 kB
dist-prod/assets/PrintDialog-CAXSvcw7.css                                        0.06 kB
dist-prod/assets/workbench-D3L_v_hP.css                                          0.06 kB
dist-prod/assets/MessageMergeDetailDialog-Qgw2kRq5.css                           0.06 kB
dist-prod/assets/OperatorSelector-BiDuUkpo.css                                   0.07 kB
dist-prod/assets/KnowledgeRecyclePanel-BMfcn7jL.css                              0.07 kB
dist-prod/assets/editor-BZgoHg9p.css                                             0.07 kB
dist-prod/assets/LocaleDropdown-BhkLQOGv.css                                     0.08 kB
dist-prod/assets/GroupRequestPending--pAwaJqp.css                                0.08 kB
dist-prod/assets/ToolBar-CoMrBatS.css                                            0.08 kB
dist-prod/assets/EmployeeQuitInfo-CUxN24RJ.css                                   0.08 kB
dist-prod/assets/Descriptions-MqRJW3cQ.css                                       0.09 kB
dist-prod/assets/el-aside-nZKvRkTl.css                                           0.09 kB
dist-prod/assets/KnowledgeDocumentComment-DV8ZZz4W.css                           0.10 kB
dist-prod/assets/KnowledgeFolderDetail-Bj3V7B0F.css                              0.10 kB
dist-prod/assets/KnowledgeLibraryHome-C6wQidhq.css                               0.10 kB
dist-prod/assets/ComponentContainerProperty-CeuO4Lnk.css                         0.10 kB
dist-prod/assets/RewardRuleCouponSelect-Yn4FNmyw.css                             0.10 kB
dist-prod/assets/DocAlert-C1oGqDVS.css                                           0.10 kB
dist-prod/assets/pickUpOrder-B1et11UY.css                                        0.10 kB
dist-prod/assets/CalendarLegend-C2QcVvBC.css                                     0.10 kB
dist-prod/assets/BasicInfoSection-DISjdtpW.css                                   0.11 kB
dist-prod/assets/ForgetPasswordForm-D2wR1idQ.css                                 0.11 kB
dist-prod/assets/MobileForm-C1c4K5Kp.css                                         0.11 kB
dist-prod/assets/ThingModelProperty-CCGGQsMs.css                                 0.11 kB
dist-prod/assets/EmployeeForm-B-RvzIYs.css                                       0.12 kB
dist-prod/assets/TabVideo-RzuVZYPE.css                                           0.12 kB
dist-prod/assets/OrderDetail-CXFOw68R.css                                        0.13 kB
dist-prod/assets/Qrcode-D66nRfRI.css                                             0.13 kB
dist-prod/assets/FmsHomeMetricCards-Cfl5tTRl.css                                 0.13 kB
dist-prod/assets/list-DUE4WMYB.css                                               0.13 kB
dist-prod/assets/ComparisonCard-BxkXZNoy.css                                     0.14 kB
dist-prod/assets/spu-DxMDX1ql.css                                                0.15 kB
dist-prod/assets/RtcCallParticipantTile-DSuPtll6.css                             0.15 kB
dist-prod/assets/MessageItem-BUwQJxOP.css                                        0.15 kB
dist-prod/assets/AttendanceLeaveProcessDetail-DFaxvGVX.css                       0.15 kB
dist-prod/assets/CommentForm-CKTZayGG.css                                        0.15 kB
dist-prod/assets/RtcCallRunning-DlU6hmPG.css                                     0.16 kB
dist-prod/assets/css-CzNlr7lQ.css                                                0.16 kB
dist-prod/assets/CalendarDateCell-QhTeVtM8.css                                   0.17 kB
dist-prod/assets/TabNews-CpDeSQ5C.css                                            0.17 kB
dist-prod/assets/initial-balance-Bga0bbtb.css                                    0.18 kB
dist-prod/assets/definition-C0_gDHya.css                                         0.18 kB
dist-prod/assets/PerformanceTaskTabs-D1vR61xR.css                                0.19 kB
dist-prod/assets/ResizableAside-9OP0tc59.css                                     0.19 kB
dist-prod/assets/GroupAdminSetDialog-CVa9TT-C.css                                0.20 kB
dist-prod/assets/GroupCreateDialog-C3B8ud1b.css                                  0.20 kB
dist-prod/assets/GroupMemberAddDialog-YE72glt7.css                               0.20 kB
dist-prod/assets/GroupMemberRemoveDialog-CV26EDln.css                            0.20 kB
dist-prod/assets/GroupOwnerTransferDialog-8AN6gk-p.css                           0.20 kB
dist-prod/assets/MessageForwardDialog-DRH9lWYA.css                               0.20 kB
dist-prod/assets/RecommendCardDialog-CGD78PJ6.css                                0.20 kB
dist-prod/assets/RtcCallMemberPickerDialog-ktlS1dlD.css                          0.20 kB
dist-prod/assets/document-DEajA4en.css                                           0.20 kB
dist-prod/assets/ConversationPickerPanel-Dmmm5Slv.css                            0.21 kB
dist-prod/assets/MemberFunnelCard-BD4xTby4.css                                   0.21 kB
dist-prod/assets/form-CND8MgfW.css                                               0.21 kB
dist-prod/assets/form-nTqeH6TM.css                                               0.21 kB
dist-prod/assets/form-s6szk3J0.css                                               0.21 kB
dist-prod/assets/ProcessInstanceOperationButton-B7pXJyPe.css                     0.22 kB
dist-prod/assets/RoleRepository-C59GSrJi.css                                     0.22 kB
dist-prod/assets/main-B3A7YoiA.css                                               0.22 kB
dist-prod/assets/InputWithColor-CUycamcz.css                                     0.22 kB
dist-prod/assets/main-CWqKSaKd.css                                               0.22 kB
dist-prod/assets/detail-DBlyvoCV.css                                             0.23 kB
dist-prod/assets/model-JekInxJH.css                                              0.24 kB
dist-prod/assets/LoginForm-fNxo3sBu.css                                          0.24 kB
dist-prod/assets/RegisterForm-BDm8vR6S.css                                       0.24 kB
dist-prod/assets/HomeKpiCards-BBLAC-8e.css                                       0.24 kB
dist-prod/assets/CalPlanTeamList-Dts9bQG0.css                                    0.25 kB
dist-prod/assets/PropertySelector--aNg_Tez.css                                   0.25 kB
dist-prod/assets/FacePicker-CtG2ZcN0.css                                         0.25 kB
dist-prod/assets/UserSelectForm-CqYpq3Ds.css                                     0.25 kB
dist-prod/assets/CalTeamSelect-p0455gYs.css                                      0.25 kB
dist-prod/assets/DvCheckPlanSelect-B_mgYTlp.css                                  0.25 kB
dist-prod/assets/DvMachinerySelect-BXzrmjuM.css                                  0.25 kB
dist-prod/assets/DvSubjectSelect-V-kgrXQ3.css                                    0.25 kB
dist-prod/assets/GroupSelect-DqzEa_Vt.css                                        0.25 kB
dist-prod/assets/HrmEmployeeSelect-CiUwvsFA.css                                  0.25 kB
dist-prod/assets/MdClientSelect-CmJ3f3XF.css                                     0.25 kB
dist-prod/assets/MdItemSelect-BzlbNAdF.css                                       0.25 kB
dist-prod/assets/MdProductBomSelect-BuyXEsl3.css                                 0.25 kB
dist-prod/assets/MdVendorSelect-CnC66l-2.css                                     0.25 kB
dist-prod/assets/MdWorkstationSelect-Dd3U9uMJ.css                                0.25 kB
dist-prod/assets/ProCardSelect-BcQSCBf3.css                                      0.25 kB
dist-prod/assets/ProTaskSelect-ChGS492A.css                                      0.25 kB
dist-prod/assets/ProWorkOrderSelect-BX166YNz.css                                 0.25 kB
dist-prod/assets/QcIndicatorSelect-D8HsPegl.css                                  0.25 kB
dist-prod/assets/StockTakingPlanSelect-BTLXHdZW.css                              0.25 kB
dist-prod/assets/TmToolSelect-D_1hyrOq.css                                       0.25 kB
dist-prod/assets/UserSelectV2-4a5WSJYR.css                                       0.25 kB
dist-prod/assets/WmArrivalNoticeLineSelect-DyfdhRaZ.css                          0.25 kB
dist-prod/assets/WmArrivalNoticeSelect-CvJN-Sig.css                              0.25 kB
dist-prod/assets/WmBatchSelect-BSy2J0gg.css                                      0.25 kB
dist-prod/assets/WmMaterialStockSelect-t-FgdtiY.css                              0.25 kB
dist-prod/assets/WmPackageSelect-D-fNU1UQ.css                                    0.25 kB
dist-prod/assets/WmSalesNoticeLineSelect-DFLeA_ba.css                            0.25 kB
dist-prod/assets/WmSalesNoticeSelect-RIKcbMjY.css                                0.25 kB
dist-prod/assets/ConversationItem-ZqVsl2GB.css                                   0.26 kB
dist-prod/assets/GroupPinnedMessage-Y7F-Gcrd.css                                 0.26 kB
dist-prod/assets/HotZone-DWcAznMV.css                                            0.26 kB
dist-prod/assets/ProductSalesList-Ds-UB3qJ.css                                   0.26 kB
dist-prod/assets/FloatingActionButton-B0yGNB5E.css                               0.26 kB
dist-prod/assets/Card-Cyn7bxAU.css                                               0.26 kB
dist-prod/assets/JsonParamsInput-35pYZHU8.css                                    0.26 kB
dist-prod/assets/TitleBar-DdM7YwXI.css                                           0.26 kB
dist-prod/assets/BasicInfo-Csq0HPoX.css                                          0.28 kB
dist-prod/assets/AttendanceGroupForm-CnUoJ9Gx.css                                0.29 kB
dist-prod/assets/ProcessInstanceBpmnViewer-CNLbNzqi.css                          0.29 kB
dist-prod/assets/HrmHomeCalendar-BJIPpASn.css                                    0.30 kB
dist-prod/assets/MentionModal-Dq7bvNWx.css                                       0.30 kB
dist-prod/assets/OverviewCards-5c8WqmTD.css                                      0.31 kB
dist-prod/assets/kefu-5gEjIsiz.css                                               0.31 kB
dist-prod/assets/KnowledgeLibrarySidebar-CbM1Icx6.css                            0.33 kB
dist-prod/assets/MenuSwiper-DKkGXKcm.css                                         0.33 kB
dist-prod/assets/SpuShowcase-BJbHX6UU.css                                        0.33 kB
dist-prod/assets/CombinationShowcase-BR_XEq8D.css                                0.35 kB
dist-prod/assets/PointShowcase-Bywoe_OR.css                                      0.35 kB
dist-prod/assets/SeckillShowcase-B-_4nHCP.css                                    0.35 kB
dist-prod/assets/statistics-C0zUKG9Q.css                                         0.35 kB
dist-prod/assets/NavigationBar-CFvBuwVU.css                                      0.35 kB
dist-prod/assets/css-CwrL4TO2.css                                                0.36 kB
dist-prod/assets/Index-ChSDz_nH.css                                              0.37 kB
dist-prod/assets/cashier-Dx6godao.css                                            0.38 kB
dist-prod/assets/UserBasicInfo-Ceigm_-0.css                                      0.38 kB
dist-prod/assets/MaterialBubble-C2vL4UA3.css                                     0.39 kB
dist-prod/assets/create-BUPB3VYv.css                                             0.39 kB
dist-prod/assets/FmsAuxiliaryItemImportForm-4N1JFzJO.css                         0.41 kB
dist-prod/assets/FmsInitialBalanceImportForm-D8ww6Ein.css                        0.41 kB
dist-prod/assets/Dialog-vTPKeUEo.css                                             0.42 kB
dist-prod/assets/PerformancePlanProcessForm-CxWgdamG.css                         0.42 kB
dist-prod/assets/Right-S5IfcVoc.css                                              0.43 kB
dist-prod/assets/UserAccountInfo-Du_JhTq2.css                                    0.44 kB
dist-prod/assets/SearchBar-D78f2LnW.css                                          0.44 kB
dist-prod/assets/ProfileUser-V49stNim.css                                        0.46 kB
dist-prod/assets/CoverSelect-iATbY4HD.css                                        0.46 kB
dist-prod/assets/VoiceRecorder-CrvHBRSU.css                                      0.47 kB
dist-prod/assets/TabBar-DLrSfdwb.css                                             0.49 kB
dist-prod/assets/ConversationGroupSide-ayE8HVhk.css                              0.50 kB
dist-prod/assets/ConversationPrivateSide-VJ63PkLg.css                            0.52 kB
dist-prod/assets/share-DTnJZGj6.css                                              0.53 kB
dist-prod/assets/EmployeeMaterialFiles-DCN7hLif.css                              0.54 kB
dist-prod/assets/MessageInput-BqY0OHxQ.css                                       0.56 kB
dist-prod/assets/CategoryDraggableModel-6GBjgiAZ.css                             0.57 kB
dist-prod/assets/DraftTable-BAHGEVwg.css                                         0.57 kB
dist-prod/assets/Right-BrNYIIlI.css                                              0.57 kB
dist-prod/assets/css-BPBey-YY.css                                                0.58 kB
dist-prod/assets/KnowledgeDocumentDetail-QsmtIQ37.css                            0.58 kB
dist-prod/assets/UploadFile-CDGWZU6Q.css                                         0.58 kB
dist-prod/assets/css-C2FJSLtY.css                                                0.58 kB
dist-prod/assets/css-BevIVULC.css                                                0.63 kB
dist-prod/assets/TabVoice-CnpyA2s6.css                                           0.63 kB
dist-prod/assets/ProcessDefinitionDetail-DN8y1MQg.css                            0.63 kB
dist-prod/assets/AttendanceCalendar-CB4KGGpZ.css                                 0.65 kB
dist-prod/assets/backlog-Dh5dY3J1.css                                            0.68 kB
dist-prod/assets/Index2-2gVdHOZC.css                                             0.69 kB
dist-prod/assets/main-Cr8YZOXf.css                                               0.70 kB
dist-prod/assets/ImageTable-D26qGRHV.css                                         0.70 kB
dist-prod/assets/css-B0pQhKGi.css                                                0.70 kB
dist-prod/assets/ProductItem-Bo0_tJbx.css                                        0.70 kB
dist-prod/assets/IconSelect-znrlX5Nw.css                                         0.72 kB
dist-prod/assets/Crontab-DsphjYls.css                                            0.74 kB
dist-prod/assets/css-Dd6FsJNE.css                                                0.75 kB
dist-prod/assets/OperateLogV2-CIO1sNPg.css                                       0.76 kB
dist-prod/assets/TabImage-BwuhhnwY.css                                           0.76 kB
dist-prod/assets/MessageBubble-DzDYINVO.css                                      0.79 kB
dist-prod/assets/main-BtT0uTd8.css                                               0.85 kB
dist-prod/assets/MagicCubeEditor-ATyh5YHY.css                                    0.86 kB
dist-prod/assets/detail-RCjvtQOK.css                                             0.87 kB
dist-prod/assets/css-DOlF0Z_P.css                                                0.87 kB
dist-prod/assets/MenuEditor-CBmdXv6A.css                                         0.93 kB
dist-prod/assets/KeFuConversationList--xetfYOo.css                               0.94 kB
dist-prod/assets/MenuPreviewer-D-fl9DTV.css                                      0.98 kB
dist-prod/assets/property-BuQ68Pkg.css                                           0.98 kB
dist-prod/assets/GroupRequestListDialog-xYN9RyI4.css                             1.04 kB
dist-prod/assets/MessagePanel-TMzgn5Eo.css                                       1.05 kB
dist-prod/assets/github-DdKuH37F.css                                             1.06 kB
dist-prod/assets/main-p9oEm_zI.css                                               1.11 kB
dist-prod/assets/MemberInfo-rTj0s7ro.css                                         1.12 kB
dist-prod/assets/css-DXfSxFSr.css                                                1.13 kB
dist-prod/assets/MessageHistory-D69r4eqF.css                                     1.16 kB
dist-prod/assets/OrderItem-Bh_VMIeT.css                                          1.20 kB
dist-prod/assets/css-DJFxnum_.css                                                1.24 kB
dist-prod/assets/InputPassword-CjYZU12j.css                                      1.43 kB
dist-prod/assets/NewsForm-GZj6EU1p.css                                           1.44 kB
dist-prod/assets/detail-CASXAl5x.css                                             1.45 kB
dist-prod/assets/css-CF-sYK2h.css                                                1.46 kB
dist-prod/assets/detail-CIroU0T5.css                                             1.49 kB
dist-prod/assets/MessageFileUpload-uBCSmGVU.css                                  1.54 kB
dist-prod/assets/css-B0_1wuTg.css                                                1.57 kB
dist-prod/assets/css-Dq8WDDkr.css                                                1.59 kB
dist-prod/assets/css-D25VN7Rs.css                                                1.78 kB
dist-prod/assets/main-baiZkwf_.css                                               1.80 kB
dist-prod/assets/PreviewCode-we-yc91V.css                                        1.87 kB
dist-prod/assets/UserAvatar-ChjuOdrb.css                                         2.12 kB
dist-prod/assets/css-BmCYKxSB.css                                                2.16 kB
dist-prod/assets/create-CRhP4Zb7.css                                             2.22 kB
dist-prod/assets/css-CPQZ-olG.css                                                2.38 kB
dist-prod/assets/KeFuMessageList-C4nLnRrL.css                                    2.53 kB
dist-prod/assets/css-DuW1vvGs.css                                                2.55 kB
dist-prod/assets/DatabaseConfigForm-BSv0NGgT.css                                 2.55 kB
dist-prod/assets/UploadImgs-B-b7o79J.css                                         2.76 kB
dist-prod/assets/ExtraSettings-DV27WFO8.css                                      2.97 kB
dist-prod/assets/UploadImg-CSvme-qI.css                                          3.08 kB
dist-prod/assets/freePublish-CpxDQ8EC.css                                        3.15 kB
dist-prod/assets/MessageReasoning-Cs0ziEH7.css                                   3.28 kB
dist-prod/assets/menu-D_BjCimc.css                                               3.30 kB
dist-prod/assets/css-D5SemeSH.css                                                3.34 kB
dist-prod/assets/css-BpDzfuC8.css                                                3.41 kB
dist-prod/assets/css-4RO73nWn.css                                                3.59 kB
dist-prod/assets/SocialLogin-BD23I-s1.css                                        3.75 kB
dist-prod/assets/Login-CTtQ1JL8.css                                              3.85 kB
dist-prod/assets/MsgList-DW1tP_N5.css                                            3.88 kB
dist-prod/assets/css-Dk4oJr5v.css                                                3.89 kB
dist-prod/assets/css-Cc5LMyTH.css                                                4.27 kB
dist-prod/assets/css-B--bAdqt.css                                                4.28 kB
dist-prod/assets/css-C3hWMI-V.css                                                4.39 kB
dist-prod/assets/css-DtA3_m5y.css                                                4.65 kB
dist-prod/assets/css-C2hEYhwL.css                                                4.70 kB
dist-prod/assets/css-B7gvwdWB.css                                                6.95 kB
dist-prod/assets/util-BeMYBecn.css                                               7.56 kB
dist-prod/assets/css-DfotLSuH.css                                                7.96 kB
dist-prod/assets/Form-D4FTleK9.css                                               8.19 kB
dist-prod/assets/css-DOpgWbwG.css                                               14.21 kB
dist-prod/assets/css-C_5fjRmq.css                                               15.58 kB
dist-prod/assets/Layout-CAA-myu-.css                                            15.99 kB
dist-prod/assets/WorkflowDesign-DLXiD6_Q.css                                    21.28 kB
dist-prod/assets/style-CsiCno9o.css                                             28.25 kB
dist-prod/assets/src-C1653Skt.css                                               28.76 kB
dist-prod/assets/JsonEditor-Bh80ytVv.css                                        32.72 kB
dist-prod/assets/main-DKGaidlz.css                                              46.42 kB
dist-prod/assets/Verify-B0vjumsq.css                                            52.68 kB
dist-prod/assets/package-C5PyGnTg.css                                          130.38 kB
dist-prod/assets/GanttChart-ccBNFJsc.css                                       140.58 kB
dist-prod/assets/index-BDbpEgWe.css                                            186.15 kB
dist-prod/assets/form-create-BaAaNLDM.css                                      197.87 kB
dist-prod/assets/Qrcode-qmzCZzFH.js                                              0.02 kB
dist-prod/assets/ContentWrap-tQW22FUo.js                                         0.03 kB
dist-prod/assets/css-CdA3wt2N.js                                                 0.03 kB
dist-prod/assets/css-DA5mK8sm.js                                                 0.03 kB
dist-prod/assets/css-DY7CbR5e2.js                                                0.03 kB
dist-prod/assets/css-Dpdj9g7g.js                                                 0.03 kB
dist-prod/assets/InputPassword-Cn479_4k.js                                       0.03 kB
dist-prod/assets/components-tHHk2OXI.js                                          0.03 kB
dist-prod/assets/components-BYCfZTQd.js                                          0.03 kB
dist-prod/assets/types-C8YQGyCL.js                                               0.04 kB
dist-prod/assets/avatar-gLfooqiD.js                                              0.05 kB
dist-prod/assets/a-DF2MpAwH.js                                                   0.05 kB
dist-prod/assets/emo-BZsvg7mn.js                                                 0.05 kB
dist-prod/assets/kun-BVsc6H_5.js                                                 0.05 kB
dist-prod/assets/yun-CnEjqVm0.js                                                 0.05 kB
dist-prod/assets/outu-7nLM15Rb.js                                                0.05 kB
dist-prod/assets/ziya-BWYiF1pU.js                                                0.05 kB
dist-prod/assets/aixin-BKnalm_a.js                                               0.05 kB
dist-prod/assets/danao-CafkOTa-.js                                               0.05 kB
dist-prod/assets/fennu-DqgzMr9Y.js                                               0.05 kB
dist-prod/assets/ganga-CFO9GjJV.js                                               0.05 kB
dist-prod/assets/xiong-DWcTJY1G.js                                               0.05 kB
dist-prod/assets/yiwen-D-8IzRCo.js                                               0.05 kB
dist-prod/assets/dajing-BRGw2TeQ.js                                              0.05 kB
dist-prod/assets/daxiao-CwJ2gRcn.js                                              0.05 kB
dist-prod/assets/fankun-CVczfN5g.js                                              0.05 kB
dist-prod/assets/feiwen-D0C9K5R1.js                                              0.05 kB
dist-prod/assets/ganmao-DeuwGyib.js                                              0.05 kB
dist-prod/assets/jingya-pj7hL-Lc.js                                              0.05 kB
dist-prod/assets/lengku-MTjGlDpG.js                                              0.05 kB
dist-prod/assets/liulei-BBwvwbsV.js                                              0.05 kB
dist-prod/assets/login-box-bg-B_bCwd_O.js                                        0.05 kB
dist-prod/assets/wx-account-select-BqR95Ouu.js                                   0.05 kB
dist-prod/assets/wx-material-select-CbIy816D.js                                  0.05 kB
dist-prod/assets/wx-music-BAVS6Bh6.js                                            0.05 kB
dist-prod/assets/wx-news-CuJNKaNk.js                                             0.05 kB
dist-prod/assets/wx-video-play-QfiFoPUY.js                                       0.05 kB
dist-prod/assets/wx-voice-play-j0ClrvpF.js                                       0.05 kB
dist-prod/assets/xiaoku-BLVJcbWs.js                                              0.05 kB
dist-prod/assets/xinsui-Dvv9xQRV.js                                              0.05 kB
dist-prod/assets/jingshu-B6MNPCfF.js                                             0.05 kB
dist-prod/assets/shengqi-Bily4ZGa.js                                             0.05 kB
dist-prod/assets/tianshi-D6M70ire.js                                             0.05 kB
dist-prod/assets/huaixiao-D9DGfRvt.js                                            0.05 kB
dist-prod/assets/jingkong-BTzSVjly.js                                            0.05 kB
dist-prod/assets/shuizhuo-DeQWZdYk.js                                            0.05 kB
dist-prod/assets/buhaoyisi-NcZlbh5q.js                                           0.06 kB
dist-prod/assets/css-BR4e62S32.js                                                0.06 kB
dist-prod/assets/xiaodiaoya-DkDgwpoq.js                                          0.06 kB
dist-prod/assets/css-C2AKm_r72.js                                                0.06 kB
dist-prod/assets/components-By6rqO5C.js                                          0.06 kB
dist-prod/assets/components-BkgN8r3O.js                                          0.07 kB
dist-prod/assets/formatter-DgRL85M3.js                                           0.08 kB
dist-prod/assets/_plugin-vue_export-helper-BDNMzG2s.js                           0.08 kB
dist-prod/assets/wx-reply-BtD6j1LE.js                                            0.08 kB
dist-prod/assets/__vite-browser-external-BTYuaygK.js                             0.09 kB
dist-prod/assets/components-DyG_TlkP.js                                          0.10 kB
dist-prod/assets/formRules-CgxmZG2d.js                                           0.11 kB
dist-prod/assets/operate-log-CUyyPSRQ.js                                         0.11 kB
dist-prod/assets/operateLog-B2PXASMP.js                                          0.11 kB
dist-prod/assets/types-Cntduj7l.js                                               0.12 kB
dist-prod/assets/record-mhruNlgl.js                                              0.12 kB
dist-prod/assets/record-5HsG-tSJ.js                                              0.12 kB
dist-prod/assets/useDesign-CC5BNAN2.js                                           0.12 kB
dist-prod/assets/keys-D1P94rfL.js                                                0.12 kB
dist-prod/assets/record-DnlUcaoK.js                                              0.12 kB
dist-prod/assets/transaction-Bc2dZU5R.js                                         0.12 kB
dist-prod/assets/quit-info-Bpweh154.js                                           0.13 kB
dist-prod/assets/useIcon-CJX8qD8S.js                                             0.15 kB
dist-prod/assets/_baseFor-CNqcXraa.js                                            0.15 kB
dist-prod/assets/page-CrO2IxU7.js                                                0.16 kB
dist-prod/assets/config-Da-Pkp6B.js                                              0.16 kB
dist-prod/assets/permission-Oa81JgAc.js                                          0.16 kB
dist-prod/assets/material-B7zUvcBe.js                                            0.17 kB
dist-prod/assets/record-DazJPuU6.js                                              0.17 kB
dist-prod/assets/order-BTE-eqfb.js                                               0.19 kB
dist-prod/assets/favorite-DArT-AwX.js                                            0.20 kB
dist-prod/assets/_isIterateeCall-VTvaidgL.js                                     0.21 kB
dist-prod/assets/inventory-CapvdOAi.js                                           0.21 kB
dist-prod/assets/permission-DkutfHC7.js                                          0.22 kB
dist-prod/assets/config-CzKekz7R.js                                              0.23 kB
dist-prod/assets/concat-jBmWkY12.js                                              0.23 kB
dist-prod/assets/propTypes-Dn7DJnW5.js                                           0.23 kB
dist-prod/assets/coupon-C3dC1kJL.js                                              0.23 kB
dist-prod/assets/leave-Cno66c9A.js                                               0.23 kB
dist-prod/assets/types-C7xtckAi.js                                               0.23 kB
dist-prod/assets/balance-C9HsbNli.js                                             0.23 kB
dist-prod/assets/url-9XVSOcAy.js                                                 0.23 kB
dist-prod/assets/types--lSVGhaQ.js                                               0.24 kB
dist-prod/assets/comment-elmI-ZJh.js                                             0.24 kB
dist-prod/assets/channel-DNIM8QyO.js                                             0.24 kB
dist-prod/assets/user-CqDtFNpM.js                                                0.25 kB
dist-prod/assets/product-Bc7nV8Io.js                                             0.25 kB
dist-prod/assets/employee-yiqOnaEC.js                                            0.26 kB
dist-prod/assets/user-CjJotMEf.js                                                0.26 kB
dist-prod/assets/finance-parameter-Co3NYuPv.js                                   0.26 kB
dist-prod/assets/profile-DygSlzK7.js                                             0.26 kB
dist-prod/assets/useMediaStreamElement-BXobGlW-.js                               0.27 kB
dist-prod/assets/freePublish-Dre_CRS1.js                                         0.27 kB
dist-prod/assets/member-D89noP9X.js                                              0.27 kB
dist-prod/assets/slip-D9WKz0nY.js                                                0.28 kB
dist-prod/assets/leave-CP_Wg5xm.js                                               0.28 kB
dist-prod/assets/employee-CwxpzQTs.js                                            0.28 kB
dist-prod/assets/holiday-B5OJCEqB.js                                             0.29 kB
dist-prod/assets/upload-Br1AF71a.js                                              0.29 kB
dist-prod/assets/utils-Dm1MunuK.js                                               0.30 kB
dist-prod/assets/defaults-zTVj1j3s.js                                            0.31 kB
dist-prod/assets/batch-BTxSRuU7.js                                               0.31 kB
dist-prod/assets/file-C-v00eVH.js                                                0.31 kB
dist-prod/assets/favorite-BfOVO-v-.js                                            0.31 kB
dist-prod/assets/_baseEach-CArjaY1w.js                                           0.32 kB
dist-prod/assets/employee-info-tIBr8kWU.js                                       0.32 kB
dist-prod/assets/label-CLt-TxT2.js                                               0.33 kB
dist-prod/assets/home-BfAEBF1U.js                                                0.33 kB
dist-prod/assets/home-DxXQ9251.js                                                0.33 kB
dist-prod/assets/components-D-60t000.js                                          0.33 kB
dist-prod/assets/task-DMukYh1f.js                                                0.34 kB
dist-prod/assets/category-JJqybfgP.js                                            0.34 kB
dist-prod/assets/404-gfx9SfG9.js                                                 0.34 kB
dist-prod/assets/home-E6cWU4Pn.js                                                0.34 kB
dist-prod/assets/403-COz4f9Ls.js                                                 0.35 kB
dist-prod/assets/500-DdXq7-Hj.js                                                 0.35 kB
dist-prod/assets/definition-EevagkFc.js                                          0.36 kB
dist-prod/assets/_createAggregator-BN3CG7ES.js                                   0.36 kB
dist-prod/assets/useUpload-DgErcNIf.js                                           0.36 kB
dist-prod/assets/menu-7NHESrKD.js                                                0.36 kB
dist-prod/assets/batch-BeDA-ETS.js                                               0.37 kB
dist-prod/assets/UserOrder-CKHysRok.js                                           0.37 kB
dist-prod/assets/UserCoupon-Cu5Fz1qG.js                                          0.37 kB
dist-prod/assets/UserWallet-DiCmsDkf.js                                          0.37 kB
dist-prod/assets/user-xX91Oyke.js                                                0.37 kB
dist-prod/assets/Card-DZLY3kdE.js                                                0.37 kB
dist-prod/assets/tag-BqQSVSXY.js                                                 0.38 kB
dist-prod/assets/brand-XuLCWSSv.js                                               0.38 kB
dist-prod/assets/constants-oCwLw3RR.js                                           0.39 kB
dist-prod/assets/MessageLoading-BAP9qT-j.js                                      0.39 kB
dist-prod/assets/config-BlKXxSz_.js                                              0.39 kB
dist-prod/assets/order-y7ccXGoB.js                                               0.39 kB
dist-prod/assets/constants-DfSgUMce.js                                           0.39 kB
dist-prod/assets/member-CfEeJpP2.js                                              0.39 kB
dist-prod/assets/app-BXxxjj1H.js                                                 0.40 kB
dist-prod/assets/comment-cRbJX_IV.js                                             0.40 kB
dist-prod/assets/change-record-ClfK-zTQ.js                                       0.40 kB
dist-prod/assets/json-BFC5e-Ei.js                                                0.40 kB
dist-prod/assets/tax-rule-DbPBdBvB.js                                            0.40 kB
dist-prod/assets/product-Byv5V5Yp.js                                             0.41 kB
dist-prod/assets/article-C0QuuvT7.js                                             0.41 kB
dist-prod/assets/library-Ckmh1C8g.js                                             0.41 kB
dist-prod/assets/form-BxXaJ9d8.js                                                0.42 kB
dist-prod/assets/MessageItem-C9gRvrU2.js                                         0.42 kB
dist-prod/assets/category-B6Reii_Y.js                                            0.42 kB
dist-prod/assets/materialstock-QMMLqidI.js                                       0.42 kB
dist-prod/assets/folder-Cg4Fxe9Z.js                                              0.42 kB
dist-prod/assets/announcement-DRMOe5HI.js                                        0.42 kB
dist-prod/assets/document-Ch-PlIVS.js                                            0.42 kB
dist-prod/assets/channel-DgL-IF40.js                                             0.43 kB
dist-prod/assets/config-D-D7C4Z5.js                                              0.44 kB
dist-prod/assets/group-CvTVg9Vi.js                                               0.44 kB
dist-prod/assets/tool-BiG7NbRp.js                                                0.44 kB
dist-prod/assets/interview-ChRcg6dq.js                                           0.44 kB
dist-prod/assets/stock-d2hm2CMj.js                                               0.44 kB
dist-prod/assets/formCreate-BS58LgIW.js                                          0.44 kB
dist-prod/assets/share-DgoawQer.js                                               0.44 kB
dist-prod/assets/workflow-CKRHDKWk.js                                            0.44 kB
dist-prod/assets/change-template-BI9nSna4.js                                     0.44 kB
dist-prod/assets/portrait-BlNlxwFO.js                                            0.44 kB
dist-prod/assets/firmware-DxTwhI9i.js                                            0.45 kB
dist-prod/assets/group-DxE1hgpZ.js                                               0.45 kB
dist-prod/assets/level-DexUzebk.js                                               0.45 kB
dist-prod/assets/group-D4Lo6eh6.js                                               0.45 kB
dist-prod/assets/userGroup-BqdyggkM.js                                           0.45 kB
dist-prod/assets/send-record-Cc6WnqYS.js                                         0.46 kB
dist-prod/assets/PromotionArticle-LT2gW_DS.js                                    0.46 kB
dist-prod/assets/GroupDetail-BIYLIw2K.js                                         0.46 kB
dist-prod/assets/dataSourceConfig-DZyQS4Ii.js                                    0.46 kB
dist-prod/assets/permission-B2986LZ_.js                                          0.47 kB
dist-prod/assets/model-Dz_0EZwi.js                                               0.47 kB
dist-prod/assets/apiKey-Br_Rn5Ji.js                                              0.47 kB
dist-prod/assets/tool-CVZsTQzH.js                                                0.47 kB
dist-prod/assets/account-set-CeIaiIUH.js                                         0.47 kB
dist-prod/assets/dept-DfRLt4r6.js                                                0.47 kB
dist-prod/assets/statistics-BO36Wj7u.js                                          0.47 kB
dist-prod/assets/recycle-Dh8nwbqr.js                                             0.48 kB
dist-prod/assets/account-user-C4vPXZeH.js                                        0.48 kB
dist-prod/assets/scheme-DnUI3TNY.js                                              0.48 kB
dist-prod/assets/index-CtnAxeBh.js                                               0.49 kB
dist-prod/assets/product-DbYMAkfS.js                                             0.49 kB
dist-prod/assets/processListener-Bf_qBct1.js                                     0.49 kB
dist-prod/assets/property-p-w_XXpn.js                                            0.49 kB
dist-prod/assets/property-DsZkVuxi.js                                            0.49 kB
dist-prod/assets/property-Cr6-YmjQ.js                                            0.49 kB
dist-prod/assets/property-Dit4Bf162.js                                           0.49 kB
dist-prod/assets/performance-DHLGfmAJ.js                                         0.49 kB
dist-prod/assets/material-cD4F4zoV.js                                            0.50 kB
dist-prod/assets/image-Dy-qW5Cf.js                                               0.50 kB
dist-prod/assets/knowledge-p30q_Epz.js                                           0.50 kB
dist-prod/assets/utils-DVFrd3NY.js                                               0.50 kB
dist-prod/assets/employee-V-A60OfI.js                                            0.50 kB
dist-prod/assets/Divider-D8ffIeJo.js                                             0.51 kB
dist-prod/assets/digest-eUOrlvgm.js                                              0.51 kB
dist-prod/assets/subject-Bl3vbP2D.js                                             0.51 kB
dist-prod/assets/useMessageMultiSelect-BEuhbV_K.js                               0.51 kB
dist-prod/assets/user-Boy-AoGq.js                                                0.51 kB
dist-prod/assets/line-BZkRbX2e.js                                                0.51 kB
dist-prod/assets/line-BbrLVPZI.js                                                0.51 kB
dist-prod/assets/sn-Bp5E1TcA.js                                                  0.51 kB
dist-prod/assets/month-record-CKx2Zx2R.js                                        0.52 kB
dist-prod/assets/smsChannel-Ftg1DFwI.js                                          0.52 kB
dist-prod/assets/type-B1LRwO5w.js                                                0.52 kB
dist-prod/assets/IFrame-DtbWF9pU.js                                              0.52 kB
dist-prod/assets/label-CLgtGArO.js                                               0.52 kB
dist-prod/assets/product-BGZmk-vg.js                                             0.52 kB
dist-prod/assets/tenantPackage-tVX1I-k5.js                                       0.52 kB
dist-prod/assets/detail-_zN_S17v.js                                              0.52 kB
dist-prod/assets/line-CZTudfC8.js                                                0.52 kB
dist-prod/assets/warehouse-BNTbTrUU.js                                           0.52 kB
dist-prod/assets/utils-DzB5UYsG.js                                               0.53 kB
dist-prod/assets/currency-QO9BvRrK.js                                            0.53 kB
dist-prod/assets/articleCategory-DpOfiRdQ.js                                     0.53 kB
dist-prod/assets/member-CugBy_D7.js                                              0.53 kB
dist-prod/assets/line-Dxp64VzK.js                                                0.53 kB
dist-prod/assets/indicator-DteNLeY6.js                                           0.53 kB
dist-prod/assets/Redirect-CPgefZ4X.js                                            0.53 kB
dist-prod/assets/tenant-C1QEfVnr.js                                              0.53 kB
dist-prod/assets/config-CosIJDw5.js                                              0.54 kB
dist-prod/assets/config-CqX0VYy9.js                                              0.54 kB
dist-prod/assets/group-DZJHVGIH.js                                               0.54 kB
dist-prod/assets/team-Hilm5oZV.js                                                0.54 kB
dist-prod/assets/post-DaVsZBI6.js                                                0.54 kB
dist-prod/assets/format-CBYDOryf.js                                              0.55 kB
dist-prod/assets/config-DWGZmTD2.js                                              0.55 kB
dist-prod/assets/category-CmuAlfqU.js                                            0.55 kB
dist-prod/assets/account-BCNY2juX.js                                             0.55 kB
dist-prod/assets/afterSale-xPxxYOby.js                                           0.55 kB
dist-prod/assets/common-Z-dtWujK.js                                              0.55 kB
dist-prod/assets/config-WH31p6PO.js                                              0.55 kB
dist-prod/assets/iteration-yLAuGK-k.js                                           0.55 kB
dist-prod/assets/useVoicePlayer-DxOdUJHh.js                                      0.55 kB
dist-prod/assets/detail-BFisI9ed.js                                              0.56 kB
dist-prod/assets/detail-BTYRT2tq.js                                              0.56 kB
dist-prod/assets/detail-MEnFME8D.js                                              0.56 kB
dist-prod/assets/workstation-Boba40dz.js                                         0.56 kB
dist-prod/assets/productBom-B10DKTjI.js                                          0.56 kB
dist-prod/assets/task-eIpsUj4i.js                                                0.56 kB
dist-prod/assets/voucher-word-C08_C_OW.js                                        0.56 kB
dist-prod/assets/expressTemplate-D5qaOkVa.js                                     0.56 kB
dist-prod/assets/detail-B2wLMaxm.js                                              0.57 kB
dist-prod/assets/detail-DLXW4SoM.js                                              0.57 kB
dist-prod/assets/detail-tr8-cvCv.js                                              0.57 kB
dist-prod/assets/product-Dk8lEz7z.js                                             0.57 kB
dist-prod/assets/useSelectedItems-Bze98itn.js                                    0.57 kB
dist-prod/assets/page-BqINx1AK.js                                                0.57 kB
dist-prod/assets/write-D4zk9-Z4.js                                               0.57 kB
dist-prod/assets/channel-DVoEiOz7.js                                             0.57 kB
dist-prod/assets/category-D85ipcIR.js                                            0.57 kB
dist-prod/assets/rtc-B44NeJoG.js                                                 0.57 kB
dist-prod/assets/useUpload-DQen9YOs.js                                           0.57 kB
dist-prod/assets/type-CZqa36PG.js                                                0.58 kB
dist-prod/assets/file-D5hfKIlT.js                                                0.58 kB
dist-prod/assets/customer-C3lw2lxT.js                                            0.58 kB
dist-prod/assets/supplier-C2TZCOWz.js                                            0.58 kB
dist-prod/assets/client-CXxWeGqi.js                                              0.58 kB
dist-prod/assets/useGroupCallMembers-BhM1-tu_.js                                 0.58 kB
dist-prod/assets/vendor-DuDp14q2.js                                              0.58 kB
dist-prod/assets/account-CXGqBzfB.js                                             0.58 kB
dist-prod/assets/type-rjXAK-i5.js                                                0.58 kB
dist-prod/assets/detail-XMOtZYY1.js                                              0.59 kB
dist-prod/assets/TabText-C12BKmrH.js                                             0.59 kB
dist-prod/assets/merchant-BvULt5L_.js                                            0.59 kB
dist-prod/assets/express-rWbDeSWL.js                                             0.59 kB
dist-prod/assets/process-B7_ix7tZ.js                                             0.59 kB
dist-prod/assets/warehouse-TvH8XRav.js                                           0.59 kB
dist-prod/assets/mindmap-CwYBCmoM.js                                             0.59 kB
dist-prod/assets/option-Bdbxc4re.js                                              0.60 kB
dist-prod/assets/area-cj6F83if.js                                                0.60 kB
dist-prod/assets/role-Drpfs9iW.js                                                0.60 kB
dist-prod/assets/brand-DGtIGNCM.js                                               0.60 kB
dist-prod/assets/workshop-CDDq91pP.js                                            0.60 kB
dist-prod/assets/voucher-template-DE3wFUeB.js                                    0.60 kB
dist-prod/assets/category-C6bmrnAk.js                                            0.60 kB
dist-prod/assets/sink-DfmBn_YM.js                                                0.60 kB
dist-prod/assets/detail-DR9RhHjl.js                                              0.61 kB
dist-prod/assets/seckillActivity-upfCCyyK.js                                     0.61 kB
dist-prod/assets/title-TyD8UCvL.js                                               0.61 kB
dist-prod/assets/type-9kkPwAS_.js                                                0.61 kB
dist-prod/assets/member-48EbYW8W.js                                              0.61 kB
dist-prod/assets/post-ClLqdye2.js                                                0.61 kB
dist-prod/assets/employee-DvDKGVcd.js                                            0.61 kB
dist-prod/assets/processExpression-BLkQ_rQt.js                                   0.62 kB
dist-prod/assets/message-DHcLI3Si.js                                             0.62 kB
dist-prod/assets/scene-B1e88MM5.js                                               0.62 kB
dist-prod/assets/bom-CW9bMnJy.js                                                 0.62 kB
dist-prod/assets/out-CSaPmvtJ.js                                                 0.62 kB
dist-prod/assets/machinery-g4BweOpV.js                                           0.62 kB
dist-prod/assets/statistics-C5A18yIv.js                                          0.62 kB
dist-prod/assets/pickUpStore-DwAmlfti.js                                         0.62 kB
dist-prod/assets/clue-hYJb2_qB.js                                                0.63 kB
dist-prod/assets/unit-peKnBugV.js                                                0.63 kB
dist-prod/assets/combinationActivity-CYsTcg4q.js                                 0.63 kB
dist-prod/assets/config-CcyuUTre.js                                              0.64 kB
dist-prod/assets/CardLineLabel-CrY4v0sc.js                                       0.64 kB
dist-prod/assets/scheme-CZc-rVhf.js                                              0.64 kB
dist-prod/assets/bi-GeKwE1cy.js                                                  0.64 kB
dist-prod/assets/Tooltip-DMSyhm-m.js                                             0.64 kB
dist-prod/assets/checkrecord-Dl9I5erX.js                                         0.64 kB
dist-prod/assets/salesnotice-B901uixZ.js                                         0.64 kB
dist-prod/assets/smsTemplate-B1bb_Eq5.js                                         0.65 kB
dist-prod/assets/spu-B2myomvq.js                                                 0.65 kB
dist-prod/assets/order-D59b5zde.js                                               0.65 kB
dist-prod/assets/trade-DjHPIeY2.js                                               0.65 kB
dist-prod/assets/unitmeasure-DTaaiUcW.js                                         0.65 kB
dist-prod/assets/jmreport-DaU9rkWK.js                                            0.65 kB
dist-prod/assets/item-BedE22zx.js                                                0.65 kB
dist-prod/assets/config-DJA85EMD.js                                              0.66 kB
dist-prod/assets/couponTemplate-B9Co7QzB.js                                      0.66 kB
dist-prod/assets/in-D6XsKMpc.js                                                  0.66 kB
dist-prod/assets/return-BfnX3P3F.js                                              0.66 kB
dist-prod/assets/DocAlert-CfFcqOCl.js                                            0.66 kB
dist-prod/assets/ImageBar-DfPUp1Ma.js                                            0.66 kB
dist-prod/assets/template-Bj7340Ub.js                                            0.66 kB
dist-prod/assets/useTagsView-DJ3w5oGb.js                                         0.66 kB
dist-prod/assets/channel-CMqnJhok.js                                             0.66 kB
dist-prod/assets/arrivalnotice-DrthCdpv.js                                       0.67 kB
dist-prod/assets/maintenrecord-DMh6mq1L.js                                       0.67 kB
dist-prod/assets/template-mhagb84Y.js                                            0.67 kB
dist-prod/assets/project-hCIVKoOr.js                                             0.67 kB
dist-prod/assets/goview-DZm5qS6D.js                                              0.67 kB
dist-prod/assets/result-template-DbyEXQgI.js                                     0.68 kB
dist-prod/assets/template-C-0CfA7G.js                                            0.68 kB
dist-prod/assets/card-CfORH-Cv.js                                                0.68 kB
dist-prod/assets/line-QrlnDAoH.js                                                0.68 kB
dist-prod/assets/category-JMbUDMkz.js                                            0.68 kB
dist-prod/assets/point-CMX58jgJ.js                                               0.68 kB
dist-prod/assets/receivable-CADZbPBC.js                                          0.69 kB
dist-prod/assets/voucher-template-category-CSXdp_l3.js                           0.69 kB
dist-prod/assets/detail-ChTHuIRr.js                                              0.69 kB
dist-prod/assets/account-Bq_6xjfx.js                                             0.69 kB
dist-prod/assets/assessment-template-Bwvqtped.js                                 0.70 kB
dist-prod/assets/checkplan-4BLm6qQl.js                                           0.70 kB
dist-prod/assets/funnel-Cog3d6po.js                                              0.70 kB
dist-prod/assets/PrinterLabel-DF_HhRyg.js                                        0.70 kB
dist-prod/assets/job-C81auXAp.js                                                 0.70 kB
dist-prod/assets/order-CpFsTeIk.js                                               0.70 kB
dist-prod/assets/data--ZeFN44Z.js                                                0.71 kB
dist-prod/assets/EmployeeDemoteForm-DNafCKRf.js                                  0.71 kB
dist-prod/assets/document-wz5hMkZS.js                                            0.71 kB
dist-prod/assets/EmployeePromoteForm-wGz2SuIb.js                                 0.71 kB
dist-prod/assets/ClosingStatusCard-BzGiFYXB.js                                   0.72 kB
dist-prod/assets/return-CcMtkjn7.js                                              0.72 kB
dist-prod/assets/seckillConfig-JT-zire_.js                                       0.72 kB
dist-prod/assets/EmployeeTransferForm-DJNgM3kq.js                                0.72 kB
dist-prod/assets/warehouse-CsBnWHNj.js                                           0.72 kB
dist-prod/assets/repair-ulihib1O.js                                              0.73 kB
dist-prod/assets/plan-D55qKBnX.js                                                0.73 kB
dist-prod/assets/Tag-DWwGYTou.js                                                 0.74 kB
dist-prod/assets/barcode-Bccz-SK3.js                                             0.74 kB
dist-prod/assets/status-CtbIqo9E.js                                              0.75 kB
dist-prod/assets/MessageNewConversation-C2o6ddFF.js                              0.75 kB
dist-prod/assets/employee-info-BC6OjImT.js                                       0.75 kB
dist-prod/assets/process-DEnjp5M7.js                                             0.75 kB
dist-prod/assets/group-CDOhvoRZ.js                                               0.76 kB
dist-prod/assets/VideoPlayer-10Uz4NxY.js                                         0.76 kB
dist-prod/assets/is-BCSfzVfJ.js                                                  0.77 kB
dist-prod/assets/plan-CjOB_Jh6.js                                                0.77 kB
dist-prod/assets/HotZone-ByEl0IVg.js                                             0.77 kB
dist-prod/assets/workorder-C6rX6Osd.js                                           0.78 kB
dist-prod/assets/formatter-D94LhWfk.js                                           0.78 kB
dist-prod/assets/manager-cvEDBt9u.js                                             0.78 kB
dist-prod/assets/RoleCategoryList-76z4ZSHT.js                                    0.79 kB
dist-prod/assets/image-CengwkZq.js                                               0.80 kB
dist-prod/assets/property-HmmE-31Z.js                                            0.80 kB
dist-prod/assets/check-ZL09vjlL.js                                               0.80 kB
dist-prod/assets/css-DKv0LJcs.js                                                 0.81 kB
dist-prod/assets/SummaryCard-DXlnFJdp.js                                         0.81 kB
dist-prod/assets/location-BbFBflhN.js                                            0.81 kB
dist-prod/assets/WalletForm-yTuGVk6Z.js                                          0.82 kB
dist-prod/assets/use-ordered-children-twH_yl1G.js                                0.82 kB
dist-prod/assets/permission-C1MigSrS.js                                          0.82 kB
dist-prod/assets/status-Dkw9kYAw.js                                              0.82 kB
dist-prod/assets/conversation-DoJEThfU.js                                        0.82 kB
dist-prod/assets/business-LmPJLSP0.js                                            0.83 kB
dist-prod/assets/receipt-BWM-UJgP.js                                             0.84 kB
dist-prod/assets/SimpleModelDesign-CnRb7YfW.js                                   0.85 kB
dist-prod/assets/ColorInput-BCvdJ8jh.js                                          0.85 kB
dist-prod/assets/ChannelSelect-BCvqmWjg.js                                       0.86 kB
dist-prod/assets/movement-C_Q9W47y.js                                            0.86 kB
dist-prod/assets/shipment-BWjfRzlu.js                                            0.86 kB
dist-prod/assets/OrderBrowsingHistory-C74TUAZi.js                                0.88 kB
dist-prod/assets/initial-balance-BkUGiUA4.js                                     0.88 kB
dist-prod/assets/swagger-D6bHhgiS.js                                             0.89 kB
dist-prod/assets/filt-D4MsRgyV.js                                                0.90 kB
dist-prod/assets/order-Ci16nXyg.js                                               0.90 kB
dist-prod/assets/rank-D9K9D-rW.js                                                0.90 kB
dist-prod/assets/KnowledgeDocumentLabelSelect-CpUflDNH.js                        0.91 kB
dist-prod/assets/skywalking-BNWocAtL.js                                          0.91 kB
dist-prod/assets/Descriptions-CMMmuowR.js                                        0.92 kB
dist-prod/assets/ProjectSelect-C-Mfohhk.js                                       0.92 kB
dist-prod/assets/MemberGroupSelect-fgL2SULK.js                                   0.92 kB
dist-prod/assets/clock-B-xAmQ3-.js                                               0.92 kB
dist-prod/assets/InputWithColor-CKS9F8X3.js                                      0.93 kB
dist-prod/assets/server-A79Eb_ef.js                                              0.93 kB
dist-prod/assets/segment-B_8Nz7rU.js                                             0.93 kB
dist-prod/assets/login-BCzl6qm4.js                                               0.93 kB
dist-prod/assets/UserCard-DBuvz_Ew.js                                            0.95 kB
dist-prod/assets/AppLinkInput-Bg0f5nMF.js                                        0.95 kB
dist-prod/assets/model-D_13aLYe.js                                               0.96 kB
dist-prod/assets/useFriendBuckets-C5tavNZ1.js                                    0.96 kB
dist-prod/assets/TipSegments-r8a3SiJB.js                                         0.96 kB
dist-prod/assets/contract-DQQJy4LK.js                                            0.97 kB
dist-prod/assets/IFrame-pYz7ogAQ.js                                              0.97 kB
dist-prod/assets/MessageListEmpty-CayuTcdH.js                                    0.97 kB
dist-prod/assets/ProductSelect-lv9sUouO.js                                       0.97 kB
dist-prod/assets/FmsVoucherWordSelect-CFxAFRTl.js                                0.98 kB
dist-prod/assets/user-8b59BrYb.js                                                0.99 kB
dist-prod/assets/MaterialSelect-Cr_cJ9v9.js                                      0.99 kB
dist-prod/assets/inner-2WlkLXUF.js                                               0.99 kB
dist-prod/assets/druid-CpRJ35ob.js                                               1.00 kB
dist-prod/assets/normal-1Zxj4Zqo.js                                              1.00 kB
dist-prod/assets/GroupItem-CSv35B5y.js                                           1.01 kB
dist-prod/assets/NoticeBar-CYYH0Wne.js                                           1.01 kB
dist-prod/assets/WorkItemLabelSelect-B5BtL9M-.js                                 1.01 kB
dist-prod/assets/message-pIrw7fft.js                                             1.01 kB
dist-prod/assets/Popover-B_4EaK47.js                                             1.02 kB
dist-prod/assets/FmsLedgerMonthRangePicker-DqOWI74H.js                           1.02 kB
dist-prod/assets/candidate-CqmPob4H.js                                           1.03 kB
dist-prod/assets/GroupMemberGrid-CJ5p57R8.js                                     1.03 kB
dist-prod/assets/processInstance-CunrSBe_.js                                     1.04 kB
dist-prod/assets/plan-ilqc3qef.js                                                1.05 kB
dist-prod/assets/songInfo-CYhIGiXK.js                                            1.05 kB
dist-prod/assets/WorkItemStatusSelect-CckBK5dq.js                                1.06 kB
dist-prod/assets/limitConfig-s7ud3MYk.js                                         1.07 kB
dist-prod/assets/calendar-BqKGWDtS.js                                            1.08 kB
dist-prod/assets/TabBar-CMJTXxyF.js                                              1.08 kB
dist-prod/assets/MailTemplateSelect-0x2sv4id.js                                  1.08 kB
dist-prod/assets/SmsTemplateSelect-DycS1FGy.js                                   1.09 kB
dist-prod/assets/NotifyTemplateSelect-DPrZLuA6.js                                1.09 kB
dist-prod/assets/ImageViewer-1nMsaO_W.js                                         1.09 kB
dist-prod/assets/month-record-B804xc58.js                                        1.09 kB
dist-prod/assets/SearchBar-COhb_itT.js                                           1.09 kB
dist-prod/assets/ProductBrowsingHistory-BPNkifn3.js                              1.10 kB
dist-prod/assets/ItemCategorySelect-BShdi17Y.js                                  1.11 kB
dist-prod/assets/MenuGrid-DtyKs5AG.js                                            1.11 kB
dist-prod/assets/ProductCategorySelect-BuChvr8B.js                               1.11 kB
dist-prod/assets/subject-BVfG-blx.js                                             1.11 kB
dist-prod/assets/DictTag-CGtiv2kD.js                                             1.11 kB
dist-prod/assets/resourceRequest-D1wxIfsW.js                                     1.11 kB
dist-prod/assets/ProcessInstanceBpmnViewer-jFizZ1ny.js                           1.12 kB
dist-prod/assets/decorate-DFgA-Yp1.js                                            1.12 kB
dist-prod/assets/Demo03CourseList-aTWTxZR9.js                                    1.12 kB
dist-prod/assets/MenuList-Cr9KkIZn.js                                            1.13 kB
dist-prod/assets/ImageTable-ZeMWw_53.js                                          1.13 kB
dist-prod/assets/MemberTerminalCard-CdJ_jd-V.js                                  1.14 kB
dist-prod/assets/HrmPerformanceRaterLevelSelect-CtxTsCcB.js                      1.14 kB
dist-prod/assets/faceStore-CXAReDCQ.js                                           1.14 kB
dist-prod/assets/mode-DwEYmTCX.js                                                1.14 kB
dist-prod/assets/download-BoyulgRb.js                                            1.14 kB
dist-prod/assets/MemberLevelSelect-BX_xbxV_.js                                   1.15 kB
dist-prod/assets/Demo03GradeList-BUS3CAP2.js                                     1.15 kB
dist-prod/assets/format-CcmUDXKW.js                                              1.15 kB
dist-prod/assets/SalaryPayrollReadinessEmployeeList-Cm_FFpjY.js                  1.16 kB
dist-prod/assets/index-BXE3nO08.js                                               1.16 kB
dist-prod/assets/contact-Bh5nvzX9.js                                             1.17 kB
dist-prod/assets/songCard-B-PaxHBf.js                                            1.17 kB
dist-prod/assets/detail-YIRKktji.js                                              1.17 kB
dist-prod/assets/product-Ca8chPG8.js                                             1.18 kB
dist-prod/assets/RecruitCandidateMaterialFiles-Cr-gGThX.js                       1.18 kB
dist-prod/assets/EmojiSelectPopover-BOtVsdHn.js                                  1.18 kB
dist-prod/assets/ProjectMemberSelect-CtPbNa9v.js                                 1.18 kB
dist-prod/assets/codegen-CMHx7W_G.js                                             1.18 kB
dist-prod/assets/EmployeeSalarySocialSecurity-DacLgwPb.js                        1.18 kB
dist-prod/assets/WorkItemSelect-DfmEYhvq.js                                      1.19 kB
dist-prod/assets/Error-B5_HhCVn.js                                               1.19 kB
dist-prod/assets/preload-helper-Czpn1I53.js                                      1.19 kB
dist-prod/assets/FmsReportPrintButton-Bm0dGgn3.js                                1.19 kB
dist-prod/assets/property-mwUKFJ0w.js                                            1.20 kB
dist-prod/assets/GroupMember-nAptRscN.js                                         1.20 kB
dist-prod/assets/user-CClbChAH.js                                                1.20 kB
dist-prod/assets/FollowUpRecordBusinessForm-DraUsa9p.js                          1.21 kB
dist-prod/assets/IterationSelect-TXYykdIh.js                                     1.21 kB
dist-prod/assets/ContactDetailsHeader-z7RA901X.js                                1.21 kB
dist-prod/assets/useCalendar-BLZ9rUsl.js                                         1.21 kB
dist-prod/assets/LoginFormTitle-DsMBpXOK.js                                      1.22 kB
dist-prod/assets/main-DBQUdJal.js                                                1.22 kB
dist-prod/assets/item-BAlnAZAb.js                                                1.23 kB
dist-prod/assets/workitem-D19nt3_E.js                                            1.23 kB
dist-prod/assets/GroupSizeChart-CiDiv28x.js                                      1.24 kB
dist-prod/assets/ProjectCollaborationConfig-BIMtxfM8.js                          1.24 kB
dist-prod/assets/ContentWrap-gWN9Crw5.js                                         1.24 kB
dist-prod/assets/TimeSummaryChart-twaQdIaR.js                                    1.25 kB
dist-prod/assets/TmToolTypeList-B0CtV4qH.js                                      1.25 kB
dist-prod/assets/main-BHr9iWVs.js                                                1.26 kB
dist-prod/assets/task-CjDOmmC2.js                                                1.26 kB
dist-prod/assets/rolldown-runtime-DAXXjFlN.js                                    1.26 kB
dist-prod/assets/useApi-DtucMc-S-BmSBH_-Z.js                                     1.27 kB
dist-prod/assets/property-WWpQYZth.js                                            1.27 kB
dist-prod/assets/BatchTraceDetailList-DybPNgBA.js                                1.27 kB
dist-prod/assets/merge-LWMsgGiW.js                                               1.28 kB
dist-prod/assets/channelStore-DNV4xqxi.js                                        1.28 kB
dist-prod/assets/DeptSelect-BAsKBp76.js                                          1.29 kB
dist-prod/assets/color-Bni5o3g3.js                                               1.29 kB
dist-prod/assets/main-D1VAw_Hj.js                                                1.29 kB
dist-prod/assets/OperateLogV2-DCA2JQV-.js                                        1.29 kB
dist-prod/assets/assessment-BYdqq8kl.js                                          1.30 kB
dist-prod/assets/index-D2-8urdl.js                                               1.31 kB
dist-prod/assets/MdItemTypeTree-JtschAPV.js                                      1.31 kB
dist-prod/assets/constants-BN9aiDkW.js                                           1.31 kB
dist-prod/assets/detail-BWmFtcq8.js                                              1.31 kB
dist-prod/assets/MessageTypeChart-CGboWUkL.js                                    1.31 kB
dist-prod/assets/main-C7rh0Tb8.js                                                1.31 kB
dist-prod/assets/MachineryTypeTree-DidODJnL.js                                   1.31 kB
dist-prod/assets/FmsVoucherShortcutHelp-DW4LWo4z.js                              1.32 kB
dist-prod/assets/SalaryTaxRuleSelect-Db21w4p_.js                                 1.32 kB
dist-prod/assets/InsuranceSchemeSelect-mA_LXs8l.js                               1.32 kB
dist-prod/assets/useMessage-CN4S_u0J.js                                          1.32 kB
dist-prod/assets/customer-BIEjWSMb.js                                            1.32 kB
dist-prod/assets/DeviceDetailsThingModel-Ce4FQh-V.js                             1.33 kB
dist-prod/assets/PictureSelectUpload-B-B4FpGv.js                                 1.33 kB
dist-prod/assets/SalaryChangeOptionSelect-DdQAwI_K.js                            1.33 kB
dist-prod/assets/property-BrC953J1.js                                            1.33 kB
dist-prod/assets/picture-CIeSYFIh.js                                             1.34 kB
dist-prod/assets/QrCodeForm-Q23ylyya.js                                          1.34 kB
dist-prod/assets/EmployeeBasicInfo-DZwOPB7K.js                                   1.34 kB
dist-prod/assets/FmsLedgerPrintButton-Db93efzO.js                                1.34 kB
dist-prod/assets/WarehouseSelect-Rhmqw02A.js                                     1.34 kB
dist-prod/assets/ItemBrandSelect-CrNcayh6.js                                     1.34 kB
dist-prod/assets/KnowledgeLibrarySelect-C3Wxrzhg.js                              1.35 kB
dist-prod/assets/SalaryOptionSelect-DdRLL5m4.js                                  1.35 kB
dist-prod/assets/HomeWorkOrderChart-CEMyro7Z.js                                  1.36 kB
dist-prod/assets/Pagination-5B2LmJWC.js                                          1.36 kB
dist-prod/assets/WorkOrderItemList-DKPalkKJ.js                                   1.36 kB
dist-prod/assets/MemberTagSelect-CYrobR6J.js                                     1.37 kB
dist-prod/assets/UploadFile-xyExaU3-.js                                          1.37 kB
dist-prod/assets/BusinessDetailsHeader-DbNzSCvp.js                               1.38 kB
dist-prod/assets/ProcessDesign-DJ4pRVz3.js                                       1.38 kB
dist-prod/assets/RecruitEliminateReasonSelect-rj1CFpTw.js                        1.38 kB
dist-prod/assets/FriendItem-U-2ROLyt.js                                          1.39 kB
dist-prod/assets/Carousel-CgNOwtMI.js                                            1.39 kB
dist-prod/assets/AreaSelect-BYC2_nsP.js                                          1.39 kB
dist-prod/assets/ReceivableDetailsHeader-ByzXhJW1.js                             1.39 kB
dist-prod/assets/css-BGbNBXuL.js                                                 1.40 kB
dist-prod/assets/TopSendersChart-BStpsU5o.js                                     1.41 kB
dist-prod/assets/FmsVoucherTemplateCategorySelect-BPYd8Zf-.js                    1.41 kB
dist-prod/assets/home-Cap0rleZ.js                                                1.41 kB
dist-prod/assets/MagicCube-C5vNRigz.js                                           1.41 kB
dist-prod/assets/area-CzfneZjx.js                                                1.41 kB
dist-prod/assets/SalaryChangeTemplateSelect-C2tNyefk.js                          1.41 kB
dist-prod/assets/MemberStatisticsCard-BrCM30Jy.js                                1.42 kB
dist-prod/assets/ContractDetailsHeader-fIhx9266.js                               1.43 kB
dist-prod/assets/CalendarLegend-m0fAK0rX.js                                      1.44 kB
dist-prod/assets/detail-BXPNU4oV.js                                              1.45 kB
dist-prod/assets/DraftTable-B6QFMt7l.js                                          1.45 kB
dist-prod/assets/time-C9PdUb94.js                                                1.46 kB
dist-prod/assets/DataDefinition-DjRjffSK.js                                      1.46 kB
dist-prod/assets/CardBubble-BEf4nQsx.js                                          1.47 kB
dist-prod/assets/ClueDetailsHeader-CK5duWqc.js                                   1.47 kB
dist-prod/assets/customer-CJ71bWBj.js                                            1.47 kB
dist-prod/assets/TradeStatisticValue-BXZ3IQtC.js                                 1.47 kB
dist-prod/assets/ProductSelector-CKsMS0UK.js                                     1.47 kB
dist-prod/assets/ThingModelTSL-0svUAvua.js                                       1.48 kB
dist-prod/assets/team-CeOqnqwi.js                                                1.48 kB
dist-prod/assets/ThingModelEvent-DXV_T7Cz.js                                     1.48 kB
dist-prod/assets/PagedScroller-DAxNARv6.js                                       1.49 kB
dist-prod/assets/DeptTreeSelect-DHq_wB3w.js                                      1.49 kB
dist-prod/assets/FmsPrintPreview-C19u9qpx.js                                     1.49 kB
dist-prod/assets/GroupList-CL9v6HZj.js                                           1.50 kB
dist-prod/assets/Demo03GradeForm-WsEh8zfV.js                                     1.50 kB
dist-prod/assets/KeyValueEditor-sR6g2IkH.js                                      1.52 kB
dist-prod/assets/desc-C3o8CwM7.js                                                1.52 kB
dist-prod/assets/FloatingActionButton-DqRo9bZX.js                                1.52 kB
dist-prod/assets/UserAddressList-BFfEO7kk.js                                     1.52 kB
dist-prod/assets/detail-BhLBqiYP.js                                              1.52 kB
dist-prod/assets/square-ake5tfWu.js                                              1.53 kB
dist-prod/assets/zh-cn-D9lOp1Gw.js                                               1.53 kB
dist-prod/assets/LoginLogDetail-B50BVKUK.js                                      1.53 kB
dist-prod/assets/CustomerDetailsHeader-KdervhkY.js                               1.53 kB
dist-prod/assets/statistics-OgliQjqK.js                                          1.53 kB
dist-prod/assets/css-C7z25x81.js                                                 1.54 kB
dist-prod/assets/MerchantSelect-BlrjNRg5.js                                      1.55 kB
dist-prod/assets/ItemCategoryTree-p48cl43y.js                                    1.55 kB
dist-prod/assets/Demo03GradeForm-DwpE-4Op.js                                     1.55 kB
dist-prod/assets/DescriptionForm-CRydnK97.js                                     1.55 kB
dist-prod/assets/SalaryMonthRecordDetailsInfo-BrTs8c6U.js                        1.56 kB
dist-prod/assets/MyNotifyMessageDetail-B3BMXt_5.js                               1.56 kB
dist-prod/assets/NavigationBar-D-b1DbUs.js                                       1.57 kB
dist-prod/assets/ComparisonCard-Brkr_S0w.js                                      1.57 kB
dist-prod/assets/RoleSelect-o8HDxaLg.js                                          1.58 kB
dist-prod/assets/GroupAvatar-DOkRJT_y.js                                         1.58 kB
dist-prod/assets/ledger-Bp-EAxVf.js                                              1.59 kB
dist-prod/assets/kefu-DfBHeJMh.js                                                1.59 kB
dist-prod/assets/FollowUpRecordContactForm-BOyFdC2d.js                           1.59 kB
dist-prod/assets/FmsSubjectSelect-Br9zJSxx.js                                    1.59 kB
dist-prod/assets/ReceivablePlanDetailsHeader-DGnP9pjs.js                         1.60 kB
dist-prod/assets/ProductDetailsInfo-BidqDfWW.js                                  1.60 kB
dist-prod/assets/TitleBar-CD6_Tp0M.js                                            1.60 kB
dist-prod/assets/UserSelect-COQJuQoE.js                                          1.60 kB
dist-prod/assets/css-BenpABrr.js                                                 1.61 kB
dist-prod/assets/EmployeeArchiveFieldConfig-CUwpTkQ-.js                          1.61 kB
dist-prod/assets/FmsAuxiliaryTypeSelect-CBE9i1zD.js                              1.61 kB
dist-prod/assets/GroupMemberItem-DXr7zkqd.js                                     1.61 kB
dist-prod/assets/AndonConfigSelect-BUt5jHO9.js                                   1.62 kB
dist-prod/assets/UserView-B8BVFRtj.js                                            1.62 kB
dist-prod/assets/PerformanceAssessmentTemplateSelect-D-DSe1or.js                 1.62 kB
dist-prod/assets/config-CqLnc6Ty.js                                              1.62 kB
dist-prod/assets/VoiceTable-BKUdkIGv.js                                          1.63 kB
dist-prod/assets/ComparisonCard-BiGECu56.js                                      1.63 kB
dist-prod/assets/share-CYys8qRM.js                                               1.64 kB
dist-prod/assets/FmsCurrencySelect-DORlo1nZ.js                                   1.64 kB
dist-prod/assets/ItemConsumeList-D031_qEm.js                                     1.67 kB
dist-prod/assets/OrderUpdateRemarkForm-CAXHOeoq.js                               1.67 kB
dist-prod/assets/FmsAuxiliaryItemSelect-CpYEkf-X.js                              1.68 kB
dist-prod/assets/ProductDetailsHeader-xT_eYwQI.js                                1.69 kB
dist-prod/assets/RecruitPostSelect-BhFddxp6.js                                   1.69 kB
dist-prod/assets/ThingModelService-CTOyPRVs.js                                   1.70 kB
dist-prod/assets/home-BiMPY9Jx.js                                                1.70 kB
dist-prod/assets/DeptDetailsInfo-CBZMoZwm.js                                     1.70 kB
dist-prod/assets/TeamView-DFL93X2C.js                                            1.70 kB
dist-prod/assets/GroupMemberRemoveDialog-C64euriO.js                             1.70 kB
dist-prod/assets/css-CJzJOPb_.js                                                 1.71 kB
dist-prod/assets/RecruitChannelSelect-B7FZkUNO.js                                1.71 kB
dist-prod/assets/ShortcutDateRangePicker-DL-uONKI.js                             1.71 kB
dist-prod/assets/AfterSaleDisagreeForm-VXng9th8.js                               1.71 kB
dist-prod/assets/UserAccountInfo-CshnjH3q.js                                     1.71 kB
dist-prod/assets/kefu-CVYUgw7k.js                                                1.71 kB
dist-prod/assets/el-aside-DDJgFJQ7.js                                            1.72 kB
dist-prod/assets/hr-WRHEc_dD.js                                                  1.72 kB
dist-prod/assets/DeptDetailsHeader-D_M_4h8k.js                                   1.72 kB
dist-prod/assets/TypeView-C-xGEOOS.js                                            1.72 kB
dist-prod/assets/UserBalanceList-CwD2dNx4.js                                     1.72 kB
dist-prod/assets/MqttConfigForm-CYkyTDOO.js                                      1.73 kB
dist-prod/assets/KafkaMQConfigForm-CHtvBzu7.js                                   1.73 kB
dist-prod/assets/ProductItem-DY6rJZjz.js                                         1.74 kB
dist-prod/assets/MentionModal-Cb4Wq8zu.js                                        1.74 kB
dist-prod/assets/VideoTable-DFAAk1Bk.js                                          1.74 kB
dist-prod/assets/property-B3iCb0qd2.js                                           1.74 kB
dist-prod/assets/home-C2uI-1-_.js                                                1.74 kB
dist-prod/assets/FmsAccountSetGuide-ByMwAV8H.js                                  1.75 kB
dist-prod/assets/FriendList-CSojT_2b.js                                          1.75 kB
dist-prod/assets/GroupBanForm-DbQtfSFL.js                                        1.76 kB
dist-prod/assets/Index-BSJ35FCw.js                                               1.77 kB
dist-prod/assets/ReplyForm-BKmNdsSW.js                                           1.77 kB
dist-prod/assets/EmployeeSalaryInfo-Bxz6WEbV.js                                  1.78 kB
dist-prod/assets/MenuSwiper-pBX8vAcZ.js                                          1.78 kB
dist-prod/assets/SummaryCard-dLqXAvLC.js                                         1.79 kB
dist-prod/assets/css-D-VH1UaL.js                                                 1.79 kB
dist-prod/assets/property-_gtdABbS.js                                            1.79 kB
dist-prod/assets/detail-CrtAvhZK.js                                              1.80 kB
dist-prod/assets/format-C3VImoQr.js                                              1.80 kB
dist-prod/assets/AreaForm-T7zyxcsq.js                                            1.81 kB
dist-prod/assets/GroupRequestPending-CBHcsf83.js                                 1.81 kB
dist-prod/assets/HomeProductionTrend-BT0WXUH_.js                                 1.81 kB
dist-prod/assets/ContextMenu-BL4kNBxR.js                                         1.82 kB
dist-prod/assets/RedisStreamConfigForm-BBLmsb1K.js                               1.82 kB
dist-prod/assets/RecruitCandidateInterviewList-JIhV7tHe.js                       1.82 kB
dist-prod/assets/MdItemTypeSelect-C1UxHEvs.js                                    1.82 kB
dist-prod/assets/employee-BD4FSUTu.js                                            1.82 kB
dist-prod/assets/RtcCallMemberPickerDialog-D1wT_vHr.js                           1.83 kB
dist-prod/assets/performance-CYXgiC6O.js                                         1.84 kB
dist-prod/assets/DvMachineryTypeSelect-2ke3_mT8.js                               1.84 kB
dist-prod/assets/OutsourceIssueDetailList-CvBJezmQ.js                            1.84 kB
dist-prod/assets/ProductReceiptDetailList-CfKgH9Ui.js                            1.84 kB
dist-prod/assets/WorkItemActivity-BULtHB02.js                                    1.84 kB
dist-prod/assets/ItemReceiptDetailList-BQMe2L94.js                               1.85 kB
dist-prod/assets/DeviceSelector-CVYHQrKI.js                                      1.85 kB
dist-prod/assets/PerformanceProcessRecordTimeline-CZ9k6Ya9.js                    1.85 kB
dist-prod/assets/ShortcutCard-Di0Q_QKj.js                                        1.85 kB
dist-prod/assets/BusinessProductList-CtAN8pmi.js                                 1.86 kB
dist-prod/assets/ContractProductList-CFQPYC6H.js                                 1.86 kB
dist-prod/assets/InsuranceFirstMonthForm-DvjJlTEf.js                             1.86 kB
dist-prod/assets/TransferDetailList-CaqRZb3p.js                                  1.86 kB
dist-prod/assets/ClientProductSalesLineList-wFvnQZ_H.js                          1.86 kB
dist-prod/assets/ProductSalesRank-BoPtyPbC.js                                    1.87 kB
dist-prod/assets/KnowledgeDocumentCreateForm-CyqKQ7pS.js                         1.87 kB
dist-prod/assets/VendorItemReceiptLineList-C3PLhPyM.js                           1.87 kB
dist-prod/assets/FollowCountRank-3Y-UDlz5.js                                     1.88 kB
dist-prod/assets/SalarySlipDetail-CsIIf4Ym.js                                    1.88 kB
dist-prod/assets/OperateLogDetail-BevBHGTc.js                                    1.89 kB
dist-prod/assets/DeviceCountCard-D4toF4qj.js                                     1.90 kB
dist-prod/assets/RecruitPostDetailsHeader-CDNHJUan.js                            1.90 kB
dist-prod/assets/format-DV5A1Acm.js                                              1.90 kB
dist-prod/assets/EmployeeDetailsHeader-Xb3hh9dm.js                               1.90 kB
dist-prod/assets/fms-DKasw1MT.js                                                 1.90 kB
dist-prod/assets/ContractCountRank-2fkq21dP.js                                   1.90 kB
dist-prod/assets/OtherForm-BOFccre6.js                                           1.90 kB
dist-prod/assets/ReturnIssueDetailList-BVOaNkmd.js                               1.90 kB
dist-prod/assets/ResizableAside-BL-HHqh6.js                                      1.90 kB
dist-prod/assets/ReturnSalesDetailList-D_xlauYI.js                               1.90 kB
dist-prod/assets/CustomerCountRank-DnO5JHP-.js                                   1.91 kB
dist-prod/assets/JobLogDetail-DZugx0n6.js                                        1.91 kB
dist-prod/assets/UserTrendChart-DgX3yhig.js                                      1.91 kB
dist-prod/assets/ContactCountRank-BGVGTtLX.js                                    1.92 kB
dist-prod/assets/GroupOwnerTransferDialog-DEu-g1nF.js                            1.92 kB
dist-prod/assets/FollowCustomerCountRank-r1CR_ZsJ.js                             1.92 kB
dist-prod/assets/constants-JhSNJ5TJ.js                                           1.92 kB
dist-prod/assets/AlertConfig--RcGHiYx.js                                         1.92 kB
dist-prod/assets/MessageFiles-npj0XcJV.js                                        1.92 kB
dist-prod/assets/ProductIssueDetailList-V3NhUz46.js                              1.92 kB
dist-prod/assets/ReturnVendorDetailList-CW9M460E.js                              1.92 kB
dist-prod/assets/TagForm-BIFigsJf.js                                             1.92 kB
dist-prod/assets/EmployeeInsuranceSchemeForm-wBDMFRxH.js                         1.93 kB
dist-prod/assets/ProductProduceList-DuaL7Oq2.js                                  1.93 kB
dist-prod/assets/ProductSalesDetailList-C5Q6f5IL.js                              1.93 kB
dist-prod/assets/AttendanceGroupWifiForm-DWNEMfOi.js                             1.93 kB
dist-prod/assets/RecruitCandidateDetailsHeader-BfVBcyod.js                       1.93 kB
dist-prod/assets/WalletTransactionList-B3qtP373.js                               1.93 kB
dist-prod/assets/AttendanceLeaveProcessDetail-u9eVpoSq.js                        1.94 kB
dist-prod/assets/UserAvatar-BN9V1dmu.js                                          1.94 kB
dist-prod/assets/edit-BOOizMJT.js                                                1.94 kB
dist-prod/assets/CustomerDistributeForm-CyCb_FVy.js                              1.95 kB
dist-prod/assets/EmployeeCreateFieldConfig-BKPW75pT.js                           1.95 kB
dist-prod/assets/EmployeeInsuranceInfo-C_guN3l2.js                               1.95 kB
dist-prod/assets/voucher-otULHiWY.js                                             1.96 kB
dist-prod/assets/IterationStartForm-Czjl5d85.js                                  1.96 kB
dist-prod/assets/assessment-BUwnTMVV.js                                          1.96 kB
dist-prod/assets/RocketMQConfigForm-DD3jmk8w.js                                  1.96 kB
dist-prod/assets/FmsTrialBalanceDialog-tUjLa2f_.js                               1.96 kB
dist-prod/assets/GroupInfoCard-Dg-2yB7H.js                                       1.96 kB
dist-prod/assets/PerformancePlanIndicatorForm-5UArZaGm.js                        1.97 kB
dist-prod/assets/ContractPriceRank-D9B3oJ1X.js                                   1.97 kB
dist-prod/assets/BrokerageWithdrawRejectForm-CrHrZUrb.js                         1.97 kB
dist-prod/assets/SkuTableSelect-CHyZhD09.js                                      1.97 kB
dist-prod/assets/UserInfoCard-CQyyUJ-x.js                                        1.98 kB
dist-prod/assets/GroupAdminSetDialog-pvvqSulT.js                                 1.98 kB
dist-prod/assets/FmsVoucherAttachmentForm-CQoOURk8.js                            1.98 kB
dist-prod/assets/erp-w_wYx7Fq.js                                                 1.98 kB
dist-prod/assets/ReceivablePriceRank-CbEA4osB.js                                 1.99 kB
dist-prod/assets/SalaryPayrollReadinessAlert-DYTrXIqT.js                         1.99 kB
dist-prod/assets/RecruitCandidatePostListForm-qvoji0i3.js                        2.00 kB
dist-prod/assets/MsgEvent-nJBX6ss3.js                                            2.00 kB
dist-prod/assets/EmployeeSalaryCardInfo-CY4r5O0y.js                              2.01 kB
dist-prod/assets/opening-guide-N8_fZCKP.js                                       2.01 kB
dist-prod/assets/NotifyMessageDetail-eSeZvHZX.js                                 2.02 kB
dist-prod/assets/Right-Cl3jt9vC.js                                               2.02 kB
dist-prod/assets/device-BgFBHn2N.js                                              2.02 kB
dist-prod/assets/FmsAuxiliaryTypeForm-c4OWeKlH.js                                2.03 kB
dist-prod/assets/RecruitCandidateChannelListForm-Bmii_7P6.js                     2.03 kB
dist-prod/assets/SocialUserDetail-DgaRkgRp.js                                    2.03 kB
dist-prod/assets/HomeShortcuts-7QmHpTdW.js                                       2.04 kB
dist-prod/assets/Left-CmVPAVNV.js                                                2.04 kB
dist-prod/assets/VendorItemReceiptList-CRaDdbXM.js                               2.04 kB
dist-prod/assets/PerformancePlanAssessmentAddForm-BpjFlQZX.js                    2.05 kB
dist-prod/assets/AttendanceGroupSpecialDateForm-OtlH0wMD.js                      2.05 kB
dist-prod/assets/DeviceDetailsHeader-DuxB6s-N.js                                 2.05 kB
dist-prod/assets/Draggable-CLiA7P97.js                                           2.05 kB
dist-prod/assets/archive-3e41MSCI.js                                             2.06 kB
dist-prod/assets/BargainRecordListDialog-C2Cdop5U.js                             2.07 kB
dist-prod/assets/DeviceGroupForm-qNke7TMx.js                                     2.07 kB
dist-prod/assets/FmsVoucherTemplateCategoryForm-jPUzvzhU.js                      2.07 kB
dist-prod/assets/ClientProductSalesList-B1682UqC.js                              2.08 kB
dist-prod/assets/InsuranceAddEmployeeForm-CDvXmkta.js                            2.08 kB
dist-prod/assets/RtcCallParticipantTile-Bxupo4Kj.js                              2.08 kB
dist-prod/assets/FmsDigestForm-CkVug8KJ.js                                       2.09 kB
dist-prod/assets/BasicInfo-CFW1bAz9.js                                           2.09 kB
dist-prod/assets/css-w-7FS6GW2.js                                                2.09 kB
dist-prod/assets/WorkItemLabelForm-BfJvGJxo.js                                   2.09 kB
dist-prod/assets/KnowledgeSegmentForm-CSo3jmm5.js                                2.10 kB
dist-prod/assets/EmployeeContactList-B7TpZwjX.js                                 2.10 kB
dist-prod/assets/JobDetail-Cw3okjoa.js                                           2.10 kB
dist-prod/assets/detail-BWSWOliv.js                                              2.10 kB
dist-prod/assets/tree-DzVeUbel.js                                                2.11 kB
dist-prod/assets/MessageTrendChart-CFuGBbCH.js                                   2.11 kB
dist-prod/assets/KnowledgeFolderForm-D_pRc0qJ.js                                 2.12 kB
dist-prod/assets/GroupMuteMemberDialog-C9Ib34Dg.js                               2.12 kB
dist-prod/assets/Index-DJ6ENDRM.js                                               2.12 kB
dist-prod/assets/config-CuY-jLY9.js                                              2.12 kB
dist-prod/assets/WmSnGenerateForm-Sp-kShaH.js                                    2.13 kB
dist-prod/assets/FileForm-B2RIYMVp.js                                            2.13 kB
dist-prod/assets/TaskEvidenceCell-CON-yARk.js                                    2.13 kB
dist-prod/assets/ProductCategorySummary-hwWXC6XJ.js                              2.13 kB
dist-prod/assets/PropertyForm-BbRpkP_f.js                                        2.14 kB
dist-prod/assets/CalTeamSelect-CYEyxArU.js                                       2.15 kB
dist-prod/assets/MessageKnowledge-CxaGRU9n.js                                    2.15 kB
dist-prod/assets/HrmTeamOverview-C7VzZTOT.js                                     2.16 kB
dist-prod/assets/HrmHomeRecruitSurvey-CiNzWO7L.js                                2.16 kB
dist-prod/assets/FilePreview-CwgAbmon.js                                         2.17 kB
dist-prod/assets/index-BDKpEMRe.js                                               2.17 kB
dist-prod/assets/EmployeeQuitInfo-tM_0Fj-T.js                                    2.17 kB
dist-prod/assets/ReceivableDetailsInfo-B-53DTAy.js                               2.18 kB
dist-prod/assets/GroupCreateDialog-HwVPa8-Y.js                                   2.18 kB
dist-prod/assets/property-DcchXDdd.js                                            2.19 kB
dist-prod/assets/EditTable-GLwdI8DS.js                                           2.19 kB
dist-prod/assets/OutsourceReceiptDetailList-CXgh1QqR.js                          2.19 kB
dist-prod/assets/employee-B4plUKrZ.js                                            2.19 kB
dist-prod/assets/PrivateMessageDetail-C4BvPLEp.js                                2.20 kB
dist-prod/assets/PerformancePlanDetailsHeader-BsjpwieN.js                        2.20 kB
dist-prod/assets/OrderItem-BNBxGhty.js                                           2.20 kB
dist-prod/assets/SpuShowcase-CKOv9i_c.js                                         2.20 kB
dist-prod/assets/UserFavoriteList-TSOPt3QO.js                                    2.20 kB
dist-prod/assets/recycle-CJnV59-Q.js                                             2.21 kB
dist-prod/assets/property-B4GiZCRY.js                                            2.22 kB
dist-prod/assets/WmWarehouseSelect-Cybf0wq_.js                                   2.22 kB
dist-prod/assets/EmployeeSalaryChangeRecordList-D6nDST1L.js                      2.23 kB
dist-prod/assets/BatchTraceDetail-Dai7BoGG.js                                    2.23 kB
dist-prod/assets/detail-C1TlaXTi.js                                              2.24 kB
dist-prod/assets/SeckillShowcase-BxWU4Os2.js                                     2.24 kB
dist-prod/assets/WorkItemLabelList-CEVEqtry.js                                   2.24 kB
dist-prod/assets/DeliveryForm-CdO10Wlf.js                                        2.24 kB
dist-prod/assets/GroupSelect-lD-66w1a.js                                         2.25 kB
dist-prod/assets/detail-CmMP6YXL.js                                              2.25 kB
dist-prod/assets/PointShowcase-D97eAeAB.js                                       2.25 kB
dist-prod/assets/Msg-CfZ4mfhn.js                                                 2.26 kB
dist-prod/assets/CombinationShowcase-B7bHW1Bv.js                                 2.26 kB
dist-prod/assets/ProcessStep-CfPbrpqq.js                                         2.26 kB
dist-prod/assets/ProProcessSelect-Dn7NOijD.js                                    2.26 kB
dist-prod/assets/property-C45WXfTW.js                                            2.26 kB
dist-prod/assets/MachineryRepairList-CPx5DlLI.js                                 2.27 kB
dist-prod/assets/TagForm-Dtxb1OU1.js                                             2.27 kB
dist-prod/assets/KnowledgeLabelForm-DZzdIdo9.js                                  2.27 kB
dist-prod/assets/FmsHomeMetricCards-dnF6cZ0u.js                                  2.28 kB
dist-prod/assets/TmToolTypeSelect-Dkz3SwnW.js                                    2.28 kB
dist-prod/assets/HomeAlertPanel-BKQL4zLu.js                                      2.29 kB
dist-prod/assets/PortraitCustomerArea-DTMRuGRC.js                                2.29 kB
dist-prod/assets/ProcessInstanceSimpleViewer-D6QcteL8.js                         2.29 kB
dist-prod/assets/HrmTeamSurvey-D62z4ppF.js                                       2.30 kB
dist-prod/assets/home-BwS2hfTE.js                                                2.30 kB
dist-prod/assets/MdWorkshopSelect-BcRsau6B.js                                    2.30 kB
dist-prod/assets/MdClientSelect-Cz4i5dJL.js                                      2.30 kB
dist-prod/assets/MdVendorSelect-wZpkIfE4.js                                      2.30 kB
dist-prod/assets/TabNews-BxYJzvag.js                                             2.30 kB
dist-prod/assets/MdItemSelect-CWdF_ZMq.js                                        2.31 kB
dist-prod/assets/config-C6QAHJQN.js                                              2.31 kB
dist-prod/assets/ProCardSelect-3eHhAZMa.js                                       2.31 kB
dist-prod/assets/recent-5nz6bxIT.js                                              2.32 kB
dist-prod/assets/QcIndicatorSelect-C_M1O1Ax.js                                   2.32 kB
dist-prod/assets/FmsReportPeriodBar-KtyypQQW.js                                  2.32 kB
dist-prod/assets/PersonalNoteForm-BJa0u-BR.js                                    2.32 kB
dist-prod/assets/home-DuzEzk_C.js                                                2.34 kB
dist-prod/assets/Demo03CourseForm-3H2Llapj.js                                    2.34 kB
dist-prod/assets/BasicInfo-VtZJ7CjD.js                                           2.34 kB
dist-prod/assets/echarts-data-CsKWj-QU.js                                        2.35 kB
dist-prod/assets/lyric-P2Q0odqJ.js                                               2.35 kB
dist-prod/assets/HrmHomeEmployeeSurvey-98TURQrv.js                               2.35 kB
dist-prod/assets/HrmHomeSalarySurvey-CVCHGjmB.js                                 2.35 kB
dist-prod/assets/Demo03GradeForm-BPy5X0vi.js                                     2.36 kB
dist-prod/assets/freePublish-Dimxfeyy.js                                         2.36 kB
dist-prod/assets/ResetPwd-BJ2nHUFD.js                                            2.36 kB
dist-prod/assets/fetch-DAxXSa1E.js                                               2.36 kB
dist-prod/assets/ClosingSchemeCard-C5Rcw7LX.js                                   2.36 kB
dist-prod/assets/CustomerPoolSummary-B5z5Oq77.js                                 2.36 kB
dist-prod/assets/DvSubjectSelect-Dql62pEG.js                                     2.36 kB
dist-prod/assets/BasicInfoForm-09RRVvbk.js                                       2.36 kB
dist-prod/assets/BusinessDetailsInfo-CbXx62Re.js                                 2.37 kB
dist-prod/assets/PerformancePlanResultForm-CO5PsL4R.js                           2.38 kB
dist-prod/assets/CustomerFollowUpSummary-hmQslVZp.js                             2.38 kB
dist-prod/assets/BasicInfoSection-CN6ERXls.js                                    2.38 kB
dist-prod/assets/ProWorkOrderSelect-BhmbNCXa.js                                  2.38 kB
dist-prod/assets/WmWarehouseLocationSelect-CQwwdGG5.js                           2.38 kB
dist-prod/assets/EmployeeWorkExperienceList-CYB8WJ8X.js                          2.38 kB
dist-prod/assets/WmSalesNoticeSelect-RjcWPEqm.js                                 2.39 kB
dist-prod/assets/property-LuxLS36J.js                                            2.39 kB
dist-prod/assets/CustomerDealCycleByUser-BpaZkAaN.js                             2.39 kB
dist-prod/assets/UserSocial-BGq6fjQ4.js                                          2.39 kB
dist-prod/assets/ApiAccessLogDetail-CNjTcltb.js                                  2.40 kB
dist-prod/assets/CustomerDealCycleByArea-DfB8nOmB.js                             2.40 kB
dist-prod/assets/DvMachinerySelect-Cr7Kz2tC.js                                   2.40 kB
dist-prod/assets/ProjectAnnouncementForm-uROevgSU.js                             2.40 kB
dist-prod/assets/EmployeeTrainingExperienceList-DNzPNJCp.js                      2.40 kB
dist-prod/assets/WmArrivalNoticeSelect-DNqvFiQA.js                               2.40 kB
dist-prod/assets/CustomerFollowUpType-BCqAOmM5.js                                2.41 kB
dist-prod/assets/Demo03CourseForm-BTScUKF_.js                                    2.41 kB
dist-prod/assets/UserForm-xIQ5npCP.js                                            2.41 kB
dist-prod/assets/Demo03CourseForm-DzWMRnrL.js                                    2.41 kB
dist-prod/assets/EmployeeCertificateList-Dktzdzdd.js                             2.41 kB
dist-prod/assets/WorkItemStatusDeleteForm-B_E243AX.js                            2.41 kB
dist-prod/assets/DiyPageForm-DnmVSCj5.js                                         2.42 kB
dist-prod/assets/WmWarehouseAreaSelect-RdosWM16.js                               2.42 kB
dist-prod/assets/UserAssignRoleForm-qaT18IpX.js                                  2.43 kB
dist-prod/assets/QcIndicatorResultList-C2r4yTqZ.js                               2.43 kB
dist-prod/assets/WmBatchSelect-Bgr5L8hm.js                                       2.43 kB
dist-prod/assets/WmPackageSelect-QrjykKFr.js                                     2.43 kB
dist-prod/assets/ProjectGroupForm-vsy-Yzvq.js                                    2.43 kB
dist-prod/assets/RecruitChannelDeleteForm-DRftoSbo.js                            2.43 kB
dist-prod/assets/ItemBrandForm-Bi3j75ms.js                                       2.44 kB
dist-prod/assets/CustomerDealCycleByProduct-ca8X_opS.js                          2.44 kB
dist-prod/assets/CountTo-D4IKaXYU.js                                             2.44 kB
dist-prod/assets/RabbitMQConfigForm-WG9zdzNj.js                                  2.44 kB
dist-prod/assets/DiyTemplateForm-Z5Tove9m.js                                     2.44 kB
dist-prod/assets/MdWorkstationSelect-C0Da-gqY.js                                 2.45 kB
dist-prod/assets/ProfileUser-C1da8GbO.js                                         2.45 kB
dist-prod/assets/ApiErrorLogDetail-zuWSFzV4.js                                   2.45 kB
dist-prod/assets/LocaleDropdown-BtFXlNq-.js                                      2.45 kB
dist-prod/assets/MdUnitMeasureSelect-Dy-_VrWm.js                                 2.45 kB
dist-prod/assets/AttendanceClockDailyDetail-BjJwd55a.js                          2.45 kB
dist-prod/assets/BusinessUpdateStatusForm-CIW35zPM.js                            2.46 kB
dist-prod/assets/GroupMemberAddDialog-BlOh6PMl.js                                2.46 kB
dist-prod/assets/FmsInitialAssistForm-D5ctnAb5.js                                2.46 kB
dist-prod/assets/ValueForm-BGtu40gG.js                                           2.47 kB
dist-prod/assets/TmToolSelect-D2LLOl39.js                                        2.47 kB
dist-prod/assets/WmSnDetailDialog-B4ZMi3jY.js                                    2.47 kB
dist-prod/assets/eliminate-C1X0Pwvl.js                                           2.47 kB
dist-prod/assets/ToolBar-B3u-DJZ9.js                                             2.48 kB
dist-prod/assets/ProductList-B20e3Rcj.js                                         2.48 kB
dist-prod/assets/KnowledgeGroupForm-BizAzp20.js                                  2.48 kB
dist-prod/assets/EmployeeChangeRecordList-PkXH1X21.js                            2.49 kB
dist-prod/assets/CalendarDateCell-R0uYkuks.js                                    2.50 kB
dist-prod/assets/store-DB2vvOXS.js                                               2.50 kB
dist-prod/assets/OperationDataCard-BhEw-yBh.js                                   2.50 kB
dist-prod/assets/RecruitCandidateStatusListForm-ezJYfzm9.js                      2.50 kB
dist-prod/assets/HttpConfigForm-DOhALMBd.js                                      2.51 kB
dist-prod/assets/ProductCategoryForm-BOqG07ul.js                                 2.51 kB
dist-prod/assets/tagsView-Cvd1KPsd.js                                            2.51 kB
dist-prod/assets/StockTakingPlanSelect-C6iX9Aye.js                               2.52 kB
dist-prod/assets/css-CZrB-ElG.js                                                 2.52 kB
dist-prod/assets/ProductUnitForm-CDEKj_fF.js                                     2.52 kB
dist-prod/assets/FmsHomeShortcuts-C23EQFV3.js                                    2.52 kB
dist-prod/assets/property-DNhFhiV8.js                                            2.52 kB
dist-prod/assets/CombinationRecordListDialog-BtbUgRwv.js                         2.52 kB
dist-prod/assets/HrmHomeTodoSurvey-QSjt4DJ6.js                                   2.52 kB
dist-prod/assets/home-BEn6Eyyo.js                                                2.53 kB
dist-prod/assets/DvCheckPlanSelect-B9kfznqg.js                                   2.53 kB
dist-prod/assets/MdProductBomSelect-BT8LvVp_.js                                  2.54 kB
dist-prod/assets/ProTaskSelect-4TjZhJbb.js                                       2.54 kB
dist-prod/assets/SalaryChangeTemplateForm-3jrm-4fm.js                            2.54 kB
dist-prod/assets/CoverSelect-BZ-uJyjR.js                                         2.54 kB
dist-prod/assets/PerformancePlanHandlerStageForm-DTw0GRRE.js                     2.54 kB
dist-prod/assets/RoleList-BWcGHpkc.js                                            2.54 kB
dist-prod/assets/WmSalesNoticeLineSelect-CkbtRAa2.js                             2.55 kB
dist-prod/assets/KnowledgeLabelManageDialog-BlRjUwyi.js                          2.55 kB
dist-prod/assets/dianzan-CxGJcrZc.js                                             2.55 kB
dist-prod/assets/ProductPropertyAddForm-CdeUDwOA.js                              2.56 kB
dist-prod/assets/ReplyForm-BuKsQIQ8.js                                           2.57 kB
dist-prod/assets/WmArrivalNoticeLineSelect-D-uf1Cw5.js                           2.57 kB
dist-prod/assets/SalaryEmployeeInfoDetails-CMgN3e02.js                           2.58 kB
dist-prod/assets/MachineryCheckRecordList-BFselOSw.js                            2.58 kB
dist-prod/assets/DeviceDetailConfig-CeAitXhN.js                                  2.59 kB
dist-prod/assets/useCrudSchemas-5w2J41ty.js                                      2.59 kB
dist-prod/assets/HolidayForm-sPTdO0vK.js                                         2.59 kB
dist-prod/assets/ContractSummary-a-4FlYXL.js                                     2.59 kB
dist-prod/assets/MachineryMaintenRecordList-B3zDwCkc.js                          2.59 kB
dist-prod/assets/KnowledgeFileUploadForm-wJoI5h0K.js                             2.60 kB
dist-prod/assets/OrderUpdatePriceForm-BuPQxO68.js                                2.60 kB
dist-prod/assets/java-B_6ftu-B.js                                                2.60 kB
dist-prod/assets/GroupInfo-Bxq6124O.js                                           2.61 kB
dist-prod/assets/css-BbaC-Doi.js                                                 2.61 kB
dist-prod/assets/HrmEmployeeSelect-CnQ1Ey8_.js                                   2.62 kB
dist-prod/assets/config-IDQVBZbE.js                                              2.62 kB
dist-prod/assets/MessageMergeDetailDialog-DF9UcssG.js                            2.63 kB
dist-prod/assets/detail-C-LjfdIe.js                                              2.64 kB
dist-prod/assets/SpuAndSkuList-CIfrLZP-.js                                       2.64 kB
dist-prod/assets/GroupMessageDetail-nVbMHa0k.js                                  2.64 kB
dist-prod/assets/UserSelectForm-PywsRZH2.js                                      2.65 kB
dist-prod/assets/RecruitChannelForm-0SlZxw5h.js                                  2.66 kB
dist-prod/assets/RewardRuleCouponSelect-D_qrarXQ.js                              2.67 kB
dist-prod/assets/MockChannelForm-CCJcOJDm.js                                     2.67 kB
dist-prod/assets/OrderDeliveryForm-CO05G95Y.js                                   2.67 kB
dist-prod/assets/ProductRank-BSDkHu62.js                                         2.67 kB
dist-prod/assets/ImageCard-ChKNvOcj.js                                           2.67 kB
dist-prod/assets/OrderPickUpForm-C2TMJI8A.js                                     2.67 kB
dist-prod/assets/OrderUpdateAddressForm-CIHxCm9z.js                              2.67 kB
dist-prod/assets/WalletChannelForm-ruKUFo2B.js                                   2.67 kB
dist-prod/assets/PerformanceResultTemplateForm-ijXgJYPt.js                       2.68 kB
dist-prod/assets/ToolForm-CWTjCXSk.js                                            2.68 kB
dist-prod/assets/GroupForm-DvTV9n9v.js                                           2.68 kB
dist-prod/assets/MessageReasoning-_FhPJae0.js                                    2.68 kB
dist-prod/assets/UserLevelUpdateForm-tLBavjbG.js                                 2.68 kB
dist-prod/assets/TabImage-CvryatPm.js                                            2.69 kB
dist-prod/assets/WorkItemWorkLogList-DgioCcIK.js                                 2.69 kB
dist-prod/assets/MdProductBomSelectDialog-CsFzB7GC.js                            2.70 kB
dist-prod/assets/MenuPreviewer-D9AWeAuD.js                                       2.70 kB
dist-prod/assets/MagicCubeEditor-DbDBG2fv.js                                     2.71 kB
dist-prod/assets/EmployeeSurvey-ChHcXRy-.js                                      2.72 kB
dist-prod/assets/digest-ojXisBGE.js                                              2.72 kB
dist-prod/assets/ProductDetailsInfo-DdLnAYQ6.js                                  2.73 kB
dist-prod/assets/TabVoice-D8PhH34X.js                                            2.74 kB
dist-prod/assets/UploadVideo-DG7QO8q1.js                                         2.75 kB
dist-prod/assets/SalaryOptionForm-D6Eb-MZS.js                                    2.75 kB
dist-prod/assets/change-template-D7oEdYRq.js                                     2.76 kB
dist-prod/assets/TabVideo-BkZlhD-Q.js                                            2.76 kB
dist-prod/assets/WmMaterialStockSelect-p8l2sVMb.js                               2.77 kB
dist-prod/assets/RecruitCandidateEliminateForm-CZga-F0P.js                       2.77 kB
dist-prod/assets/OqcLineList-o6Eyx11B.js                                         2.78 kB
dist-prod/assets/RqcLineList-B_769nvT.js                                         2.78 kB
dist-prod/assets/ProjectMemberList-DVzHpwqN.js                                   2.78 kB
dist-prod/assets/thingmodel-PSpK96xO.js                                          2.78 kB
dist-prod/assets/DeviceGroupForm-BdKQpUkQ.js                                     2.78 kB
dist-prod/assets/detail-S1Q6RY1Z2.js                                             2.79 kB
dist-prod/assets/decorate-CmOahxbz.js                                            2.79 kB
dist-prod/assets/ClueDetailsInfo-D01Dksr1.js                                     2.79 kB
dist-prod/assets/IpqcLineList-CjnPIVk0.js                                        2.79 kB
dist-prod/assets/EmployeeEducationExperienceList-VSDuBGm6.js                     2.80 kB
dist-prod/assets/DeviceStateCountCard-DtuZDvZw.js                                2.81 kB
dist-prod/assets/SmsTemplateSendForm-BBbUQN8g.js                                 2.81 kB
dist-prod/assets/SmsLogDetail-DjzdZI8o.js                                        2.82 kB
dist-prod/assets/IqcLineList-DUmZRPoG.js                                         2.82 kB
dist-prod/assets/detail-bLDqa_3Y.js                                              2.83 kB
dist-prod/assets/DataSourceConfigForm-BTPe2Av3.js                                2.83 kB
dist-prod/assets/AttendanceLeaveList-Ds69wdhr.js                                 2.83 kB
dist-prod/assets/ContractDetailsInfo-dvFPuEkC.js                                 2.84 kB
dist-prod/assets/dataSourceConfig-NNhEWnTO.js                                    2.84 kB
dist-prod/assets/home-CCdX4893.js                                                2.85 kB
dist-prod/assets/EmployeeMaterialFiles-CoSdJD1t.js                               2.85 kB
dist-prod/assets/scheme-ByiQj1Yh.js                                              2.85 kB
dist-prod/assets/RtcCallIncoming-gTi6kM5N.js                                     2.86 kB
dist-prod/assets/ProcessExpressionForm-CfbGsDmP.js                               2.86 kB
dist-prod/assets/PerformanceTaskTabs-D-CsjDkT.js                                 2.88 kB
dist-prod/assets/Dialog-CMGjtRFM.js                                              2.88 kB
dist-prod/assets/MessageReadStatus-D6SASSF1.js                                   2.88 kB
dist-prod/assets/CustomerDetailsInfo-CqmhknZL.js                                 2.88 kB
dist-prod/assets/list-Buo5guoJ.js                                                2.89 kB
dist-prod/assets/ContactDetailsInfo-BiM_wlxs.js                                  2.90 kB
dist-prod/assets/group-C8X2fRlG.js                                               2.90 kB
dist-prod/assets/detail-CoXdCsUh.js                                              2.90 kB
dist-prod/assets/ProductDetailsHeader-DjKopobN.js                                2.90 kB
dist-prod/assets/ProcessInstanceTaskList-Cyg-v40a.js                             2.91 kB
dist-prod/assets/FmsVoucherTemplateSelect-nv_xpb4W.js                            2.91 kB
dist-prod/assets/EmployeeDetailsInfo-C6fJEWy6.js                                 2.92 kB
dist-prod/assets/Editor-BkHnA0T1.js                                              2.92 kB
dist-prod/assets/FmsVoucherWordForm-DRY0fNPL.js                                  2.92 kB
dist-prod/assets/audioBar-yjn3NFRn.js                                            2.94 kB
dist-prod/assets/RecruitCandidateCleanForm-DdTd5631.js                           2.94 kB
dist-prod/assets/Demo02CategoryForm-CzLFthqc.js                                  2.96 kB
dist-prod/assets/print-CD1GW9Iq.js                                               2.97 kB
dist-prod/assets/WorkItemWorkLogForm-DEPb2CZp.js                                 2.97 kB
dist-prod/assets/WarehouseForm-Vq6iVcn9.js                                       2.97 kB
dist-prod/assets/AttendanceHolidayForm-DA6Iwwvg.js                               2.97 kB
dist-prod/assets/SensitiveWordForm-CwJ6ey79.js                                   2.98 kB
dist-prod/assets/ReceivablePlanDetailsInfo-Diqn-arr.js                           2.98 kB
dist-prod/assets/ModelImportForm-BqeK45hP.js                                     2.98 kB
dist-prod/assets/main-MbtD5YHj.js                                                2.98 kB
dist-prod/assets/DictTypeForm-gXuFLS4V.js                                        2.98 kB
dist-prod/assets/ThingModelNumberDataSpecs-t2OFpjxO.js                           2.99 kB
dist-prod/assets/ContractList-Bl2oyd-0.js                                        2.99 kB
dist-prod/assets/AutoCodePartList-552O3EAy.js                                    3.00 kB
dist-prod/assets/ImageList-CbHC8_V5.js                                           3.01 kB
dist-prod/assets/ProjectAnnouncementList-nq4Yw9zj.js                             3.01 kB
dist-prod/assets/status-CHs5LMLt.js                                              3.01 kB
dist-prod/assets/MdItemImportForm-BYuBiX9V.js                                    3.02 kB
dist-prod/assets/UserSignList-CPGjc4VD.js                                        3.02 kB
dist-prod/assets/category-HUSRAC__.js                                            3.02 kB
dist-prod/assets/BrokerageUserUpdateForm-BfXcnA6F.js                             3.03 kB
dist-prod/assets/MdClientImportForm-BRQwabb4.js                                  3.03 kB
dist-prod/assets/UserImportForm-BJ0MjyT-.js                                      3.03 kB
dist-prod/assets/MachineryImportForm-C6fIZzMA.js                                 3.03 kB
dist-prod/assets/MdVendorImportForm-CnzhzSTT.js                                  3.04 kB
dist-prod/assets/detail-3LWs2hWL.js                                              3.05 kB
dist-prod/assets/FmsVoucherTemplateSaveForm-uwRM3gd-.js                          3.05 kB
dist-prod/assets/ArticleCategoryForm-CUT8r9MJ.js                                 3.05 kB
dist-prod/assets/DeviceImportForm-DeRBOo6r.js                                    3.07 kB
dist-prod/assets/WorkItemImportForm-DleTRYzP.js                                  3.08 kB
dist-prod/assets/RoleAssignMenuForm-C-xeu-Vk.js                                  3.09 kB
dist-prod/assets/FriendRequestList-ByCVjCdZ.js                                   3.09 kB
dist-prod/assets/holiday-DYl0lud_.js                                             3.09 kB
dist-prod/assets/ProductCategoryForm-Bz8H-zKc.js                                 3.09 kB
dist-prod/assets/backlog-C3ckRkBq.js                                             3.09 kB
dist-prod/assets/useMessageSender-DNaeGg9U.js                                    3.10 kB
dist-prod/assets/CustomerSummary-LqMFp4rA.js                                     3.10 kB
dist-prod/assets/FmsHomeMetricCharts-BzUle4pC.js                                 3.10 kB
dist-prod/assets/ProductAttributes-OgQNnhQb.js                                   3.10 kB
dist-prod/assets/voucher-word-CkcJ9-_A.js                                        3.11 kB
dist-prod/assets/UserSelectV2-DzWbLG3X.js                                        3.11 kB
dist-prod/assets/config-CTFPRB1F.js                                              3.11 kB
dist-prod/assets/main-D8zOrGS92.js                                               3.11 kB
dist-prod/assets/messageTemplate-DgknZrwn.js                                     3.12 kB
dist-prod/assets/Demo03CourseList-4DOA800z.js                                    3.12 kB
dist-prod/assets/Demo03GradeList-DKWbinwg.js                                     3.12 kB
dist-prod/assets/aini-B9ezWIGX.js                                                3.13 kB
dist-prod/assets/UploadImg-CdAQYSOr.js                                           3.13 kB
dist-prod/assets/finance-indicator-BlQa-eIW.js                                   3.14 kB
dist-prod/assets/css-DXE5bG4K2.js                                                3.14 kB
dist-prod/assets/TabMusic-BQsS_Ihn.js                                            3.14 kB
dist-prod/assets/FmsVoucherMoveForm-C4ifyKPC.js                                  3.15 kB
dist-prod/assets/OverviewCards-C-Y01ZOE.js                                       3.15 kB
dist-prod/assets/WmsHomeOrderTrendChart-kMENSnsu.js                              3.16 kB
dist-prod/assets/Demo03StudentForm-B6o7Ih0h.js                                   3.17 kB
dist-prod/assets/FunnelBusiness-DekuiNwR.js                                      3.18 kB
dist-prod/assets/EmployeeSalaryCardForm-Cau9ST_D.js                              3.18 kB
dist-prod/assets/tag-BdZ8tpFv.js                                                 3.18 kB
dist-prod/assets/CustomerConversionStat-BPPpqiZM.js                              3.18 kB
dist-prod/assets/formatTime-Bm-r-pCB.js                                          3.19 kB
dist-prod/assets/AccountForm-C5bZEZvt.js                                         3.19 kB
dist-prod/assets/currency-BvTMBA2z.js                                            3.20 kB
dist-prod/assets/recycle-zRW5LfGw.js                                             3.20 kB
dist-prod/assets/ProjectMemberForm-Cba9ZZ-j.js                                   3.21 kB
dist-prod/assets/FmsVoucherTidyForm-C5RMqYTP.js                                  3.21 kB
dist-prod/assets/general-C2eI9oTR.js                                             3.22 kB
dist-prod/assets/CustomerLimitConfigList-DR2lG1pS.js                             3.22 kB
dist-prod/assets/MentionPicker-CG5naBUC.js                                       3.23 kB
dist-prod/assets/group-CON5V9O_.js                                               3.23 kB
dist-prod/assets/property-DPAO3rcq.js                                            3.24 kB
dist-prod/assets/MailLogDetail-CLixN4QQ.js                                       3.24 kB
dist-prod/assets/FmsCurrencyForm-Dm0e_4iW.js                                     3.25 kB
dist-prod/assets/history-DlMeun70.js                                             3.25 kB
dist-prod/assets/CouponSendForm-Bykr1284.js                                      3.25 kB
dist-prod/assets/EmployeeSalaryHistoryList-CzpZ2Sy5.js                           3.25 kB
dist-prod/assets/RecruitInterviewResultForm-BpTurSzS.js                          3.26 kB
dist-prod/assets/detail-D84bng9O.js                                              3.26 kB
dist-prod/assets/detail-DRQOfNBC.js                                              3.26 kB
dist-prod/assets/FmsInitialBalanceImportForm-15CRzycq.js                         3.26 kB
dist-prod/assets/BrandForm-M6ZZEAnQ.js                                           3.26 kB
dist-prod/assets/NotifyDetail-DSiIvxKS.js                                        3.26 kB
dist-prod/assets/PerformanceAppealForm-m8mTqHM1.js                               3.27 kB
dist-prod/assets/PerformanceAssessmentTemplateForm-IcIt_8tw.js                   3.27 kB
dist-prod/assets/PostForm-B6t-U2A_.js                                            3.27 kB
dist-prod/assets/OtaTaskForm-CfWVY2-n.js                                         3.28 kB
dist-prod/assets/UserGroupForm-CIq7KJ_Y.js                                       3.28 kB
dist-prod/assets/TransferDetail-ykmcpQKx.js                                      3.29 kB
dist-prod/assets/DeliveryPickUpStoreBindForm-CUGBVgb8.js                         3.29 kB
dist-prod/assets/SalaryBatchEmployeeRecordForm-CJuMeRuK.js                       3.29 kB
dist-prod/assets/message-quk8IHyp.js                                             3.29 kB
dist-prod/assets/EmployeeContactForm-DGdXoacB.js                                 3.30 kB
dist-prod/assets/SSOLogin-wVcKmwZi.js                                            3.30 kB
dist-prod/assets/ProjectBasicInfo-8_0e4drU.js                                    3.30 kB
dist-prod/assets/SalaryEmployeeInfoImportForm-DDc1owOu.js                        3.30 kB
dist-prod/assets/home-BGWD4T9u.js                                                3.31 kB
dist-prod/assets/MemberFunnelCard-dRvqtqz1.js                                    3.31 kB
dist-prod/assets/FmsAuxiliaryItemForm-BSRq37Tb.js                                3.31 kB
dist-prod/assets/PerformanceTargetConfirmForm-F0Z5ZF8Y.js                        3.31 kB
dist-prod/assets/DeptEmployeeList-GuYaIc3s.js                                    3.32 kB
dist-prod/assets/FmsReportCheckAlert-Do9L6HJI.js                                 3.32 kB
dist-prod/assets/ReplyTable-DaU0V-Xj.js                                          3.32 kB
dist-prod/assets/tax-rule-B-abkdAb.js                                            3.32 kB
dist-prod/assets/history-A6gXYKyX.js                                             3.33 kB
dist-prod/assets/RoleForm-vgyDFNg0.js                                            3.33 kB
dist-prod/assets/SubConditionGroupConfig-VTJW3I7B.js                             3.34 kB
dist-prod/assets/PerformancePlanDetailsInfo-CMxAFVAg.js                          3.34 kB
dist-prod/assets/Qrcode-C1l9sC4z.js                                              3.34 kB
dist-prod/assets/UserBrokerageList-BUcSZ2RI.js                                   3.35 kB
dist-prod/assets/EmployeePostInfo-CkSUNwPj.js                                    3.35 kB
dist-prod/assets/form-wPkP5sWD.js                                                3.35 kB
dist-prod/assets/income-statement-CJ0I6QRc.js                                    3.36 kB
dist-prod/assets/MailTemplateSendForm-BI9bgHdd.js                                3.37 kB
dist-prod/assets/ImportTable-DAN0A2a8.js                                         3.37 kB
dist-prod/assets/UserPointUpdateForm-BUXXlyPi.js                                 3.38 kB
dist-prod/assets/ThingModelEnumDataSpecs-CRTTly4w.js                             3.38 kB
dist-prod/assets/CategoryForm-bbIsPJ3L.js                                        3.38 kB
dist-prod/assets/EmployeeContractList-1Q94lyiW.js                                3.39 kB
dist-prod/assets/record-D7hNFSqz.js                                              3.39 kB
dist-prod/assets/PortraitCustomerLevel-CBYmnwfx.js                               3.41 kB
dist-prod/assets/ChannelMessageSendForm-BqGATnVm.js                              3.41 kB
dist-prod/assets/EmployeeImportForm-3uujm6Gr.js                                  3.41 kB
dist-prod/assets/FacePackForm-UmI4uGRW.js                                        3.41 kB
dist-prod/assets/PortraitCustomerSource-i9k8R8GG.js                              3.42 kB
dist-prod/assets/EmployeePostInfo-KeE0xk_r.js                                    3.42 kB
dist-prod/assets/PermissionForm-CYjgXXPm.js                                      3.43 kB
dist-prod/assets/ReceivableList-DwRSlSKU.js                                      3.43 kB
dist-prod/assets/WmArrivalNoticeLineSelectDialog-CnLmYexI.js                     3.44 kB
dist-prod/assets/PortraitCustomerIndustry-7s7sfDRQ.js                            3.45 kB
dist-prod/assets/CalTeamMemberList-sSbfB9cu.js                                   3.46 kB
dist-prod/assets/property-DL5vULxW.js                                            3.46 kB
dist-prod/assets/ApiKeyForm-BHT3G_i2.js                                          3.46 kB
dist-prod/assets/ExpressForm-CLNI4Zpl.js                                         3.46 kB
dist-prod/assets/PerformancePlanBasicForm-CkzhYBJp.js                            3.47 kB
dist-prod/assets/RoleRepository-CRZo7W6f.js                                      3.48 kB
dist-prod/assets/TcpConfigForm-DFnRWyFO.js                                       3.48 kB
dist-prod/assets/StockTakingTaskLineList-CpOhdnLB.js                             3.48 kB
dist-prod/assets/ChannelForm-B1N12NAc.js                                         3.49 kB
dist-prod/assets/KnowledgeDocumentShareDialog-DgjVpTT7.js                        3.51 kB
dist-prod/assets/UploadImgs-D26qp8kn.js                                          3.52 kB
dist-prod/assets/ThingModelInputOutputParam-8xiTOMaR.js                          3.52 kB
dist-prod/assets/UserBalanceUpdateForm-DZioI13i.js                               3.52 kB
dist-prod/assets/RecruitCandidateDetailsInfo-DxpvBpEV.js                         3.53 kB
dist-prod/assets/AttendanceCalendar-BX9tsV5k.js                                  3.53 kB
dist-prod/assets/KnowledgeGroupManageDialog-CmS2x2Vi.js                          3.55 kB
dist-prod/assets/InsuranceRecordDetail-LQOc8C5B.js                               3.56 kB
dist-prod/assets/WorkRecordStatusBar-B57w7nHp.js                                 3.57 kB
dist-prod/assets/ConfigForm-CWdVtCD6.js                                          3.57 kB
dist-prod/assets/RewardRule-BiBVoT-A.js                                          3.58 kB
dist-prod/assets/FmsSubjectImportForm-D1bRgo_z.js                                3.58 kB
dist-prod/assets/ContractCountPerformance-DTsege9N.js                            3.58 kB
dist-prod/assets/ContractPricePerformance-CBJJcg_v.js                            3.58 kB
dist-prod/assets/detail-B8XvMnF3.js                                              3.58 kB
dist-prod/assets/tag-BVsWDrPB.js                                                 3.58 kB
dist-prod/assets/ReceivablePricePerformance-BcGoAHOl.js                          3.59 kB
dist-prod/assets/CustomerImportForm-DyfW0SUw.js                                  3.59 kB
dist-prod/assets/ProductCard-BoiQa2mN.js                                         3.59 kB
dist-prod/assets/KnowledgeRecyclePanel-Ry-ph60j.js                               3.59 kB
dist-prod/assets/build-TB4fG3sX.js                                               3.60 kB
dist-prod/assets/KnowledgeLibraryHome-VZwf4hdK.js                                3.61 kB
dist-prod/assets/ComponentContainerProperty-eaec1puh.js                          3.61 kB
dist-prod/assets/gpt-C5IxvLKX.js                                                 3.62 kB
dist-prod/assets/MemberInfo-Dg7AIAq2.js                                          3.62 kB
dist-prod/assets/config-CojPr03A.js                                              3.62 kB
dist-prod/assets/ReceivablePlanList-D3vgkKsr.js                                  3.63 kB
dist-prod/assets/RtcCallInviting-CEbNP58X.js                                     3.63 kB
dist-prod/assets/DemoWithdrawForm-ClmXjcSb.js                                    3.63 kB
dist-prod/assets/SeckillConfigForm-C0f9JkPv.js                                   3.64 kB
dist-prod/assets/MovementOrderDetail-CzZRiRlw.js                                 3.65 kB
dist-prod/assets/PerformancePlanScopeForm-DKIzmvCf.js                            3.66 kB
dist-prod/assets/ConversationUpdateForm-Dpd7kOQf.js                              3.66 kB
dist-prod/assets/AttendanceGroupPointForm-Bdq3wdfK.js                            3.67 kB
dist-prod/assets/PerformanceAssessmentDimensionForm-CxLRBVyi.js                  3.67 kB
dist-prod/assets/RefundDetail-CoK4z3cN.js                                        3.67 kB
dist-prod/assets/RecruitPostDetailsInfo-D-nxY8zj.js                              3.67 kB
dist-prod/assets/property-GJexMQai.js                                            3.67 kB
dist-prod/assets/auxiliary-CeEyrC6_.js                                           3.68 kB
dist-prod/assets/WalletRechargePackageForm-3jNmks-X.js                           3.68 kB
dist-prod/assets/SalaryChangeRecordList-yoV3GsWz.js                              3.68 kB
dist-prod/assets/record-CxJPos9I.js                                              3.68 kB
dist-prod/assets/SignInConfigForm-Dg0UY6oy.js                                    3.68 kB
dist-prod/assets/value-Dm3V69SF.js                                               3.69 kB
dist-prod/assets/OrderDetail-DeXtf8E8.js                                         3.69 kB
dist-prod/assets/SubPackageList-Ciu66oJ_.js                                      3.71 kB
dist-prod/assets/ProductCategoryForm-BygfsuL5.js                                 3.71 kB
dist-prod/assets/MaterialBubble-czMwYDEw.js                                      3.71 kB
dist-prod/assets/BrokerageUserListDialog-8auSGMVQ.js                             3.71 kB
dist-prod/assets/favorite-e9AkAHuH.js                                            3.71 kB
dist-prod/assets/poolConfig-CyKotYpO.js                                          3.72 kB
dist-prod/assets/MessageMultiSelectBar-76c5LkLY.js                               3.72 kB
dist-prod/assets/useCache-BYiA5reP.js                                            3.74 kB
dist-prod/assets/KnowledgeFolderDetail-BC4E8MPg.js                               3.74 kB
dist-prod/assets/send-record-B09Ndv9d.js                                         3.74 kB
dist-prod/assets/CouponCard-wyJXIljq.js                                          3.74 kB
dist-prod/assets/CheckPlanMachineryList-CXQ9A5eA.js                              3.75 kB
dist-prod/assets/CategoryForm-TjWpECZI.js                                        3.75 kB
dist-prod/assets/TradeTrendCard-D74OkRFp.js                                      3.75 kB
dist-prod/assets/ItemReceiptDetailForm-Bns_nWwu.js                               3.75 kB
dist-prod/assets/PermissionList-UIkQScyt.js                                      3.75 kB
dist-prod/assets/KnowledgeDocumentUpdateForm-DgCMaIFC.js                         3.76 kB
dist-prod/assets/NotifyTemplateSendForm-Bvw5Eviu.js                              3.76 kB
dist-prod/assets/category-DZQ0B5iX.js                                            3.77 kB
dist-prod/assets/DeviceDetailsThingModelPropertyHistory-BUrc1Gx7.js              3.77 kB
dist-prod/assets/expressTemplate-CnyF7-Fa.js                                     3.77 kB
dist-prod/assets/ProductReceiptDetailForm-aDNYg9hI.js                            3.77 kB
dist-prod/assets/BusinessList-BFtzS1OG.js                                        3.78 kB
dist-prod/assets/logo-DxinYd_B.js                                                3.78 kB
dist-prod/assets/stock-D075YKD8.js                                               3.78 kB
dist-prod/assets/Map-6FyY7RNU.js                                                 3.78 kB
dist-prod/assets/uiStore-DPBEJUpj.js                                             3.78 kB
dist-prod/assets/SalaryMonthEmployeeRecordList-CDPedgxA.js                       3.78 kB
dist-prod/assets/RtcCallDetail-Cpe3FKEm.js                                       3.79 kB
dist-prod/assets/FmsVoucherTemplateCategoryManage-BZLM8RXg.js                    3.79 kB
dist-prod/assets/brand-C5DTVp6Q.js                                               3.79 kB
dist-prod/assets/detail-6iKSJSO2.js                                              3.80 kB
dist-prod/assets/BusinessListModal-CS2hti0E.js                                   3.80 kB
dist-prod/assets/editor-Des4tIE7.js                                              3.81 kB
dist-prod/assets/IterationForm-BlLgQweF.js                                       3.81 kB
dist-prod/assets/month-record-DIK72awQ.js                                        3.81 kB
dist-prod/assets/draft-CH1BKrFw.js                                               3.81 kB
dist-prod/assets/ProcessInstanceCommentList-CDFCGHpW.js                          3.82 kB
dist-prod/assets/MessageTrendCard-BtiCD56M.js                                    3.83 kB
dist-prod/assets/UserPointList-BzM_xn9N.js                                       3.83 kB
dist-prod/assets/PerformanceResultLevelForm-DLuFpORP.js                          3.83 kB
dist-prod/assets/FmsDigestLibrary-_Ii4kfyZ.js                                    3.83 kB
dist-prod/assets/webSocket-BX9dRuO-.js                                           3.84 kB
dist-prod/assets/InfoForm-DQFSEr9y.js                                            3.86 kB
dist-prod/assets/ContactList-Bsnf0N4u.js                                         3.86 kB
dist-prod/assets/WmSalesNoticeLineSelectDialog-uYlOdT0z.js                       3.86 kB
dist-prod/assets/css-BoFUKVTR.js                                                 3.86 kB
dist-prod/assets/MsgList-AP356B1-.js                                             3.87 kB
dist-prod/assets/ChannelMaterialForm-dL02KG4I.js                                 3.87 kB
dist-prod/assets/account-set-CnXUcp-x.js                                         3.87 kB
dist-prod/assets/CheckPlanSubjectList-CXIc9o4B.js                                3.88 kB
dist-prod/assets/category-dltGKLoE.js                                            3.89 kB
dist-prod/assets/ContactListModal-BKra8Gl4.js                                    3.89 kB
dist-prod/assets/group-BvP0RcTe.js                                               3.90 kB
dist-prod/assets/FormDesign-DUrmzFDx.js                                          3.90 kB
dist-prod/assets/ProjectGroupList-DC7CaMWV.js                                    3.91 kB
dist-prod/assets/RtcGroupCallBanner-Dtn8LQ0l.js                                  3.91 kB
dist-prod/assets/ClosingTemplateSelect-BTEvjqII.js                               3.91 kB
dist-prod/assets/FmsAccountSetSwitch-BRE5yaUZ.js                                 3.91 kB
dist-prod/assets/form-C9T_75_P.js                                                3.91 kB
dist-prod/assets/ImageDetail-1mPqMkxt.js                                         3.92 kB
dist-prod/assets/ItemCategoryForm-BRpwe5IS.js                                    3.92 kB
dist-prod/assets/NoticeForm-CGi5LYzd.js                                          3.92 kB
dist-prod/assets/DeviceDetailsThingModelEvent-BwtNaWZY.js                        3.93 kB
dist-prod/assets/RoleDataPermissionForm-BmBJ88qk.js                              3.93 kB
dist-prod/assets/thingmodel-s7DZsi-C.js                                          3.93 kB
dist-prod/assets/common-CpQ4Umv_.js                                              3.93 kB
dist-prod/assets/DeviceMapCard-GOJOB6Wt.js                                       3.93 kB
dist-prod/assets/DeviceDetailsMessage-B5ewbkdu.js                                3.93 kB
dist-prod/assets/PromotionSeckill-DUDwI6ir.js                                    3.94 kB
dist-prod/assets/material-ydWxs6ws.js                                            3.95 kB
dist-prod/assets/PromotionCombination-BWf_6Sk8.js                                3.95 kB
dist-prod/assets/portrait-D79h_0rf.js                                            3.95 kB
dist-prod/assets/mianwubiaoqing-DlPVidpz.js                                      3.95 kB
dist-prod/assets/JobForm-BsDC4wCb.js                                             3.96 kB
dist-prod/assets/OtaTaskList-ChdFR3-9.js                                         3.96 kB
dist-prod/assets/property-B5DMIN-s.js                                            3.96 kB
dist-prod/assets/retrieval-eY2X7oVY.js                                           3.96 kB
dist-prod/assets/message-CN8WTbec.js                                             3.96 kB
dist-prod/assets/ReceiptOrderDetail-kodmYzCw.js                                  3.97 kB
dist-prod/assets/ShipmentOrderDetail-DbuSa8mO.js                                 3.98 kB
dist-prod/assets/NotifyTemplateForm-BHUPPInA.js                                  3.98 kB
dist-prod/assets/report-D4WhDAbs.js                                              3.98 kB
dist-prod/assets/token-DDaoUmVy.js                                               3.99 kB
dist-prod/assets/OperatorSelector-ltL82ETc.js                                    3.99 kB
dist-prod/assets/copy-gfm1EUqW.js                                                3.99 kB
dist-prod/assets/library-template-qKm1yWVA.js                                    3.99 kB
dist-prod/assets/GroupPinnedMessage-DZhUCvAb.js                                  3.99 kB
dist-prod/assets/WmsHomeOrderSummaryCards-D549HAPX.js                            3.99 kB
dist-prod/assets/CustomerLimitConfigForm-3r4BO_Yg.js                             4.00 kB
dist-prod/assets/ClueFollowList-C5npmDe7.js                                      4.00 kB
dist-prod/assets/ReturnSalesDetailForm-MRuti7oe.js                               4.00 kB
dist-prod/assets/WmsHomeInventoryCharts-CY9KJvxy.js                              4.00 kB
dist-prod/assets/Demo03StudentForm-mC7i_yJc.js                                   4.00 kB
dist-prod/assets/Demo03StudentForm-5w4v2oip.js                                   4.00 kB
dist-prod/assets/hanyan-Bw_UpwSc.js                                              4.00 kB
dist-prod/assets/ReplyPreview-C_RvmwXc.js                                        4.01 kB
dist-prod/assets/BrokerageUserCreateForm-BCnpNLzi.js                             4.01 kB
dist-prod/assets/PromotionPoint-BeccY0dc.js                                      4.03 kB
dist-prod/assets/assessment-CRIriDDu.js                                          4.03 kB
dist-prod/assets/ProjectWorkLog-DMO8EV3X.js                                      4.03 kB
dist-prod/assets/SmsChannelForm-DtChiag3.js                                      4.03 kB
dist-prod/assets/TenantPackageForm-DeQsCULK.js                                   4.03 kB
dist-prod/assets/warehouse-CAdsX1Bv.js                                           4.04 kB
dist-prod/assets/Demo01ContactForm-lDAvnDac.js                                   4.04 kB
dist-prod/assets/property-CnEcAJg3.js                                            4.05 kB
dist-prod/assets/express-MszwqHUh.js                                             4.05 kB
dist-prod/assets/performance-DVlnb9Ch.js                                         4.05 kB
dist-prod/assets/CalPlanTeamList-DfFQOMOb.js                                     4.06 kB
dist-prod/assets/SkuForm-Be5XzhFk.js                                             4.06 kB
dist-prod/assets/result-template-DtEw2bBj.js                                     4.06 kB
dist-prod/assets/property-2C3Xmn8g.js                                            4.06 kB
dist-prod/assets/balance-C3wjgS_M.js                                             4.06 kB
dist-prod/assets/detail-DhwiQL-S.js                                              4.07 kB
dist-prod/assets/UserBasicInfo-D629dcRE.js                                       4.08 kB
dist-prod/assets/UserCouponList-CY4Nbybs.js                                      4.08 kB
dist-prod/assets/rtcStore-D8PT6vHs.js                                            4.08 kB
dist-prod/assets/SalaryGroupForm-fp5c_uyR.js                                     4.08 kB
dist-prod/assets/dist-d0YM7Iqn.js                                                4.08 kB
dist-prod/assets/demo02-DabOCNa3.js                                              4.09 kB
dist-prod/assets/WorkstationMachineList-EVRqHNoZ.js                              4.09 kB
dist-prod/assets/AppForm-5M22Q0fc.js                                             4.09 kB
dist-prod/assets/TransferDetailForm-_PkWHAdf.js                                  4.09 kB
dist-prod/assets/MessageWebSearch-DdT4rJtr.js                                    4.10 kB
dist-prod/assets/holiday-DDWk9USC.js                                             4.10 kB
dist-prod/assets/material-BqPpcAov.js                                            4.10 kB
dist-prod/assets/property-DpgnYrpC.js                                            4.11 kB
dist-prod/assets/group-DWIeXAnQ.js                                               4.12 kB
dist-prod/assets/ProProcessForm-Ctw7Wuy3.js                                      4.13 kB
dist-prod/assets/UploadStep-BQZovF68.js                                          4.13 kB
dist-prod/assets/WarehouseForm-BQg1t0Lf.js                                       4.14 kB
dist-prod/assets/definition-CzybVph9.js                                          4.16 kB
dist-prod/assets/MailTemplateForm-uxCze3Tb.js                                    4.16 kB
dist-prod/assets/TimerConditionGroupConfig-DzBGZwdT.js                           4.16 kB
dist-prod/assets/CurrentTimeConditionConfig-DXULIz7n.js                          4.17 kB
dist-prod/assets/css-DO44yZyL.js                                                 4.19 kB
dist-prod/assets/DataRuleForm-DKcoRnld.js                                        4.20 kB
dist-prod/assets/AttendanceLeaveForm-Db_yjm-O.js                                 4.20 kB
dist-prod/assets/assessment-template-uyI8an_m.js                                 4.21 kB
dist-prod/assets/InsuranceBatchEmployeeRecordForm-SI0NrIEA.js                    4.21 kB
dist-prod/assets/MessageTemplateSendForm-w1g8c3z9.js                             4.22 kB
dist-prod/assets/MessageFileUpload-9tKq_TSw.js                                   4.22 kB
dist-prod/assets/UserExperienceRecordList-BmZKXHDR.js                            4.23 kB
dist-prod/assets/account-BIeTG-FH.js                                             4.23 kB
dist-prod/assets/slip-MBeFfDjD.js                                                4.23 kB
dist-prod/assets/KnowledgeForm-gyp4NWfA.js                                       4.24 kB
dist-prod/assets/RuleSceneForm-DKsIcfkJ.js                                       4.24 kB
dist-prod/assets/ChatConversationList-CDF-Vh_j.js                                4.25 kB
dist-prod/assets/unit-CCuu2x9F.js                                                4.25 kB
dist-prod/assets/EmployeeCertificateForm-Ch9gWcIz.js                             4.25 kB
dist-prod/assets/KeFuConversationList-Ca-6HMQC.js                                4.25 kB
dist-prod/assets/form-CPjkWAyt.js                                                4.25 kB
dist-prod/assets/type-Dc-LARMm.js                                                4.25 kB
dist-prod/assets/userItem-Bs-oTVQf.js                                            4.26 kB
dist-prod/assets/apiKey-DW2EL7xg.js                                              4.26 kB
dist-prod/assets/record-Dg_neSWc.js                                              4.27 kB
dist-prod/assets/css-N4foxNTh.js                                                 4.28 kB
dist-prod/assets/CalTeamSelectDialog-BCq-w8JA.js                                 4.28 kB
dist-prod/assets/MachineryTypeForm-CJyEgyzt.js                                   4.28 kB
dist-prod/assets/manager-f1fjLN98.js                                             4.28 kB
dist-prod/assets/redis-BUaph7dY.js                                               4.28 kB
dist-prod/assets/CalTeamForm-DLE1YIcF.js                                         4.29 kB
dist-prod/assets/OtaFirmwareForm-DavUw3OJ.js                                     4.29 kB
dist-prod/assets/EmployeeInsuranceInfoForm-CU5TDDkE.js                           4.29 kB
dist-prod/assets/StockMoveForm-C9eJfSsO.js                                       4.30 kB
dist-prod/assets/MailAccountForm-DWzKBLim.js                                     4.30 kB
dist-prod/assets/followup-BpqHM-GF.js                                            4.30 kB
dist-prod/assets/DefectForm-C2xcyV0K.js                                          4.30 kB
dist-prod/assets/BrokerageOrderListDialog-B8y14DRj.js                            4.30 kB
dist-prod/assets/dept-C5LxNWlC.js                                                4.31 kB
dist-prod/assets/multi-column-B3axHEHG.js                                        4.32 kB
dist-prod/assets/StockCheckForm-CPMcNGLw.js                                      4.32 kB
dist-prod/assets/level-DVzxWt2W.js                                               4.32 kB
dist-prod/assets/property-DVXj4RsE.js                                            4.33 kB
dist-prod/assets/OutsourceReceiptDetailForm-bW2sTOW6.js                          4.34 kB
dist-prod/assets/page-CRmAUTtP.js                                                4.34 kB
dist-prod/assets/DictDataForm-DYCTnlnY.js                                        4.34 kB
dist-prod/assets/FinancePaymentItemForm-BylQDjN5.js                              4.35 kB
dist-prod/assets/subject-balance-DeyQ18UO.js                                     4.35 kB
dist-prod/assets/FinanceReceiptItemForm-C0ZFeEig.js                              4.35 kB
dist-prod/assets/loginlog-DZ0Nh7BN.js                                            4.35 kB
dist-prod/assets/workrecord-B2Ih6k2Y.js                                          4.35 kB
dist-prod/assets/processListener-CP-timYi.js                                     4.35 kB
dist-prod/assets/FmsAuxiliaryItemImportForm-CNj8eCa8.js                          4.36 kB
dist-prod/assets/dept-RJA2cmBR.js                                                4.36 kB
dist-prod/assets/LevelForm-xvWTfJTK.js                                           4.36 kB
dist-prod/assets/tool-DCT5oUo6.js                                                4.36 kB
dist-prod/assets/group-g3z6y8si.js                                               4.38 kB
dist-prod/assets/BusinessSummary-BzkWS8UR.js                                     4.38 kB
dist-prod/assets/balance-sheet-BiiJnlhE.js                                       4.38 kB
dist-prod/assets/FriendRequestDetail-CsAVp_e3.js                                 4.38 kB
dist-prod/assets/BusinessStatusForm-DQ_9n2uN.js                                  4.39 kB
dist-prod/assets/processExpression-CltNsaQu.js                                   4.39 kB
dist-prod/assets/workshop-ClHWLlel.js                                            4.39 kB
dist-prod/assets/list-_GssK-FB.js                                                4.39 kB
dist-prod/assets/TransferForm-B03NnTF9.js                                        4.40 kB
dist-prod/assets/label-DaGkYtP4.js                                               4.40 kB
dist-prod/assets/category-CvQVgAw_.js                                            4.41 kB
dist-prod/assets/user-BcJ08XRn.js                                                4.41 kB
dist-prod/assets/CouponSelect-BQPKbc3m.js                                        4.41 kB
dist-prod/assets/css-Dx4uj10K.js                                                 4.41 kB
dist-prod/assets/EmployeeTrainingExperienceForm-BXjjJ1xN.js                      4.42 kB
dist-prod/assets/SubjectForm-D_IjvnQi.js                                         4.42 kB
dist-prod/assets/type-BLsicR0R.js                                                4.42 kB
dist-prod/assets/product-BkWj_Cjc.js                                             4.43 kB
dist-prod/assets/DeviceDetailsThingModelService-772Y1_U_.js                      4.43 kB
dist-prod/assets/record-DRegXm0b.js                                              4.44 kB
dist-prod/assets/UploadFile-B9F8dk-b.js                                          4.45 kB
dist-prod/assets/ChatMessageList-DLc6PTS1.js                                     4.45 kB
dist-prod/assets/DeviceDetailsInfo-63mbGbDe.js                                   4.45 kB
dist-prod/assets/BatchForm-BJpp3Abr.js                                           4.46 kB
dist-prod/assets/WorkstationToolList-CHPMlEmi.js                                 4.46 kB
dist-prod/assets/batchtrace-wErp-QAA.js                                          4.46 kB
dist-prod/assets/UnitMeasureForm-BzaBhIuj.js                                     4.46 kB
dist-prod/assets/category-CXdxFYFr.js                                            4.47 kB
dist-prod/assets/brand-PpnJa4a6.js                                               4.47 kB
dist-prod/assets/CustomerPutPoolRemindList-DA3cxseQ.js                           4.47 kB
dist-prod/assets/CustomerFollowList-D8kqqr-e.js                                  4.47 kB
dist-prod/assets/utils-cyQxBfCm.js                                               4.48 kB
dist-prod/assets/WebSocketConfigForm-BFaa2I-_.js                                 4.48 kB
dist-prod/assets/FriendPickerPanel-CA5g_EOp.js                                   4.48 kB
dist-prod/assets/GroupMemberPickerPanel-CfmwHI9f.js                              4.48 kB
dist-prod/assets/customer-2OsRIcRs.js                                            4.48 kB
dist-prod/assets/rechargePackage-BRxnlyvU.js                                     4.48 kB
dist-prod/assets/MobileForm-V56wxz8S.js                                          4.48 kB
dist-prod/assets/withdraw-BfbTSYmB.js                                            4.49 kB
dist-prod/assets/supplier-BahGVnAh.js                                            4.49 kB
dist-prod/assets/workflow-D9TCjVY3.js                                            4.50 kB
dist-prod/assets/ProcessListenerForm-Djy4a3Zh.js                                 4.50 kB
dist-prod/assets/DeptForm-CXKih5fx.js                                            4.50 kB
dist-prod/assets/MovementOrderPrint-uwJKU38l.js                                  4.50 kB
dist-prod/assets/mengbi-DgniGskb.js                                              4.51 kB
dist-prod/assets/CommentForm-BNZSWRYi.js                                         4.51 kB
dist-prod/assets/group-B4zUcjfo.js                                               4.51 kB
dist-prod/assets/notice-h5MOOtGm.js                                              4.52 kB
dist-prod/assets/conversation-3nqWXFgW.js                                        4.52 kB
dist-prod/assets/form-BKS4EHpJ.js                                                4.54 kB
dist-prod/assets/quantity-detail-2y2kkSdX.js                                     4.55 kB
dist-prod/assets/GroupDetail-vDvYMb8W.js                                         4.55 kB
dist-prod/assets/rule-CbJ1Yd1F.js                                                4.55 kB
dist-prod/assets/Left-D7Uj2Lr6.js                                                4.55 kB
dist-prod/assets/SalaryMonthComputeForm-DIRD8EwC.js                              4.55 kB
dist-prod/assets/ReceivableAuditList-CUz1UqhR.js                                 4.56 kB
dist-prod/assets/config-CwIhFTCy.js                                              4.56 kB
dist-prod/assets/quantity-general-BGX79gKT.js                                    4.56 kB
dist-prod/assets/WorkstationWorkerList-Dc0HdZbU.js                               4.57 kB
dist-prod/assets/my-DuzqoZWS.js                                                  4.58 kB
dist-prod/assets/voucher-template-SRPn0E_J.js                                    4.58 kB
dist-prod/assets/AccountForm-D0Lgc7lJ.js                                         4.59 kB
dist-prod/assets/SaleOutReceiptEnableList-DFjBTy9o.js                            4.59 kB
dist-prod/assets/EmployeeWorkExperienceForm-t3Ggts_d.js                          4.59 kB
dist-prod/assets/PurchaseInPaymentEnableList-BPsgPjA0.js                         4.59 kB
dist-prod/assets/BusinessProductForm-D3nG4Fs9.js                                 4.60 kB
dist-prod/assets/ContractProductForm-DfLtsZEX.js                                 4.60 kB
dist-prod/assets/SaleReturnRefundEnableList-DQVrYxx-.js                          4.61 kB
dist-prod/assets/MdItemBatchConfigForm-8CnTkxGV.js                               4.61 kB
dist-prod/assets/BannerForm-5lUunDed.js                                          4.61 kB
dist-prod/assets/PurchaseReturnRefundEnableList-CWGLwnlc.js                      4.62 kB
dist-prod/assets/FmsAccountSetInitializeForm-CLm678vJ.js                         4.62 kB
dist-prod/assets/css-BiDGf8nh2.js                                                4.62 kB
dist-prod/assets/ReceiptOrderPrint-CkCGq28u.js                                   4.62 kB
dist-prod/assets/ShipmentOrderPrint-nAnPx1rR.js                                  4.63 kB
dist-prod/assets/useMuteOverlay-ByfK6lZ_.js                                      4.63 kB
dist-prod/assets/ThingModelForm-Bzpr6GPw.js                                      4.63 kB
dist-prod/assets/model-CcVXCNzR2.js                                              4.64 kB
dist-prod/assets/rank-B9dr856r.js                                                4.67 kB
dist-prod/assets/InsuranceEmployeeRecordForm-BN50R77r.js                         4.67 kB
dist-prod/assets/SalarySlipTemplateForm-ByEy5Evs.js                              4.68 kB
dist-prod/assets/SpecialClosingSettingsForm-BRQf6PGP.js                          4.68 kB
dist-prod/assets/CheckRecordForm-Cinty6Ru.js                                     4.68 kB
dist-prod/assets/SaleOrderOutEnableList-B_UhP4QD.js                              4.68 kB
dist-prod/assets/VoiceRecorder-COrNX24J.js                                       4.69 kB
dist-prod/assets/manager-B4xXN3kH.js                                             4.69 kB
dist-prod/assets/create-GCiwN8sA.js                                              4.69 kB
dist-prod/assets/PurchaseOrderInEnableList-Da30Gzg4.js                           4.70 kB
dist-prod/assets/sensitiveword-B0AHPrRq.js                                       4.71 kB
dist-prod/assets/category-BiX6K07a.js                                            4.71 kB
dist-prod/assets/merchant-CapeLnox.js                                            4.71 kB
dist-prod/assets/ValueInput-uxhIpJ2i.js                                          4.71 kB
dist-prod/assets/detail-BPA8mkjo.js                                              4.71 kB
dist-prod/assets/EmployeeRegularForm-VqlAOU6t.js                                 4.72 kB
dist-prod/assets/KnowledgeMemberForm-D3Bu9ApL.js                                 4.72 kB
dist-prod/assets/coupon-DZrT61fW.js                                              4.73 kB
dist-prod/assets/sceneRule-SqMOURVk.js                                           4.73 kB
dist-prod/assets/record-DlDeOsf7.js                                              4.73 kB
dist-prod/assets/config-BRUsiBWl.js                                              4.74 kB
dist-prod/assets/SalarySlipTemplateOptionEditor-CTgZr8BE.js                      4.74 kB
dist-prod/assets/category-BIv0Ehvh.js                                            4.74 kB
dist-prod/assets/SmsTemplateForm-hoZ-v4g_.js                                     4.74 kB
dist-prod/assets/FacePackItemForm-hp3zwBHe.js                                    4.74 kB
dist-prod/assets/MdItemTypeForm-MFa6wefK.js                                      4.75 kB
dist-prod/assets/tenantPackage-kn9lRo8f.js                                       4.75 kB
dist-prod/assets/WorkItemSubtaskList-BPmuyVnI.js                                 4.77 kB
dist-prod/assets/menu-C_gd7n0v.js                                                4.77 kB
dist-prod/assets/CheckOrderDetail-C3V1O5oi.js                                    4.78 kB
dist-prod/assets/funnel-Bs0I8dC1.js                                              4.78 kB
dist-prod/assets/SaleOrderReturnEnableList-BW-AzMey.js                           4.79 kB
dist-prod/assets/StockInForm-DAXYrt6I.js                                         4.79 kB
dist-prod/assets/model-8ifSWCnS.js                                               4.79 kB
dist-prod/assets/QcIndicatorSelectDialog-CAqTb_A3.js                             4.80 kB
dist-prod/assets/PurchaseOrderReturnEnableList-CzQU-i32.js                       4.80 kB
dist-prod/assets/CustomerTodayContactList-cnbZmXeE.js                            4.81 kB
dist-prod/assets/StockOutForm-DlXwhyi8.js                                        4.81 kB
dist-prod/assets/banner-DIS2o20_.js                                              4.81 kB
dist-prod/assets/format-B8uiNoAM.js                                              4.81 kB
dist-prod/assets/EmployeePositionChangeForm-AuOj1-Wh.js                          4.83 kB
dist-prod/assets/activity-BJsmAVdh.js                                            4.83 kB
dist-prod/assets/user--KB1lruc.js                                                4.84 kB
dist-prod/assets/app-nav-bar-mp-Cng2WmLz.js                                      4.84 kB
dist-prod/assets/InsuranceMonthEmployeeDetail-DEg7Z9li.js                        4.85 kB
dist-prod/assets/sink-BPxDfiPI.js                                                4.86 kB
dist-prod/assets/process-BmAQ3C9w.js                                             4.86 kB
dist-prod/assets/FmsLedgerSearchBar-D1bPVfO-.js                                  4.86 kB
dist-prod/assets/MaintenRecordForm-CEyTR6VA.js                                   4.87 kB
dist-prod/assets/product-B8iNkR_w.js                                             4.87 kB
dist-prod/assets/account-aNteWKY4.js                                             4.87 kB
dist-prod/assets/post-Budqyywt.js                                                4.89 kB
dist-prod/assets/ProductIssueDetailForm-D7amZFGc.js                              4.89 kB
dist-prod/assets/ReturnVendorDetailForm-CdCAY3Ih.js                              4.89 kB
dist-prod/assets/team-6_lGekFP.js                                                4.89 kB
dist-prod/assets/unitmeasure-cp5XGyWp.js                                         4.90 kB
dist-prod/assets/css-Bhtf473z.js                                                 4.90 kB
dist-prod/assets/ProductSalesList-CHfkla0Q.js                                    4.90 kB
dist-prod/assets/KnowledgeLibrarySidebar-r-O0xb3K.js                             4.90 kB
dist-prod/assets/OutsourceIssueDetailForm-BMJq7Rny.js                            4.90 kB
dist-prod/assets/discountActivity-EoO0bR2N.js                                    4.91 kB
dist-prod/assets/ReturnIssueDetailForm-dh6Q6GCy.js                               4.91 kB
dist-prod/assets/contact-ClbBEFeG.js                                             4.91 kB
dist-prod/assets/channel-hdLsjt03.js                                             4.92 kB
dist-prod/assets/config-eCHBa1XT.js                                              4.92 kB
dist-prod/assets/ColumInfoForm-DviJv-U8.js                                       4.93 kB
dist-prod/assets/ToolTypeForm-C87BaR2k.js                                        4.94 kB
dist-prod/assets/rewardActivity-Do29UWcA.js                                      4.94 kB
dist-prod/assets/MdWorkstationSelectDialog-BJzm5610.js                           4.94 kB
dist-prod/assets/search-NM4C7Bo4.js                                              4.94 kB
dist-prod/assets/KnowledgeContentMoveDialog-CNxGteyq.js                          4.94 kB
dist-prod/assets/dall3-DS48_e5w.js                                               4.95 kB
dist-prod/assets/FmsFinanceIndicatorForm-PHQv6iLb.js                             4.95 kB
dist-prod/assets/RecruitInterviewForm-Bc_eV8RH.js                                4.95 kB
dist-prod/assets/AndonConfigForm-B-la50Mg.js                                     4.95 kB
dist-prod/assets/BusinessInversionRateSummary-DtiIK3Rz.js                        4.95 kB
dist-prod/assets/knowledge-WxTt1XUn.js                                           4.96 kB
dist-prod/assets/account-BwpWnccc.js                                             4.96 kB
dist-prod/assets/request-Dj-i2Lcp.js                                             4.96 kB
dist-prod/assets/create--2xDBftT.js                                              4.96 kB
dist-prod/assets/WarehouseForm-8-je2jy9.js                                       4.97 kB
dist-prod/assets/template-B1RQJSsY.js                                            4.97 kB
dist-prod/assets/SocialClientForm-B-wHUUNS.js                                    4.97 kB
dist-prod/assets/logger-Dehs_4Wv.js                                              4.98 kB
dist-prod/assets/ReceivablePlanRemindList-BcVcvJjN.js                            4.99 kB
dist-prod/assets/template-BeFM-Gm-.js                                            4.99 kB
dist-prod/assets/FmsVoucherImportForm-DbqnliQF.js                                4.99 kB
dist-prod/assets/PointActivityForm-DBb_-FNJ.js                                   4.99 kB
dist-prod/assets/document-DYRti_fS.js                                            4.99 kB
dist-prod/assets/SourceConfigForm-B09JTZ75.js                                    5.00 kB
dist-prod/assets/EmployeeEducationExperienceForm-E-SMDGSX.js                     5.00 kB
dist-prod/assets/autocode-C2uB-7ak.js                                            5.01 kB
dist-prod/assets/SplitStep-CGoTP7sp.js                                           5.01 kB
dist-prod/assets/pickUpStore-CDabuUH3.js                                         5.03 kB
dist-prod/assets/FacePackItemDrawer-YsKvQAZ-.js                                  5.04 kB
dist-prod/assets/WorkshopForm-BTLhk-fL.js                                        5.04 kB
dist-prod/assets/EmployeeFullTimeForm-BrXSCMJz.js                                5.05 kB
dist-prod/assets/assessment-BatqoNqG.js                                          5.06 kB
dist-prod/assets/HrmHomeCalendar-0RA1bbjY.js                                     5.06 kB
dist-prod/assets/bizui-EOaiGWog.js                                               5.07 kB
dist-prod/assets/chatRole-DHmjTOYn.js                                            5.07 kB
dist-prod/assets/client-IL1W3GeT.js                                              5.08 kB
dist-prod/assets/month-BmVE80do.js                                               5.09 kB
dist-prod/assets/midjourney-BzYYAc4v.js                                          5.09 kB
dist-prod/assets/EmployeeQuitForm-CLlHvIsY.js                                    5.09 kB
dist-prod/assets/ProductSalesDetailForm-CyVWFFy9.js                              5.10 kB
dist-prod/assets/baiyan-P62VfTCp.js                                              5.10 kB
dist-prod/assets/CalShiftList-D801fIFX.js                                        5.10 kB
dist-prod/assets/haochi-Be9wmw3H.js                                              5.11 kB
dist-prod/assets/fadai-BX1MuRiu.js                                               5.15 kB
dist-prod/assets/liuhan-BK_bzjqj.js                                              5.15 kB
dist-prod/assets/firmware-CWaZs3hA.js                                            5.15 kB
dist-prod/assets/KnowledgeRecycleDetail-DtpkEO6E.js                              5.16 kB
dist-prod/assets/menu-B6iL_i1t.js                                                5.16 kB
dist-prod/assets/hongxin-DWLpKM_K.js                                             5.18 kB
dist-prod/assets/ProProcessContentList-Dkhy1t-X.js                               5.18 kB
dist-prod/assets/RouteForm-DtgFrX7Y.js                                           5.19 kB
dist-prod/assets/GroupSelectDialog-B2k8Dt8M.js                                   5.20 kB
dist-prod/assets/defect-CpbdK1qG.js                                              5.20 kB
dist-prod/assets/MessageTable-Cs44PkZR.js                                        5.21 kB
dist-prod/assets/autoReply-BBbtU-4w.js                                           5.21 kB
dist-prod/assets/warehouse-e20tYsgK.js                                           5.21 kB
dist-prod/assets/esi-e-BG4C2i.js                                                 5.21 kB
dist-prod/assets/StoreStaffTableSelect-BISCcNGW.js                               5.22 kB
dist-prod/assets/segment-BCg9DbZ-.js                                             5.22 kB
dist-prod/assets/RouteProductBomList-DeWCUeXz.js                                 5.22 kB
dist-prod/assets/property-Cq2_DrTu.js                                            5.22 kB
dist-prod/assets/nanguo-DJGUGoqA.js                                              5.22 kB
dist-prod/assets/operatelog-DLPzZkRR.js                                          5.23 kB
dist-prod/assets/SalaryTaxRuleForm-CCq7EOn3.js                                   5.23 kB
dist-prod/assets/config-BS2S6rd8.js                                              5.23 kB
dist-prod/assets/CombinationActivityForm-BGDp4qBO.js                             5.23 kB
dist-prod/assets/DeviceModbusConfigForm-CeA8x18L.js                              5.24 kB
dist-prod/assets/PerformanceHandleForm-DU0tTWeg.js                               5.24 kB
dist-prod/assets/UserForm-C5Si-RCA.js                                            5.24 kB
dist-prod/assets/data-CJX8Dp8G.js                                                5.24 kB
dist-prod/assets/KnowledgeDocumentComment-DosvhBuX.js                            5.25 kB
dist-prod/assets/PointTableSelect-Bf7-ZQsC.js                                    5.26 kB
dist-prod/assets/channel-p7x04X7w.js                                             5.27 kB
dist-prod/assets/normal-F5S4NQK8.js                                              5.27 kB
dist-prod/assets/demo01-2iyqaGwn.js                                              5.27 kB
dist-prod/assets/NewsForm-BTJNcZKt.js                                            5.28 kB
dist-prod/assets/ProductForm-Bnsq3Bk4.js                                         5.29 kB
dist-prod/assets/AttendanceGroupShiftForm-DokfFps6.js                            5.29 kB
dist-prod/assets/client-CIP0qrVw.js                                              5.30 kB
dist-prod/assets/main-BLsWzm9r.js                                                5.30 kB
dist-prod/assets/statistics-JvjkMRcR.js                                          5.31 kB
dist-prod/assets/pack-n6ojZBBz.js                                                5.31 kB
dist-prod/assets/DeviceDetailsThingModelProperty-B-hH0qJe.js                     5.32 kB
dist-prod/assets/subject-BFuILhif.js                                             5.32 kB
dist-prod/assets/MdItemSelectDialog-DHgVnE0S.js                                  5.33 kB
dist-prod/assets/product-CpOCkvDN.js                                             5.33 kB
dist-prod/assets/message-CAAIv4Uz.js                                             5.34 kB
dist-prod/assets/SpuTableSelect-CfFKU4h5.js                                      5.34 kB
dist-prod/assets/ProcessDefinitionDetail-q4BwSeXv.js                             5.35 kB
dist-prod/assets/keshui-DtQEhEUK.js                                              5.35 kB
dist-prod/assets/ContractAuditList-B8NLqh2h.js                                   5.35 kB
dist-prod/assets/bukesiyi--aompgfK.js                                            5.36 kB
dist-prod/assets/ContractRemindList-DRLYUqvU.js                                  5.36 kB
dist-prod/assets/TriggerSection-CEfIbgFj.js                                      5.36 kB
dist-prod/assets/MaintenRecordLineList-CXM9zP3i.js                               5.36 kB
dist-prod/assets/performanceTarget-BWTtIy1l.js                                   5.37 kB
dist-prod/assets/InventorySelect-C5EvcEH8.js                                     5.37 kB
dist-prod/assets/TemplateForm-BF192nUy.js                                        5.37 kB
dist-prod/assets/file-CvNkdDgM.js                                                5.37 kB
dist-prod/assets/HomeKpiCards-CnVarOq6.js                                        5.37 kB
dist-prod/assets/UserForm-DfrqSeCE.js                                            5.38 kB
dist-prod/assets/ProCardSelectDialog-B3wnm1yc.js                                 5.38 kB
dist-prod/assets/kaixin-DdtOpao0.js                                              5.39 kB
dist-prod/assets/template-lTEyBYdV.js                                            5.39 kB
dist-prod/assets/css-FJDfC0ZE.js                                                 5.39 kB
dist-prod/assets/BarcodeConfigForm-C_GJhE6y.js                                   5.40 kB
dist-prod/assets/indicator-CQCdIVUB.js                                           5.40 kB
dist-prod/assets/sn-DM8n-qrO.js                                                  5.41 kB
dist-prod/assets/activity-6R7KymRa.js                                            5.41 kB
dist-prod/assets/member-kXTsMAdz.js                                              5.41 kB
dist-prod/assets/FollowUpRecordForm-CZHIJImT.js                                  5.42 kB
dist-prod/assets/private-jpNM931K.js                                             5.42 kB
dist-prod/assets/activity-tYo8i_9s.js                                            5.42 kB
dist-prod/assets/location-BbIvXlD8.js                                            5.43 kB
dist-prod/assets/TenantForm-C8_wQkaM.js                                          5.43 kB
dist-prod/assets/AttendanceClockOverview-B9aIQqve.js                             5.44 kB
dist-prod/assets/DefectRecordInlineList-BrQmRXBu.js                              5.45 kB
dist-prod/assets/keai-DEKAk__e.js                                                5.46 kB
dist-prod/assets/dict-CtaFyROP.js                                                5.47 kB
dist-prod/assets/friend-DTefLS1D.js                                              5.48 kB
dist-prod/assets/liukoushui-CPFR73Qi.js                                          5.48 kB
dist-prod/assets/IndicatorForm-Egdw-al-.js                                       5.50 kB
dist-prod/assets/fileConfig-CiAL6Eom.js                                          5.50 kB
dist-prod/assets/MdProductBomForm-c1crvGlU.js                                    5.51 kB
dist-prod/assets/SalarySlipList-DPgnjdJE.js                                      5.51 kB
dist-prod/assets/maintenrecord-RC8hXtds.js                                       5.52 kB
dist-prod/assets/StockTakingPlanForm-e6L_Wic5.js                                 5.52 kB
dist-prod/assets/ProjectForm-BMnaiUmW.js                                         5.53 kB
dist-prod/assets/CheckRecordLineList-BhZ4CU0e.js                                 5.53 kB
dist-prod/assets/RepairLineList-B1YugunV.js                                      5.54 kB
dist-prod/assets/detail-BpZrtTUx.js                                              5.54 kB
dist-prod/assets/MdClientSelectDialog-Cm-ZLqKL.js                                5.55 kB
dist-prod/assets/employee-ZwX4aWGN.js                                            5.56 kB
dist-prod/assets/SeckillActivityForm-Cf97vD4z.js                                 5.56 kB
dist-prod/assets/auxiliary-balance-r3YTwkt_.js                                   5.56 kB
dist-prod/assets/DvCheckPlanSelectDialog-DGQf2GE5.js                             5.57 kB
dist-prod/assets/FmsAccountSetMemberForm-Dib8DU3y.js                             5.58 kB
dist-prod/assets/FriendAddDialog-BNpoijKf.js                                     5.59 kB
dist-prod/assets/warehouse-DiRkaPs0.js                                           5.59 kB
dist-prod/assets/BarcodeDetail-D7fKLuKi.js                                       5.60 kB
dist-prod/assets/manager-CUf-VL8L.js                                             5.61 kB
dist-prod/assets/type-DA122Z0e.js                                                5.62 kB
dist-prod/assets/MenuEditor-CgdENI6v.js                                          5.63 kB
dist-prod/assets/article-CsNnJA-7.js                                             5.67 kB
dist-prod/assets/PerformanceTaskTable-Uv4mml05.js                                5.70 kB
dist-prod/assets/customer-QiIOnsLS.js                                            5.71 kB
dist-prod/assets/packages-B_tISjmz.js                                            5.72 kB
dist-prod/assets/order-BffaGEog.js                                               5.73 kB
dist-prod/assets/DvSubjectSelectDialog-CzsG0KHb.js                               5.73 kB
dist-prod/assets/DeviceControlConfig-2QYAgt1I.js                                 5.73 kB
dist-prod/assets/MerchantForm-bBYbiDB4.js                                        5.74 kB
dist-prod/assets/ProductSummary-CCs7sbD2.js                                      5.74 kB
dist-prod/assets/template-B5bUM_GL.js                                            5.76 kB
dist-prod/assets/DvMachinerySelectDialog-s-_gZW2Q.js                             5.77 kB
dist-prod/assets/WorkOrderBomList-DWvcGVrV.js                                    5.77 kB
dist-prod/assets/ForgetPasswordForm-B-pfe7b-.js                                  5.77 kB
dist-prod/assets/ArrivalNoticeLineList-BJgGB_2s.js                               5.77 kB
dist-prod/assets/config-BiFUIdsG.js                                              5.78 kB
dist-prod/assets/SalaryEmployeeInfoBatchForm-DAjnFtwY.js                         5.79 kB
dist-prod/assets/QcIndicatorResultForm-ChiU-_BC.js                               5.80 kB
dist-prod/assets/stableDiffusion-BtZfipuS.js                                     5.80 kB
dist-prod/assets/salesnotice-B-S6-2C5.js                                         5.80 kB
dist-prod/assets/ConditionConfig-QSrrP4qi.js                                     5.81 kB
dist-prod/assets/inner-CtWLLCfO.js                                               5.82 kB
dist-prod/assets/request-Di8eOC6x.js                                             5.82 kB
dist-prod/assets/ActionSection-BO5OT6if.js                                       5.83 kB
dist-prod/assets/DeviceTriggerConfig-DNfwuNdq.js                                 5.83 kB
dist-prod/assets/business-DGV2QtiJ.js                                            5.83 kB
dist-prod/assets/activity-DJMJmm-d.js                                            5.83 kB
dist-prod/assets/leave-BDDtSt-C.js                                               5.83 kB
dist-prod/assets/option-C-yLiZi1.js                                              5.84 kB
dist-prod/assets/MessageContentPreview-ChP5YAL8.js                               5.85 kB
dist-prod/assets/group-DUvWLuRd.js                                               5.85 kB
dist-prod/assets/record-Bslog-ws.js                                              5.85 kB
dist-prod/assets/todo-DMna9CJV.js                                                5.85 kB
dist-prod/assets/StockTakingPlanSelectDialog-COn24ywz.js                         5.86 kB
dist-prod/assets/property-CoVkPcPF.js                                            5.86 kB
dist-prod/assets/route-Bsc01t2B.js                                               5.86 kB
dist-prod/assets/erp-CyDixaKk.js                                                 5.86 kB
dist-prod/assets/RecommendCardDialog-LchWf791.js                                 5.87 kB
dist-prod/assets/SalesNoticeLineList-BXE01fHu.js                                 5.87 kB
dist-prod/assets/ReceivablePlanForm-CKkKF2jS.js                                  5.88 kB
dist-prod/assets/detail-B6HUAeR0.js                                              5.88 kB
dist-prod/assets/HrmEmployeeSelectDialog-C8Wi4sT4.js                             5.91 kB
dist-prod/assets/detail-Cwz1ljXE.js                                              5.91 kB
dist-prod/assets/ModelForm-DE46ifAw.js                                           5.94 kB
dist-prod/assets/EmployeeContractForm-CT3Sfqyd.js                                5.95 kB
dist-prod/assets/DeviceDetailsSubDevice-__JL7ZEg.js                              5.95 kB
dist-prod/assets/leave-CrE3FTru.js                                               5.95 kB
dist-prod/assets/MdProductSipForm-csrUWIHX.js                                    5.96 kB
dist-prod/assets/MdProductSopForm-quYFlsuy.js                                    5.96 kB
dist-prod/assets/RegisterForm-D8OqbeWY.js                                        5.96 kB
dist-prod/assets/pinia-oj4ifnL1.js                                               5.97 kB
dist-prod/assets/MdVendorSelectDialog-XwiUrmqB.js                                5.98 kB
dist-prod/assets/SeckillTableSelect-BbKUKQ3G.js                                  5.98 kB
dist-prod/assets/SupplierForm-8WTV3nm_.js                                        5.99 kB
dist-prod/assets/vendor-CrmIuv5G.js                                              5.99 kB
dist-prod/assets/CustomerForm-BczSmHEs.js                                        5.99 kB
dist-prod/assets/CombinationTableSelect-BMjPAWzY.js                              6.00 kB
dist-prod/assets/TmToolSelectDialog--AJJKgJr.js                                  6.01 kB
dist-prod/assets/ConversationItem-CwUvt1-h.js                                    6.01 kB
dist-prod/assets/apiAccessLog-DJ2qFYNY.js                                        6.01 kB
dist-prod/assets/OrderTableColumn-BTkCK3tM.js                                    6.03 kB
dist-prod/assets/checkrecord-BY-tDqbK.js                                         6.03 kB
dist-prod/assets/RouteProductList-Cw7pixkI.js                                    6.03 kB
dist-prod/assets/codegen-BSGwmjmX.js                                             6.04 kB
dist-prod/assets/rtc-BAHHY3lA.js                                                 6.06 kB
dist-prod/assets/constants-B8_cHhwU.js                                           6.07 kB
dist-prod/assets/workstation-BUtN3gqr.js                                         6.16 kB
dist-prod/assets/CardForm-Bg9xNcgc.js                                            6.16 kB
dist-prod/assets/DatabaseConfigForm-TU7KKmHI.js                                  6.18 kB
dist-prod/assets/node-Bg0oH5LY.js                                                6.18 kB
dist-prod/assets/index-D8yzsEaK.js                                               6.18 kB
dist-prod/assets/ArrivalNoticeForm-oNxgrKPe.js                                   6.18 kB
dist-prod/assets/DiscountActivityForm-CaVo854x.js                                6.19 kB
dist-prod/assets/css-RjDVBpTE2.js                                                6.20 kB
dist-prod/assets/KnowledgeDocumentDetail-BDepkPQ5.js                             6.20 kB
dist-prod/assets/StockInItemForm-DrAfzZj9.js                                     6.20 kB
dist-prod/assets/StockOutItemForm-DlhzAEn-.js                                    6.20 kB
dist-prod/assets/SpuSelect-BPiNkmH1.js                                           6.20 kB
dist-prod/assets/template-DV3Q8y04.js                                            6.21 kB
dist-prod/assets/materialstock-BZ68cvBj.js                                       6.22 kB
dist-prod/assets/card-GyxEU4xQ.js                                                6.22 kB
dist-prod/assets/apiErrorLog-DogmIubc.js                                         6.22 kB
dist-prod/assets/RewardForm-B_akobek.js                                          6.22 kB
dist-prod/assets/AutoCodeRuleForm-DqItMKk8.js                                    6.23 kB
dist-prod/assets/CheckPlanForm-D2s3Ls1_.js                                       6.24 kB
dist-prod/assets/template-DsaXUEQt.js                                            6.24 kB
dist-prod/assets/comment-CmeGViXy.js                                             6.25 kB
dist-prod/assets/GroupRequestListDialog-XnPQoYDV.js                              6.26 kB
dist-prod/assets/itemreceipt-BtfgoaHc.js                                         6.26 kB
dist-prod/assets/Index2-T0kNuJLD.js                                              6.27 kB
dist-prod/assets/outsourceissue-BXRhQLCB.js                                      6.28 kB
dist-prod/assets/returnvendor-LSJxT2h3.js                                        6.28 kB
dist-prod/assets/ProductIssueLineList-B-pzAlT0.js                                6.29 kB
dist-prod/assets/IterationList-CkZS5dfK.js                                       6.31 kB
dist-prod/assets/statistics-Ma1RHO-U.js                                          6.34 kB
dist-prod/assets/CheckOrderPrint-BMOZ_0yB.js                                     6.34 kB
dist-prod/assets/pool-DW3knLWA.js                                                6.34 kB
dist-prod/assets/FmsAuxiliaryItemPanel-CzMNqGev.js                               6.36 kB
dist-prod/assets/ProductForm-_Wi3I7NG.js                                         6.36 kB
dist-prod/assets/ConversationPrivateSide-BbhsHKWU.js                             6.37 kB
dist-prod/assets/productreceipt-_3qbS608.js                                      6.37 kB
dist-prod/assets/plan-BiNE7Ss2.js                                                6.39 kB
dist-prod/assets/client-DFhlcNTO.js                                              6.40 kB
dist-prod/assets/report-e5T2py0D.js                                              6.40 kB
dist-prod/assets/EmployeeForm-B6riUTWX.js                                        6.41 kB
dist-prod/assets/history-CX6xCVHJ.js                                             6.42 kB
dist-prod/assets/pendinginspect-BuDAFETJ.js                                      6.43 kB
dist-prod/assets/manager-B_dECz-e.js                                             6.43 kB
dist-prod/assets/role-DqIrXXNa.js                                                6.44 kB
dist-prod/assets/AttendanceClockForm-CURK8HEv.js                                 6.44 kB
dist-prod/assets/item-BTguK4Xy.js                                                6.45 kB
dist-prod/assets/PackageLineList-DT-QkxAP.js                                     6.45 kB
dist-prod/assets/arrivalnotice-BPLd8NYu.js                                       6.45 kB
dist-prod/assets/ProfitLossSettingsForm-BSCUQVdf.js                              6.48 kB
dist-prod/assets/manager-B6ZJK0Nd.js                                             6.49 kB
dist-prod/assets/record-CD0DXtXo.js                                              6.49 kB
dist-prod/assets/ReceivableForm-Ll8SP01B.js                                      6.49 kB
dist-prod/assets/config-BntUync3.js                                              6.51 kB
dist-prod/assets/constants-BvQ0_knU.js                                           6.51 kB
dist-prod/assets/WmSalesNoticeSelectDialog-CNjb9RLt.js                           6.53 kB
dist-prod/assets/area-5xOcwCf5.js                                                6.54 kB
dist-prod/assets/ipqc-BWzj0sgZ.js                                                6.57 kB
dist-prod/assets/task-EHP_Kycn.js                                                6.57 kB
dist-prod/assets/PurchaseOrderForm-BDIci97B.js                                   6.58 kB
dist-prod/assets/finance-parameter-CsOkulmX.js                                   6.58 kB
dist-prod/assets/oqc-C4kAuV8g.js                                                 6.59 kB
dist-prod/assets/ItemSkuSelect-Cj4KxKYM.js                                       6.59 kB
dist-prod/assets/ArticleForm-7-Sd7VgR.js                                         6.59 kB
dist-prod/assets/notify-Qsx-6PhN.js                                              6.59 kB
dist-prod/assets/record-Cq54sGum.js                                              6.59 kB
dist-prod/assets/EmployeeCreateFromUserForm-DalhuRJD.js                          6.60 kB
dist-prod/assets/KnowledgeContentPermissionForm-DFbEy_rK.js                      6.61 kB
dist-prod/assets/KnowledgeLibraryTemplateForm-DXafoLRY.js                        6.63 kB
dist-prod/assets/detail-wE-hSdNK.js                                              6.64 kB
dist-prod/assets/barcode-V4dgtfXO.js                                             6.64 kB
dist-prod/assets/LocationForm-czvNYwiI.js                                        6.64 kB
dist-prod/assets/WmArrivalNoticeSelectDialog-plOyQtNa.js                         6.65 kB
dist-prod/assets/tool-DSOqcbE-.js                                                6.65 kB
dist-prod/assets/item-jIS_2-Wx.js                                                6.66 kB
dist-prod/assets/DeviceForm-D02A27G5.js                                          6.68 kB
dist-prod/assets/PerformanceQuotaForm-DdL11dh3.js                                6.68 kB
dist-prod/assets/AutoCodePartForm-CBaJ2m8N.js                                    6.70 kB
dist-prod/assets/SaleOrderItemForm-kpXchJ07.js                                   6.70 kB
dist-prod/assets/PropertySelector-DubKSTrp.js                                    6.72 kB
dist-prod/assets/AlertConfigForm-BTavWDNr.js                                     6.72 kB
dist-prod/assets/BusinessForm-oVyuJhaO.js                                        6.73 kB
dist-prod/assets/machinery-Nab0Kw0r.js                                           6.73 kB
dist-prod/assets/UserSelectDialogV2-BtEkNqRT.js                                  6.73 kB
dist-prod/assets/StockCheckItemForm-BYrzpWHw.js                                  6.74 kB
dist-prod/assets/DeviceModbusConfig-Df339zAY.js                                  6.75 kB
dist-prod/assets/UserAftersaleList-BxVOCTO4.js                                   6.75 kB
dist-prod/assets/returnissue-424GMgaN.js                                         6.75 kB
dist-prod/assets/group-COgDvN_p.js                                               6.76 kB
dist-prod/assets/OutsourceIssueLineList-D1dpLObQ.js                              6.77 kB
dist-prod/assets/ProWorkOrderSelectDialog-C96_f12A.js                            6.78 kB
dist-prod/assets/checkplan-dlwDa2Z0.js                                           6.78 kB
dist-prod/assets/SalesNoticeForm-KCLyPi_k.js                                     6.79 kB
dist-prod/assets/PerformanceConfigForm-CR2AWv_u.js                               6.80 kB
dist-prod/assets/UserOrderList-BfwHJzFU.js                                       6.81 kB
dist-prod/assets/PurchaseOrderItemForm-DpFf1vLs.js                               6.82 kB
dist-prod/assets/BargainActivityForm-B--Cjppf.js                                 6.82 kB
dist-prod/assets/clue-CjlRDWgf.js                                                6.82 kB
dist-prod/assets/tenant-BYqO9-Ha.js                                              6.83 kB
dist-prod/assets/log-WBZpCQRf.js                                                 6.83 kB
dist-prod/assets/transfer-DTvnFE5-.js                                            6.84 kB
dist-prod/assets/repair-Cdxa_V97.js                                              6.84 kB
dist-prod/assets/afterSale-DiGf_JHt.js                                           6.85 kB
dist-prod/assets/DeviceModbusPointForm-CYjIrRnK.js                               6.86 kB
dist-prod/assets/StockMoveItemForm-neDK6sWB.js                                   6.86 kB
dist-prod/assets/ClueForm-ouXXzbrQ.js                                            6.88 kB
dist-prod/assets/CustomerForm-BHtyHG-y.js                                        6.89 kB
dist-prod/assets/task-CdazL2T7.js                                                6.92 kB
dist-prod/assets/RecruitCandidateForm--8aUoM-x.js                                6.93 kB
dist-prod/assets/plan-NbTuctGd.js                                                6.95 kB
dist-prod/assets/property-B-VU8jJZ.js                                            6.95 kB
dist-prod/assets/RtcCallRunning-Cqi-0t1u.js                                      6.95 kB
dist-prod/assets/property-dZcz7wVQ.js                                            6.97 kB
dist-prod/assets/EmployeeBaseInfo-DFhwxkHo.js                                    7.00 kB
dist-prod/assets/SaleOrderForm-BakcIU7C.js                                       7.00 kB
dist-prod/assets/record-H4cVD5VO.js                                              7.00 kB
dist-prod/assets/MessageBubble-8f5Pm7hD.js                                       7.00 kB
dist-prod/assets/productissue-NX0I0qhg.js                                        7.01 kB
dist-prod/assets/MiscReceiptLineList-LUJS1zZp.js                                 7.02 kB
dist-prod/assets/ProTaskSelectDialog-DSlWAJAq.js                                 7.02 kB
dist-prod/assets/done-4fHik59d.js                                                7.03 kB
dist-prod/assets/returnsales-DMFjQKCf.js                                         7.03 kB
dist-prod/assets/ReturnVendorLineList-D3979adq.js                                7.03 kB
dist-prod/assets/ConversationPickerPanel-DXLM9tbC.js                             7.03 kB
dist-prod/assets/log-y7XIvUok.js                                                 7.07 kB
dist-prod/assets/outsourcereceipt-CNGJVTHl.js                                    7.07 kB
dist-prod/assets/css-BD61ZQ_6.js                                                 7.10 kB
dist-prod/assets/HttpRequestSetting-BXvTJ6bd.js                                  7.10 kB
dist-prod/assets/property-BH3PALw9.js                                            7.11 kB
dist-prod/assets/detail-CGYiDmH7.js                                              7.11 kB
dist-prod/assets/AttendanceClockRecordList-CepgkcB-.js                           7.12 kB
dist-prod/assets/ProductReceiptForm-CCYUK_JE.js                                  7.12 kB
dist-prod/assets/property-DT3SkI8B.js                                            7.12 kB
dist-prod/assets/WmPackageSelectDialog-BZV9F26n.js                               7.16 kB
dist-prod/assets/ProductForm-Bwcq0yS0.js                                         7.17 kB
dist-prod/assets/MachineryForm-kZtHZoow.js                                       7.18 kB
dist-prod/assets/ClosingTemplateForm-vl1rah9B.js                                 7.20 kB
dist-prod/assets/TemplateIndicatorList-B8K22Cso.js                               7.22 kB
dist-prod/assets/ExpressTemplateForm-DzCepRnN.js                                 7.23 kB
dist-prod/assets/order-DcwEW6qd.js                                               7.24 kB
dist-prod/assets/PurchaseInItemForm-DtvHSzRT.js                                  7.25 kB
dist-prod/assets/MainConditionInnerConfig-DbnDRxB0.js                            7.26 kB
dist-prod/assets/WorkOrderForm2-DnHb3TMU.js                                      7.27 kB
dist-prod/assets/PickUpStoreForm-C5Bri42D.js                                     7.28 kB
dist-prod/assets/MiscReceiptForm-CL9aidVe.js                                     7.28 kB
dist-prod/assets/MiscIssueForm-BR7LvoaY.js                                       7.29 kB
dist-prod/assets/SaleOutItemForm-Ce81gbgm.js                                     7.29 kB
dist-prod/assets/trade-ihH06IRM.js                                               7.29 kB
dist-prod/assets/SaleReturnItemForm-Cc6TixnM.js                                  7.30 kB
dist-prod/assets/PurchaseReturnItemForm-c2Crp8lP.js                              7.30 kB
dist-prod/assets/rqc-CkFA-s3z.js                                                 7.30 kB
dist-prod/assets/JsonParamsInput-DBd-Ijeh.js                                     7.32 kB
dist-prod/assets/ToolForm-2G2otOLI.js                                            7.32 kB
dist-prod/assets/TemplateItemList-B8-CjEIa.js                                    7.33 kB
dist-prod/assets/form-CaudlSkB.js                                                7.34 kB
dist-prod/assets/ProTaskList-CuQ7HMjK.js                                         7.34 kB
dist-prod/assets/miscissue-HuVOJWwM.js                                           7.35 kB
dist-prod/assets/receivable-rM5mOmT6.js                                          7.35 kB
dist-prod/assets/FinanceReceiptForm-lJPM9rEI.js                                  7.36 kB
dist-prod/assets/DataSinkForm-B4VwQZaF.js                                        7.36 kB
dist-prod/assets/FinancePaymentForm-CS8mj0NJ.js                                  7.37 kB
dist-prod/assets/ProductIssueForm-DvdTAV8u.js                                    7.37 kB
dist-prod/assets/miscreceipt-8GTwCiRI.js                                         7.37 kB
dist-prod/assets/template-DTXM2vM9.js                                            7.39 kB
dist-prod/assets/WmMaterialStockSelectDialog-DtBnoND_.js                         7.43 kB
dist-prod/assets/app-CX5oQ1CZ.js                                                 7.43 kB
dist-prod/assets/AppLinkSelectDialog-DifqNySn.js                                 7.43 kB
dist-prod/assets/OutsourceReceiptForm-DqdYGZ2B.js                                7.43 kB
dist-prod/assets/plan-CvSp281Z.js                                                7.44 kB
dist-prod/assets/library-TUFCshYC.js                                             7.44 kB
dist-prod/assets/transfer-D-XiI9MA.js                                            7.44 kB
dist-prod/assets/OtaTaskDetail-DUqnVeOn.js                                       7.47 kB
dist-prod/assets/user-rtt38RrY.js                                                7.47 kB
dist-prod/assets/ClosingSchemeForm-DcBzSwVh.js                                   7.48 kB
dist-prod/assets/job-Dmz_zI09.js                                                 7.48 kB
dist-prod/assets/WorkItemComment-DRDKWQHL.js                                     7.50 kB
dist-prod/assets/employee-info-CSyQR0AC.js                                       7.50 kB
dist-prod/assets/OutsourceIssueForm-DwLRNx1K.js                                  7.52 kB
dist-prod/assets/FmsAccountSetForm-C-3rYwrx.js                                   7.53 kB
dist-prod/assets/ReturnIssueForm-CY9w0_FH.js                                     7.53 kB
dist-prod/assets/dist-lqE7A_hp.js                                                7.55 kB
dist-prod/assets/ClosingSchemeList-DL1a0lSA.js                                   7.55 kB
dist-prod/assets/detail-JecTBjHg.js                                              7.58 kB
dist-prod/assets/ProductSalesLineList-DgtCw6zh.js                                7.59 kB
dist-prod/assets/ChatRoleForm-DJpbJyHI.js                                        7.59 kB
dist-prod/assets/MiscIssueLineList-P4-OVBBT.js                                   7.61 kB
dist-prod/assets/WorkItemStatusList-jle4ZqM7.js                                  7.61 kB
dist-prod/assets/FmsReportFormulaForm-CoFbKzqn.js                                7.62 kB
dist-prod/assets/ItemReceiptForm-CstbOqNS.js                                     7.62 kB
dist-prod/assets/AndonRecordForm-CKggCHza.js                                     7.64 kB
dist-prod/assets/processInstance-s2W0pDOx.js                                     7.66 kB
dist-prod/assets/ProjectOverview-Dtfr0z2_.js                                     7.66 kB
dist-prod/assets/iqc-BoiLiHof.js                                                 7.68 kB
dist-prod/assets/PerformanceReviewForm-kP0wN4g6.js                               7.68 kB
dist-prod/assets/MenuForm-CRlznGac.js                                            7.68 kB
dist-prod/assets/ReturnSalesForm-CSa_AOK4.js                                     7.69 kB
dist-prod/assets/LoginForm-DDqVi92M.js                                           7.70 kB
dist-prod/assets/refund-DACrsKHL.js                                              7.70 kB
dist-prod/assets/manager-RVHvAQny.js                                             7.71 kB
dist-prod/assets/PurchaseInForm-BxP_WB_N.js                                      7.73 kB
dist-prod/assets/ReturnSalesLineList-D2co4wcZ.js                                 7.76 kB
dist-prod/assets/detail-BuL2SUav.js                                              7.76 kB
dist-prod/assets/PurchaseReturnForm-D6DzkrUF.js                                  7.80 kB
dist-prod/assets/subject-BUcUDfsF.js                                             7.80 kB
dist-prod/assets/auxiliary-detail-BRh7Pv4T.js                                    7.83 kB
dist-prod/assets/MessageForwardDialog-D6JuCZVY.js                                7.84 kB
dist-prod/assets/productsales-B0WcCxP8.js                                        7.85 kB
dist-prod/assets/RouteProcessList-eRT9Yhtf.js                                    7.87 kB
dist-prod/assets/detail-CQAvSp1T.js                                              7.87 kB
dist-prod/assets/move-BvnEdWlb.js                                                7.89 kB
dist-prod/assets/user-CRqAgva1.js                                                7.89 kB
dist-prod/assets/check-BvPwnp4d.js                                               7.89 kB
dist-prod/assets/WorkstationForm-CRwcYOpA.js                                     7.90 kB
dist-prod/assets/PerformanceAssessmentConfigEditor-BCESZMZl.js                   7.92 kB
dist-prod/assets/closing-DrAPQ7O2.js                                             7.92 kB
dist-prod/assets/CardProcessList-DgXk2nJ7.js                                     7.92 kB
dist-prod/assets/ProductReceiptLineList-D6cMSs-K.js                              7.92 kB
dist-prod/assets/contact-DgmLJG1r.js                                             7.93 kB
dist-prod/assets/MdItemForm-oLHpg7IF.js                                          7.97 kB
dist-prod/assets/CalPlanForm-BzMjgYvG.js                                         7.97 kB
dist-prod/assets/feedback-BVgyvgBf.js                                            7.97 kB
dist-prod/assets/emoji-B1ktzYLF.js                                               8.00 kB
dist-prod/assets/withdraw-DTaLC2x6.js                                            8.03 kB
dist-prod/assets/FacePicker-CF09FjFx.js                                          8.06 kB
dist-prod/assets/detail-BLpuIEp_.js                                              8.06 kB
dist-prod/assets/plan-aXwtpff-.js                                                8.08 kB
dist-prod/assets/consts-BQOk1otf.js                                              8.09 kB
dist-prod/assets/ItemForm-DHQQUj1k.js                                            8.12 kB
dist-prod/assets/AreaForm-Cd7JeT9E.js                                            8.13 kB
dist-prod/assets/ContactForm-Ba96mZTD.js                                         8.14 kB
dist-prod/assets/ClientForm-C_t1UcRy.js                                          8.14 kB
dist-prod/assets/ItemReceiptLineList-CDob-gDe.js                                 8.14 kB
dist-prod/assets/user-CrFzUn9N.js                                                8.18 kB
dist-prod/assets/SaleOutForm-BYfbKJ_m.js                                         8.19 kB
dist-prod/assets/SaleReturnForm-DJcHO0xo.js                                      8.22 kB
dist-prod/assets/KeFuMessageList-BTHIXDB3.js                                     8.23 kB
dist-prod/assets/index-BmV_UWIg.js                                               8.28 kB
dist-prod/assets/customer-BR_0uNC9.js                                            8.31 kB
dist-prod/assets/css-DTEI0JH7.js                                                 8.34 kB
dist-prod/assets/ReturnVendorForm-AasetZe0.js                                    8.34 kB
dist-prod/assets/UserInfo-B_JRPEs3.js                                            8.37 kB
dist-prod/assets/in-AGOXo5Sh.js                                                  8.38 kB
dist-prod/assets/PackageForm-k1zJNR4G.js                                         8.39 kB
dist-prod/assets/out-BgUclKkA.js                                                 8.39 kB
dist-prod/assets/order-DBvd-c6v.js                                               8.40 kB
dist-prod/assets/RepairForm--ewn_xw7.js                                          8.48 kB
dist-prod/assets/month-record-BIDBREle.js                                        8.56 kB
dist-prod/assets/OutsourceReceiptLineList-BrYsQIu3.js                            8.64 kB
dist-prod/assets/contract-QVQn2Ea0.js                                            8.64 kB
dist-prod/assets/WorkItemAllList-dRbX5fzT.js                                     8.65 kB
dist-prod/assets/property-B4pY7wJP.js                                            8.67 kB
dist-prod/assets/ContractForm-DZAAtXE2.js                                        8.67 kB
dist-prod/assets/post-CNX0lp9-.js                                                8.70 kB
dist-prod/assets/ThingModelProperty-CtiaIHXF.js                                  8.73 kB
dist-prod/assets/FileConfigForm-D05_sOmB.js                                      8.78 kB
dist-prod/assets/SalaryEmployeeInfoForm-CUX5FVvL.js                              8.78 kB
dist-prod/assets/DeviceDetailsSimulator-C7AkGfdh.js                              8.81 kB
dist-prod/assets/ReturnIssueLineList-pa6mlvxu.js                                 8.82 kB
dist-prod/assets/document-BQwRV2mA.js                                            8.82 kB
dist-prod/assets/receipt-DTyfx5ya.js                                             8.85 kB
dist-prod/assets/workorder-C7kMxT70.js                                           8.86 kB
dist-prod/assets/payment-DD1r4mhw.js                                             8.86 kB
dist-prod/assets/spu-BygcvzNZ.js                                                 8.89 kB
dist-prod/assets/GenerateInfoForm-DaPDlfZc.js                                    8.93 kB
dist-prod/assets/pickUpOrder-CAkZE9Zr.js                                         8.96 kB
dist-prod/assets/cash-flow-statement-e6GFO1Nc.js                                 9.07 kB
dist-prod/assets/StockTakingPlanParamList-B347QJJV.js                            9.12 kB
dist-prod/assets/SalarySlipSendForm-D8ux30RT.js                                  9.13 kB
dist-prod/assets/order-BdZWmq6o.js                                               9.14 kB
dist-prod/assets/StockTakingTaskResultList-D7qMKLbg.js                           9.16 kB
dist-prod/assets/order-BUG9Nfyo.js                                               9.20 kB
dist-prod/assets/ProjectGantt-BUimMsbU.js                                        9.23 kB
dist-prod/assets/product-DcuD6pVZ.js                                             9.29 kB
dist-prod/assets/TransferLineList-CoJKGOSA.js                                    9.45 kB
dist-prod/assets/constants-BcbneF_k.js                                           9.49 kB
dist-prod/assets/PrintDialog-uhlwnaVz.js                                         9.54 kB
dist-prod/assets/KnowledgeLibraryForm-DyYsacqI.js                                9.64 kB
dist-prod/assets/detail-ZRc66aGo.js                                              9.65 kB
dist-prod/assets/WorkItemForm-l6bhNDaB.js                                        9.69 kB
dist-prod/assets/WeixinChannelForm-CfHdtXYO.js                                   9.70 kB
dist-prod/assets/ReceiptOrderForm-DnLVNhdO.js                                    9.76 kB
dist-prod/assets/TransferForm-BtXJqL6e.js                                        9.80 kB
dist-prod/assets/StockTakingForm-zg4-VmIk.js                                     9.80 kB
dist-prod/assets/css--EwglXQp.js                                                 9.83 kB
dist-prod/assets/MovementOrderForm-DIPE9cNM.js                                   9.87 kB
dist-prod/assets/BasicInfo-D37ZquMU.js                                           9.87 kB
dist-prod/assets/MdClientForm-CMOAn_sn.js                                        9.92 kB
dist-prod/assets/SkuList-CYPIyyDd.js                                             9.96 kB
dist-prod/assets/out-CrFDKhzd.js                                                 9.96 kB
dist-prod/assets/in-DLm9Whpm.js                                                 10.02 kB
dist-prod/assets/return-ByRNCYbc.js                                             10.02 kB
dist-prod/assets/editor-BCSKYbKZ.js                                             10.03 kB
dist-prod/assets/return-dfC7Z6kS.js                                             10.09 kB
dist-prod/assets/MdVendorForm-Fc7v_mlk.js                                       10.17 kB
dist-prod/assets/AlipayChannelForm-D5LRdUul.js                                  10.17 kB
dist-prod/assets/Index-DrFMxo1h.js                                              10.20 kB
dist-prod/assets/css-BYxD2jtQ.js                                                10.26 kB
dist-prod/assets/ProductSalesForm-DGl_uKT9.js                                   10.32 kB
dist-prod/assets/ShipmentOrderForm-DyT1SR3U.js                                  10.32 kB
dist-prod/assets/ConversationList-CIeMMy-t.js                                   10.32 kB
dist-prod/assets/config-DpAGMHj2.js                                             10.50 kB
dist-prod/assets/FmsVoucherPrintForm-CmMKgikx.js                                10.51 kB
dist-prod/assets/MessageHistory-BqWZvUro.js                                     10.62 kB
dist-prod/assets/Login-Cuj2nRWs.js                                              10.75 kB
dist-prod/assets/InsuranceSchemeForm-DfGX69Ay.js                                10.92 kB
dist-prod/assets/CouponTemplateForm-aeFYfFH3.js                                 10.95 kB
dist-prod/assets/WorkOrderForm-BDBEWhnt.js                                      10.97 kB
dist-prod/assets/detail-Co5jxh48.js                                             11.00 kB
dist-prod/assets/FmsSubjectForm-DFhcR6u5.js                                     11.03 kB
dist-prod/assets/PerformancePlanProcessForm-DaR4nMrN.js                         11.04 kB
dist-prod/assets/zh-CN-BJnhP9dB.js                                              11.05 kB
dist-prod/assets/BarcodeForm-DGLYpBk5.js                                        11.16 kB
dist-prod/assets/css-DRwTiIX_.js                                                11.42 kB
dist-prod/assets/en-DcUhk6va.js                                                 11.43 kB
dist-prod/assets/css-CXkynwtY.js                                                11.45 kB
dist-prod/assets/RqcForm-DETynWfP.js                                            11.48 kB
dist-prod/assets/WmBatchSelectDialog-Cvea0DNF.js                                11.48 kB
dist-prod/assets/workbench-w4XbBgqX.js                                          11.49 kB
dist-prod/assets/detail-B9SgPGo4.js                                             11.76 kB
dist-prod/assets/IqcForm-C46NoO2u.js                                            11.88 kB
dist-prod/assets/form-B9hJrK0u.js                                               11.89 kB
dist-prod/assets/device-Btt1tPdX.js                                             12.18 kB
dist-prod/assets/RecruitPostForm-CBNUAgnH.js                                    12.19 kB
dist-prod/assets/OqcForm-Bjqddrtw.js                                            12.37 kB
dist-prod/assets/movement-B9hEYwE_.js                                           12.47 kB
dist-prod/assets/CheckOrderForm-D-BUywP2.js                                     12.50 kB
dist-prod/assets/constants--5UrpWY7.js                                          12.66 kB
dist-prod/assets/CategoryDraggableModel-7rpF7gbo.js                             12.89 kB
dist-prod/assets/MessagePanel-abKlJSCp.js                                       13.27 kB
dist-prod/assets/receipt-DmyboHLE.js                                            13.48 kB
dist-prod/assets/shipment-DVqlJaiK.js                                           13.49 kB
dist-prod/assets/check-BQyeNsC8.js                                              13.51 kB
dist-prod/assets/list-CSyYYsT4.js                                               13.55 kB
dist-prod/assets/initial-balance-CcvYq7n_.js                                    13.69 kB
dist-prod/assets/MessageItem-mz3VA2ae.js                                        13.99 kB
dist-prod/assets/IpqcForm-D3zR5arZ.js                                           14.00 kB
dist-prod/assets/Verify-sqrti-KT.js                                             14.32 kB
dist-prod/assets/FeedbackForm-DlxbYhnA.js                                       14.41 kB
dist-prod/assets/PlanningBoard-BIG7rxkJ.js                                      14.45 kB
dist-prod/assets/MessageInput-BWUQDI9a.js                                       14.59 kB
dist-prod/assets/SocialLogin-CH4JkjsC.js                                        15.08 kB
dist-prod/assets/css-BnWaMoVJ.js                                                15.33 kB
dist-prod/assets/useMessagePuller-BmekifAT.js                                   15.48 kB
dist-prod/assets/ProjectTemplateForm-D1hXker3.js                                15.79 kB
dist-prod/assets/scene-BFPsHW2T.js                                              15.85 kB
dist-prod/assets/list-BGYyF9vr.js                                               15.89 kB
dist-prod/assets/MessageList-QUBM_o79.js                                        15.90 kB
dist-prod/assets/WorkItemDetail-CKtnSy_l.js                                     16.38 kB
dist-prod/assets/AttendanceGroupForm-CuoeHZMK.js                                16.44 kB
dist-prod/assets/WorkItemList-BRmyKSlO.js                                       16.88 kB
dist-prod/assets/Echart-D5GzVy0-.js                                             17.35 kB
dist-prod/assets/employee-DQeJ8DfR.js                                           18.63 kB
dist-prod/assets/Icon-DYmTCLuU.js                                               18.67 kB
dist-prod/assets/EmployeeForm-DWUiH4Ku.js                                       18.72 kB
dist-prod/assets/ConversationGroupSide-DGz8n4kI.js                              18.89 kB
dist-prod/assets/ProcessInstanceTimeline-BvIFxwuf.js                            19.65 kB
dist-prod/assets/candidate-DTy4qxm-.js                                          21.27 kB
dist-prod/assets/SignDialog-DJw5jeGp.js                                         22.13 kB
dist-prod/assets/Crontab-UAS6yqHo.js                                            22.22 kB
dist-prod/assets/PreviewCode-C-ZZnqh3.js                                        23.16 kB
dist-prod/assets/browser-CTb_QRCl.js                                            23.47 kB
dist-prod/assets/IconSelect-CrS4zt6K.js                                         23.70 kB
dist-prod/assets/ExtraSettings-CBGhwcJA.js                                      24.76 kB
dist-prod/assets/ProcessInstanceOperationButton-Be0gdKrD.js                     24.85 kB
dist-prod/assets/InputPassword-mBlWRZdJ.js                                      26.48 kB
dist-prod/assets/create-FnaoOd0D.js                                             29.91 kB
dist-prod/assets/cashier-C66TuIyy.js                                            36.39 kB
dist-prod/assets/sortable.esm-DkReprmZ.js                                       36.48 kB
dist-prod/assets/css-CMe5VaXq.js                                                38.50 kB
dist-prod/assets/util-BX2F0dEd.js                                               40.50 kB
dist-prod/assets/Form-DhLd1Qtk.js                                               42.52 kB
dist-prod/assets/UserAvatar-DAbH7vWA.js                                         48.56 kB
dist-prod/assets/auth-DOTW9RVc.js                                               59.03 kB
dist-prod/assets/useI18n-ClgcQ8gb.js                                            60.65 kB
dist-prod/assets/china-CI_EmPry.js                                              60.85 kB
dist-prod/assets/Layout-CuJ0k16m.js                                             65.50 kB
dist-prod/assets/Barcode-DvMnJDH_.js                                            65.84 kB
dist-prod/assets/conversationStore-BuyYTndg.js                                  84.59 kB
dist-prod/assets/markdown-it-D0-PZ8x3.js                                       101.34 kB
dist-prod/assets/src-CgYPysDc.js                                               132.00 kB
dist-prod/assets/vuedraggable.umd-CZnP1hPZ.js                                  176.66 kB
dist-prod/assets/lib-Cj6oYqzq.js                                               209.06 kB
dist-prod/assets/WorkflowDesign-o2AhhppV.js                                    323.42 kB
dist-prod/assets/main-DLCqCkKC.js                                              440.99 kB
dist-prod/assets/RtcCallContainer-Ne9wO4IN.js                                  477.03 kB
dist-prod/assets/Right-Jc_FAEKW.js                                             574.28 kB
dist-prod/assets/GanttChart-G7rsV404.js                                        606.53 kB
dist-prod/assets/style.css_vue_type_style_index_0_src_true_lang-B3RxoNbq.js    679.02 kB
dist-prod/assets/main-BLn1mFuO.js                                              711.63 kB
dist-prod/assets/form-create-8fNFPdYB.js                                       741.35 kB
dist-prod/assets/package-CDRq6Rkg.js                                           832.65 kB
dist-prod/assets/axios-DqXQchpk.js                                             891.64 kB
dist-prod/assets/es-DG8PJwHP.js                                                913.77 kB
dist-prod/assets/JsonEditor-BplCbkV2.js                                      1,051.43 kB
dist-prod/assets/form-designer-B4WFYxFL.js                                   1,071.25 kB
dist-prod/assets/echarts-CPiKKwsc.js                                         1,118.37 kB
dist-prod/assets/index-BWZFsVu5.js                                           1,587.48 kB

✓ built in 17.39s
